ISO-10303-21;
HEADER;

/* File generated by Shapr3D Version 5.890.9070.0 */

FILE_DESCRIPTION(('HOOPS Exchange Step'),'2;1');

FILE_NAME('C:\\Users\\Nhatkhongbuon\\AppData\\Local\\Packages\\Shapr3D.Shapr3D_dvv5p1vgwv6mp\\TempState\\export\\temp_export',
'2025-06-27T01:18:25-17:00',
('Nhatkhongbuon'),
('Shapr3D Limited'),
'HOOPS Exchange 2024.8',
'Shapr3D',
'Authorized');

FILE_SCHEMA( ('AP242_MANAGED_MODEL_BASED_3D_ENGINEERING_MIM_LF {1 0 10303 442 1 1 4}') );

ENDSEC;

DATA;
#3=(NAMED_UNIT(*)PLANE_ANGLE_UNIT()SI_UNIT($,.RADIAN.));
#4=PLANE_ANGLE_MEASURE_WITH_UNIT(PLANE_ANGLE_MEASURE(0.0174532925),#3);
#5=(CONVERSION_BASED_UNIT('DEGREE',#4)NAMED_UNIT(#6)PLANE_ANGLE_UNIT());
#6=DIMENSIONAL_EXPONENTS(0.,0.,0.,0.,0.,0.,0.);
#7=(NAMED_UNIT(*)SI_UNIT($,.STERADIAN.)SOLID_ANGLE_UNIT());
#8=(LENGTH_UNIT()NAMED_UNIT(*)SI_UNIT(.MILLI.,.METRE.));
#9=UNCERTAINTY_MEASURE_WITH_UNIT(LENGTH_MEASURE(1.000000E-03),#8,'DISTANCE_ACCURACY_VALUE','Maximum Tolerance applied to model');
#10=(GEOMETRIC_REPRESENTATION_CONTEXT(3)GLOBAL_UNCERTAINTY_ASSIGNED_CONTEXT((#9))GLOBAL_UNIT_ASSIGNED_CONTEXT((#8,#5,#7))REPRESENTATION_CONTEXT('','root'));
#12=CARTESIAN_POINT('',(0.,0.,0.));
#13=DIRECTION('',(0.,0.,1.));
#14=DIRECTION('',(1.,0.,0.));
#15=AXIS2_PLACEMENT_3D('',#12,#13,#14);
#26=(NAMED_UNIT(*)PLANE_ANGLE_UNIT()SI_UNIT($,.RADIAN.));
#27=PLANE_ANGLE_MEASURE_WITH_UNIT(PLANE_ANGLE_MEASURE(0.0174532925),#26);
#28=(CONVERSION_BASED_UNIT('DEGREE',#27)NAMED_UNIT(#29)PLANE_ANGLE_UNIT());
#29=DIMENSIONAL_EXPONENTS(0.,0.,0.,0.,0.,0.,0.);
#30=(NAMED_UNIT(*)SI_UNIT($,.STERADIAN.)SOLID_ANGLE_UNIT());
#31=(LENGTH_UNIT()NAMED_UNIT(*)SI_UNIT(.MILLI.,.METRE.));
#32=UNCERTAINTY_MEASURE_WITH_UNIT(LENGTH_MEASURE(1.000000E-05),#31,'DISTANCE_ACCURACY_VALUE','Maximum Tolerance applied to model');
#33=(GEOMETRIC_REPRESENTATION_CONTEXT(3)GLOBAL_UNCERTAINTY_ASSIGNED_CONTEXT((#32))GLOBAL_UNIT_ASSIGNED_CONTEXT((#31,#28,#30))REPRESENTATION_CONTEXT('','2520 SMD Crystal Oscillator.STEP'));
#45=CARTESIAN_POINT('',(0.,0.,0.));
#46=DIRECTION('',(0.,0.,1.));
#47=DIRECTION('',(1.,0.,-0.));
#48=AXIS2_PLACEMENT_3D('',#45,#46,#47);
#49=ITEM_DEFINED_TRANSFORMATION('','',#48,#15);
#50=(REPRESENTATION_RELATIONSHIP('','',#35,#16)REPRESENTATION_RELATIONSHIP_WITH_TRANSFORMATION(#49)SHAPE_REPRESENTATION_RELATIONSHIP());
#51=NEXT_ASSEMBLY_USAGE_OCCURRENCE('2520 SMD Crystal Oscillator.STEP_1','2520 SMD Crystal Oscillator.STEP','2520 SMD Crystal Oscillator.STEP',#25,#44,$);
#52=PRODUCT_DEFINITION_SHAPE('','',#51);
#53=CONTEXT_DEPENDENT_SHAPE_REPRESENTATION(#50,#52);
#55=CARTESIAN_POINT('',(-0.6,0.500275,0.319725));
#56=DIRECTION('',(0.,0.,1.));
#57=DIRECTION('',(0.,-1.,0.));
#58=AXIS2_PLACEMENT_3D('',#55,#56,#57);
#59=TOROIDAL_SURFACE('',#58,0.08,0.02);
#60=CARTESIAN_POINT('',(-0.6,0.400275,0.319225));
#61=VERTEX_POINT('',#60);
#62=CARTESIAN_POINT('',(-0.6,0.420275,0.299725));
#63=VERTEX_POINT('',#62);
#64=CARTESIAN_POINT('',(-0.6,0.420275,0.319725));
#65=DIRECTION('',(1.,-0.,-0.));
#66=DIRECTION('',(0.,-1.,0.));
#67=AXIS2_PLACEMENT_3D('',#64,#65,#66);
#68=CIRCLE('',#67,0.02);
#69=EDGE_CURVE('',#61,#63,#68,.T.);
#70=ORIENTED_EDGE('',*,*,#69,.F.);
#71=CARTESIAN_POINT('',(-0.6,0.500275,0.319725));
#72=DIRECTION('',(-0.,-0.,-1.));
#73=DIRECTION('',(0.,-1.,0.));
#74=AXIS2_PLACEMENT_3D('',#71,#72,#73);
#75=CIRCLE('',#74,0.1);
#76=EDGE_CURVE('NONE',#61,#61,#75,.T.);
#77=ORIENTED_EDGE('',*,*,#76,.F.);
#78=ORIENTED_EDGE('',*,*,#69,.T.);
#79=CARTESIAN_POINT('',(-0.6,0.500275,0.299725));
#80=DIRECTION('',(0.,0.,1.));
#81=DIRECTION('',(0.,-1.,0.));
#82=AXIS2_PLACEMENT_3D('',#79,#80,#81);
#83=CIRCLE('',#82,0.08);
#84=EDGE_CURVE('NONE',#63,#63,#83,.T.);
#85=ORIENTED_EDGE('',*,*,#84,.F.);
#86=EDGE_LOOP('',(#70,#77,#78,#85));
#87=FACE_BOUND('',#86,.T.);
#88=ADVANCED_FACE('NONE',(#87),#59,.F.);
#89=DRAUGHTING_PRE_DEFINED_COLOUR('black');
#90=FILL_AREA_STYLE_COLOUR('',#89);
#91=FILL_AREA_STYLE('',(#90));
#92=SURFACE_STYLE_FILL_AREA(#91);
#93=SURFACE_SIDE_STYLE('',(#92));
#94=SURFACE_STYLE_USAGE(.BOTH.,#93);
#95=PRESENTATION_STYLE_ASSIGNMENT((#94));
#96=OVER_RIDING_STYLED_ITEM('',(#95),#88,#54);
#97=CARTESIAN_POINT('',(-0.6,0.500275,0.329725));
#98=DIRECTION('',(0.,0.,1.));
#99=DIRECTION('',(0.,-1.,0.));
#100=AXIS2_PLACEMENT_3D('',#97,#98,#99);
#101=TOROIDAL_SURFACE('',#100,0.12,0.02);
#102=CARTESIAN_POINT('',(-0.6,0.400275,0.329725));
#103=VERTEX_POINT('',#102);
#104=CARTESIAN_POINT('',(-0.6,0.380275,0.349725));
#105=VERTEX_POINT('',#104);
#106=CARTESIAN_POINT('',(-0.6,0.380275,0.329725));
#107=DIRECTION('',(1.,-0.,-0.));
#108=DIRECTION('',(0.,-1.,0.));
#109=AXIS2_PLACEMENT_3D('',#106,#107,#108);
#110=CIRCLE('',#109,0.02);
#111=EDGE_CURVE('',#103,#105,#110,.T.);
#112=ORIENTED_EDGE('',*,*,#111,.T.);
#113=CARTESIAN_POINT('',(-0.6,0.500275,0.349725));
#114=DIRECTION('',(-0.,-0.,-1.));
#115=DIRECTION('',(0.,-1.,0.));
#116=AXIS2_PLACEMENT_3D('',#113,#114,#115);
#117=CIRCLE('',#116,0.12);
#118=EDGE_CURVE('NONE',#105,#105,#117,.T.);
#119=ORIENTED_EDGE('',*,*,#118,.F.);
#120=ORIENTED_EDGE('',*,*,#111,.F.);
#121=CARTESIAN_POINT('',(-0.6,0.500275,0.329725));
#122=DIRECTION('',(0.,0.,1.));
#123=DIRECTION('',(0.,-1.,0.));
#124=AXIS2_PLACEMENT_3D('',#121,#122,#123);
#125=CIRCLE('',#124,0.1);
#126=EDGE_CURVE('NONE',#103,#103,#125,.T.);
#127=ORIENTED_EDGE('',*,*,#126,.F.);
#128=EDGE_LOOP('',(#112,#119,#120,#127));
#129=FACE_BOUND('',#128,.T.);
#130=ADVANCED_FACE('NONE',(#129),#101,.T.);
#131=CARTESIAN_POINT('',(-0.6,0.500275,0.349725));
#132=DIRECTION('',(0.,0.,1.));
#133=DIRECTION('',(0.,-1.,0.));
#134=AXIS2_PLACEMENT_3D('',#131,#132,#133);
#135=CYLINDRICAL_SURFACE('',#134,0.1);
#136=CARTESIAN_POINT('',(-0.6,0.400275,0.329725));
#137=DIRECTION('',(-0.,-0.,-1.));
#138=VECTOR('',#137,0.011);
#139=LINE('',#136,#138);
#140=EDGE_CURVE('',#103,#61,#139,.T.);
#141=ORIENTED_EDGE('',*,*,#140,.F.);
#142=ORIENTED_EDGE('',*,*,#126,.T.);
#143=ORIENTED_EDGE('',*,*,#140,.T.);
#144=ORIENTED_EDGE('',*,*,#76,.T.);
#145=EDGE_LOOP('',(#141,#142,#143,#144));
#146=FACE_BOUND('',#145,.T.);
#147=ADVANCED_FACE('NONE',(#146),#135,.F.);
#148=OVER_RIDING_STYLED_ITEM('',(#95),#147,#54);
#149=CARTESIAN_POINT('',(-0.95,-0.399725,0.349725));
#150=DIRECTION('',(0.,0.,1.));
#151=DIRECTION('',(0.,-1.,0.));
#152=AXIS2_PLACEMENT_3D('',#149,#150,#151);
#153=PLANE('',#152);
#154=ORIENTED_EDGE('',*,*,#118,.T.);
#155=EDGE_LOOP('',(#154));
#156=FACE_BOUND('',#155,.T.);
#157=CARTESIAN_POINT('',(0.225714286,-0.06985487,0.349725));
#158=VERTEX_POINT('',#157);
#159=CARTESIAN_POINT('',(0.267272727,-0.064660065,0.349725));
#160=VERTEX_POINT('',#159);
#161=CARTESIAN_POINT('',(0.225714286,-0.06985487,0.349725));
#162=DIRECTION('',(0.992277877,0.124034735,-0.));
#163=VECTOR('',#162,0.041881858);
#164=LINE('',#161,#163);
#165=EDGE_CURVE('NONE',#158,#160,#164,.T.);
#166=ORIENTED_EDGE('',*,*,#165,.T.);
#167=CARTESIAN_POINT('',(0.363047122,-0.158166406,0.349725));
#168=VERTEX_POINT('',#167);
#169=CARTESIAN_POINT('',(0.267272727,-0.064660065,0.349725));
#170=CARTESIAN_POINT('',(0.268690345,-0.077054775,0.349725));
#171=CARTESIAN_POINT('',(0.270542852,-0.089482144,0.349725));
#172=CARTESIAN_POINT('',(0.274719703,-0.101237371,0.349725));
#173=CARTESIAN_POINT('',(0.276808129,-0.107114985,0.349725));
#174=CARTESIAN_POINT('',(0.279373632,-0.112859467,0.349725));
#175=CARTESIAN_POINT('',(0.28274918,-0.1181024,0.349725));
#176=CARTESIAN_POINT('',(0.286124728,-0.123345332,0.349725));
#177=CARTESIAN_POINT('',(0.290181664,-0.128159426,0.349725));
#178=CARTESIAN_POINT('',(0.294677539,-0.132480857,0.349725));
#179=CARTESIAN_POINT('',(0.303669288,-0.14112372,0.349725));
#180=CARTESIAN_POINT('',(0.314595016,-0.147743715,0.349725));
#181=CARTESIAN_POINT('',(0.32632092,-0.151997953,0.349725));
#182=CARTESIAN_POINT('',(0.332183873,-0.154125072,0.349725));
#183=CARTESIAN_POINT('',(0.338264493,-0.155660046,0.349725));
#184=CARTESIAN_POINT('',(0.344419373,-0.156680268,0.349725));
#185=CARTESIAN_POINT('',(0.350574254,-0.157700491,0.349725));
#186=CARTESIAN_POINT('',(0.356815423,-0.15797015,0.349725));
#187=CARTESIAN_POINT('',(0.363047122,-0.158166406,0.349725));
#188=B_SPLINE_CURVE_WITH_KNOTS('',3,(#169,#170,#171,#172,#173,#174,#175,#176,#177,#178,#179,#180,#181,#182,#183,#184,#185,#186,#187),.UNSPECIFIED.,.F.,.F.,(4,3,3,3,3,3,4),(0.,0.249991942,0.374987913,0.499983884,0.749975827,0.874971798,0.999967769),.UNSPECIFIED.);
#189=EDGE_CURVE('NONE',#160,#168,#188,.T.);
#190=ORIENTED_EDGE('',*,*,#189,.T.);
#191=CARTESIAN_POINT('',(0.443895984,-0.089664238,0.349725));
#192=VERTEX_POINT('',#191);
#193=CARTESIAN_POINT('',(0.363051948,-0.158166558,0.349725));
#194=CARTESIAN_POINT('',(0.373016851,-0.157964054,0.349725));
#195=CARTESIAN_POINT('',(0.383038662,-0.157267428,0.349725));
#196=CARTESIAN_POINT('',(0.392663329,-0.154689524,0.349725));
#197=CARTESIAN_POINT('',(0.402287995,-0.152111621,0.349725));
#198=CARTESIAN_POINT('',(0.411579934,-0.147988741,0.349725));
#199=CARTESIAN_POINT('',(0.419437577,-0.141851736,0.349725));
#200=CARTESIAN_POINT('',(0.427295219,-0.13571473,0.349725));
#201=CARTESIAN_POINT('',(0.433772758,-0.127765365,0.349725));
#202=CARTESIAN_POINT('',(0.437965622,-0.118727079,0.349725));
#203=CARTESIAN_POINT('',(0.440062054,-0.114207936,0.349725));
#204=CARTESIAN_POINT('',(0.441537583,-0.109406282,0.349725));
#205=CARTESIAN_POINT('',(0.442530405,-0.104523638,0.349725));
#206=CARTESIAN_POINT('',(0.443523227,-0.099640994,0.349725));
#207=CARTESIAN_POINT('',(0.443773707,-0.094638064,0.349725));
#208=CARTESIAN_POINT('',(0.443896001,-0.089664239,0.349725));
#209=B_SPLINE_CURVE_WITH_KNOTS('',3,(#193,#194,#195,#196,#197,#198,#199,#200,#201,#202,#203,#204,#205,#206,#207,#208),.UNSPECIFIED.,.F.,.F.,(4,3,3,3,3,4),(0.,0.249991273,0.499982547,0.74997382,0.874969457,0.999965093),.UNSPECIFIED.);
#210=EDGE_CURVE('NONE',#168,#192,#209,.T.);
#211=ORIENTED_EDGE('',*,*,#210,.T.);
#212=CARTESIAN_POINT('',(0.343977597,-0.014010803,0.349725));
#213=VERTEX_POINT('',#212);
#214=CARTESIAN_POINT('',(0.443896104,-0.089660065,0.349725));
#215=CARTESIAN_POINT('',(0.443718354,-0.083941872,0.349725));
#216=CARTESIAN_POINT('',(0.443319498,-0.078201983,0.349725));
#217=CARTESIAN_POINT('',(0.441856942,-0.072671421,0.349725));
#218=CARTESIAN_POINT('',(0.440394387,-0.067140859,0.349725));
#219=CARTESIAN_POINT('',(0.438126085,-0.061816166,0.349725));
#220=CARTESIAN_POINT('',(0.435055547,-0.056989936,0.349725));
#221=CARTESIAN_POINT('',(0.428914471,-0.047337477,0.349725));
#222=CARTESIAN_POINT('',(0.419499093,-0.040031595,0.349725));
#223=CARTESIAN_POINT('',(0.409131114,-0.035211083,0.349725));
#224=CARTESIAN_POINT('',(0.398763134,-0.030390571,0.349725));
#225=CARTESIAN_POINT('',(0.387853821,-0.026858963,0.349725));
#226=CARTESIAN_POINT('',(0.376924313,-0.023512019,0.349725));
#227=CARTESIAN_POINT('',(0.365994805,-0.020165075,0.349725));
#228=CARTESIAN_POINT('',(0.355000088,-0.017034265,0.349725));
#229=CARTESIAN_POINT('',(0.343977597,-0.014010803,0.349725));
#230=B_SPLINE_CURVE_WITH_KNOTS('',3,(#214,#215,#216,#217,#218,#219,#220,#221,#222,#223,#224,#225,#226,#227,#228,#229),.UNSPECIFIED.,.F.,.F.,(4,3,3,3,3,4),(0.,0.124999694,0.249999388,0.499998775,0.749998163,0.99999755),.UNSPECIFIED.);
#231=EDGE_CURVE('NONE',#192,#213,#230,.T.);
#232=ORIENTED_EDGE('',*,*,#231,.T.);
#233=CARTESIAN_POINT('',(0.236103896,0.095891883,0.349725));
#234=VERTEX_POINT('',#233);
#235=CARTESIAN_POINT('',(0.343977273,-0.014010714,0.349725));
#236=CARTESIAN_POINT('',(0.330450226,-0.010194056,0.349725));
#237=CARTESIAN_POINT('',(0.316987196,-0.006100743,0.349725));
#238=CARTESIAN_POINT('',(0.303927841,-0.000896974,0.349725));
#239=CARTESIAN_POINT('',(0.290868486,0.004306795,0.349725));
#240=CARTESIAN_POINT('',(0.278193154,0.010917254,0.349725));
#241=CARTESIAN_POINT('',(0.267842833,0.020442578,0.349725));
#242=CARTESIAN_POINT('',(0.257492512,0.029967902,0.349725));
#243=CARTESIAN_POINT('',(0.249162869,0.041698759,0.349725));
#244=CARTESIAN_POINT('',(0.243753657,0.054679159,0.349725));
#245=CARTESIAN_POINT('',(0.238344444,0.06765956,0.349725));
#246=CARTESIAN_POINT('',(0.236431035,0.081821025,0.349725));
#247=CARTESIAN_POINT('',(0.236103896,0.095891883,0.349725));
#248=B_SPLINE_CURVE_WITH_KNOTS('',3,(#235,#236,#237,#238,#239,#240,#241,#242,#243,#244,#245,#246,#247),.UNSPECIFIED.,.F.,.F.,(4,3,3,3,4),(0.,0.25,0.5,0.75,1.),.UNSPECIFIED.);
#249=EDGE_CURVE('NONE',#213,#234,#248,.T.);
#250=ORIENTED_EDGE('',*,*,#249,.T.);
#251=CARTESIAN_POINT('',(0.352175325,0.205469805,0.349725));
#252=VERTEX_POINT('',#251);
#253=CARTESIAN_POINT('',(0.236103896,0.095891883,0.349725));
#254=CARTESIAN_POINT('',(0.236274765,0.103384284,0.349725));
#255=CARTESIAN_POINT('',(0.236663457,0.110878113,0.349725));
#256=CARTESIAN_POINT('',(0.237933501,0.118265602,0.349725));
#257=CARTESIAN_POINT('',(0.239203545,0.12565309,0.349725));
#258=CARTESIAN_POINT('',(0.241218319,0.132902309,0.349725));
#259=CARTESIAN_POINT('',(0.244000761,0.139863025,0.349725));
#260=CARTESIAN_POINT('',(0.249565647,0.153784457,0.349725));
#261=CARTESIAN_POINT('',(0.258395604,0.166311231,0.349725));
#262=CARTESIAN_POINT('',(0.269351608,0.176540431,0.349725));
#263=CARTESIAN_POINT('',(0.280307612,0.186769632,0.349725));
#264=CARTESIAN_POINT('',(0.293607296,0.194429958,0.349725));
#265=CARTESIAN_POINT('',(0.307864791,0.199043656,0.349725));
#266=CARTESIAN_POINT('',(0.322122285,0.203657354,0.349725));
#267=CARTESIAN_POINT('',(0.337190759,0.205172062,0.349725));
#268=CARTESIAN_POINT('',(0.352175325,0.205469805,0.349725));
#269=B_SPLINE_CURVE_WITH_KNOTS('',3,(#253,#254,#255,#256,#257,#258,#259,#260,#261,#262,#263,#264,#265,#266,#267,#268),.UNSPECIFIED.,.F.,.F.,(4,3,3,3,3,4),(0.,0.125,0.25,0.5,0.75,1.),.UNSPECIFIED.);
#270=EDGE_CURVE('NONE',#234,#252,#269,.T.);
#271=ORIENTED_EDGE('',*,*,#270,.T.);
#272=CARTESIAN_POINT('',(0.475064935,0.085989286,0.349725));
#273=VERTEX_POINT('',#272);
#274=CARTESIAN_POINT('',(0.352175325,0.205469805,0.349725));
#275=CARTESIAN_POINT('',(0.360210288,0.205245488,0.349725));
#276=CARTESIAN_POINT('',(0.368249557,0.204968315,0.349725));
#277=CARTESIAN_POINT('',(0.376203277,0.20381477,0.349725));
#278=CARTESIAN_POINT('',(0.384156996,0.202661224,0.349725));
#279=CARTESIAN_POINT('',(0.392013355,0.200788933,0.349725));
#280=CARTESIAN_POINT('',(0.399612743,0.198176443,0.349725));
#281=CARTESIAN_POINT('',(0.41481152,0.192951462,0.349725));
#282=CARTESIAN_POINT('',(0.429016842,0.184638164,0.349725));
#283=CARTESIAN_POINT('',(0.44054691,0.173428803,0.349725));
#284=CARTESIAN_POINT('',(0.452076978,0.162219441,0.349725));
#285=CARTESIAN_POINT('',(0.460787382,0.148247367,0.349725));
#286=CARTESIAN_POINT('',(0.466426032,0.133199481,0.349725));
#287=CARTESIAN_POINT('',(0.469245357,0.125675538,0.349725));
#288=CARTESIAN_POINT('',(0.471339111,0.117873577,0.349725));
#289=CARTESIAN_POINT('',(0.472736207,0.109959564,0.349725));
#290=CARTESIAN_POINT('',(0.474133304,0.102045551,0.349725));
#291=CARTESIAN_POINT('',(0.474629093,0.094016746,0.349725));
#292=CARTESIAN_POINT('',(0.475064935,0.085989286,0.349725));
#293=B_SPLINE_CURVE_WITH_KNOTS('',3,(#274,#275,#276,#277,#278,#279,#280,#281,#282,#283,#284,#285,#286,#287,#288,#289,#290,#291,#292),.UNSPECIFIED.,.F.,.F.,(4,3,3,3,3,3,4),(0.,0.125,0.25,0.5,0.75,0.875,1.),.UNSPECIFIED.);
#294=EDGE_CURVE('NONE',#252,#273,#293,.T.);
#295=ORIENTED_EDGE('',*,*,#294,.T.);
#296=CARTESIAN_POINT('',(0.433506494,0.080794481,0.349725));
#297=VERTEX_POINT('',#296);
#298=CARTESIAN_POINT('',(0.475064935,0.085989286,0.349725));
#299=DIRECTION('',(-0.992277877,-0.124034735,0.));
#300=VECTOR('',#299,0.041881858);
#301=LINE('',#298,#300);
#302=EDGE_CURVE('NONE',#273,#297,#301,.T.);
#303=ORIENTED_EDGE('',*,*,#302,.T.);
#304=CARTESIAN_POINT('',(0.353555195,0.158716558,0.349725));
#305=VERTEX_POINT('',#304);
#306=CARTESIAN_POINT('',(0.433506494,0.080794481,0.349725));
#307=CARTESIAN_POINT('',(0.432511155,0.091237832,0.349725));
#308=CARTESIAN_POINT('',(0.430891936,0.101677841,0.349725));
#309=CARTESIAN_POINT('',(0.427457746,0.111591353,0.349725));
#310=CARTESIAN_POINT('',(0.424023556,0.121504866,0.349725));
#311=CARTESIAN_POINT('',(0.41870721,0.130863297,0.349725));
#312=CARTESIAN_POINT('',(0.411321791,0.138314622,0.349725));
#313=CARTESIAN_POINT('',(0.403936373,0.145765948,0.349725));
#314=CARTESIAN_POINT('',(0.394580861,0.151128236,0.349725));
#315=CARTESIAN_POINT('',(0.384593699,0.154346642,0.349725));
#316=CARTESIAN_POINT('',(0.374606537,0.157565048,0.349725));
#317=CARTESIAN_POINT('',(0.364043578,0.158486653,0.349725));
#318=CARTESIAN_POINT('',(0.353555195,0.158716558,0.349725));
#319=B_SPLINE_CURVE_WITH_KNOTS('',3,(#306,#307,#308,#309,#310,#311,#312,#313,#314,#315,#316,#317,#318),.UNSPECIFIED.,.F.,.F.,(4,3,3,3,4),(0.,0.25,0.5,0.75,1.),.UNSPECIFIED.);
#320=EDGE_CURVE('NONE',#297,#305,#319,.T.);
#321=ORIENTED_EDGE('',*,*,#320,.T.);
#322=CARTESIAN_POINT('',(0.277662423,0.094920305,0.349725));
#323=VERTEX_POINT('',#322);
#324=CARTESIAN_POINT('',(0.353555195,0.158716558,0.349725));
#325=CARTESIAN_POINT('',(0.344209571,0.158636512,0.349725));
#326=CARTESIAN_POINT('',(0.334836021,0.157893782,0.349725));
#327=CARTESIAN_POINT('',(0.325773179,0.155626738,0.349725));
#328=CARTESIAN_POINT('',(0.316710336,0.153359694,0.349725));
#329=CARTESIAN_POINT('',(0.307941484,0.149583098,0.349725));
#330=CARTESIAN_POINT('',(0.300548114,0.143867398,0.349725));
#331=CARTESIAN_POINT('',(0.293154743,0.138151698,0.349725));
#332=CARTESIAN_POINT('',(0.287033106,0.130709044,0.349725));
#333=CARTESIAN_POINT('',(0.28322221,0.12217477,0.349725));
#334=CARTESIAN_POINT('',(0.281316762,0.117907633,0.349725));
#335=CARTESIAN_POINT('',(0.279883888,0.113431708,0.349725));
#336=CARTESIAN_POINT('',(0.278969464,0.108850124,0.349725));
#337=CARTESIAN_POINT('',(0.278055041,0.104268539,0.349725));
#338=CARTESIAN_POINT('',(0.277799286,0.099585007,0.349725));
#339=CARTESIAN_POINT('',(0.277662409,0.094920305,0.349725));
#340=B_SPLINE_CURVE_WITH_KNOTS('',3,(#324,#325,#326,#327,#328,#329,#330,#331,#332,#333,#334,#335,#336,#337,#338,#339),.UNSPECIFIED.,.F.,.F.,(4,3,3,3,3,4),(0.,0.24999454,0.499989079,0.749983619,0.874980888,0.999978158),.UNSPECIFIED.);
#341=EDGE_CURVE('NONE',#305,#323,#340,.T.);
#342=ORIENTED_EDGE('',*,*,#341,.T.);
#343=CARTESIAN_POINT('',(0.290729945,0.05433425,0.349725));
#344=VERTEX_POINT('',#343);
#345=CARTESIAN_POINT('',(0.277662338,0.094917857,0.349725));
#346=CARTESIAN_POINT('',(0.277783652,0.091282016,0.349725));
#347=CARTESIAN_POINT('',(0.277904966,0.087646176,0.349725));
#348=CARTESIAN_POINT('',(0.278298809,0.08404004,0.349725));
#349=CARTESIAN_POINT('',(0.278692653,0.080433904,0.349725));
#350=CARTESIAN_POINT('',(0.279385333,0.076854724,0.349725));
#351=CARTESIAN_POINT('',(0.280402038,0.073358055,0.349725));
#352=CARTESIAN_POINT('',(0.281418743,0.069861385,0.349725));
#353=CARTESIAN_POINT('',(0.282741969,0.066432035,0.349725));
#354=CARTESIAN_POINT('',(0.284495325,0.063256805,0.349725));
#355=CARTESIAN_POINT('',(0.28624868,0.060081574,0.349725));
#356=CARTESIAN_POINT('',(0.288486701,0.057205034,0.349725));
#357=CARTESIAN_POINT('',(0.290729909,0.054334223,0.349725));
#358=B_SPLINE_CURVE_WITH_KNOTS('',3,(#345,#346,#347,#348,#349,#350,#351,#352,#353,#354,#355,#356,#357),.UNSPECIFIED.,.F.,.F.,(4,3,3,3,4),(0.,0.249994333,0.499988667,0.749983,0.999977333),.UNSPECIFIED.);
#359=EDGE_CURVE('NONE',#323,#344,#358,.T.);
#360=ORIENTED_EDGE('',*,*,#359,.T.);
#361=CARTESIAN_POINT('',(0.354285714,0.027710065,0.349725));
#362=VERTEX_POINT('',#361);
#363=CARTESIAN_POINT('',(0.290730519,0.054333442,0.349725));
#364=CARTESIAN_POINT('',(0.298971636,0.046115545,0.349725));
#365=CARTESIAN_POINT('',(0.309950283,0.041407937,0.349725));
#366=CARTESIAN_POINT('',(0.320849959,0.037417891,0.349725));
#367=CARTESIAN_POINT('',(0.331749635,0.033427846,0.349725));
#368=CARTESIAN_POINT('',(0.343011578,0.030491719,0.349725));
#369=CARTESIAN_POINT('',(0.354285714,0.027710065,0.349725));
#370=B_SPLINE_CURVE_WITH_KNOTS('',3,(#363,#364,#365,#366,#367,#368,#369),.UNSPECIFIED.,.F.,.F.,(4,3,4),(0.,0.5,1.),.UNSPECIFIED.);
#371=EDGE_CURVE('NONE',#344,#362,#370,.T.);
#372=ORIENTED_EDGE('',*,*,#371,.T.);
#373=CARTESIAN_POINT('',(0.423766234,0.007093182,0.349725));
#374=VERTEX_POINT('',#373);
#375=CARTESIAN_POINT('',(0.354285714,0.027710065,0.349725));
#376=CARTESIAN_POINT('',(0.366040424,0.024874253,0.349725));
#377=CARTESIAN_POINT('',(0.377757005,0.021883305,0.349725));
#378=CARTESIAN_POINT('',(0.389415916,0.018674409,0.349725));
#379=CARTESIAN_POINT('',(0.395245372,0.017069961,0.349725));
#380=CARTESIAN_POINT('',(0.401018734,0.01526877,0.349725));
#381=CARTESIAN_POINT('',(0.406756461,0.013365109,0.349725));
#382=CARTESIAN_POINT('',(0.412494188,0.011461448,0.349725));
#383=CARTESIAN_POINT('',(0.418215785,0.009495912,0.349725));
#384=CARTESIAN_POINT('',(0.423766234,0.007093182,0.349725));
#385=B_SPLINE_CURVE_WITH_KNOTS('',3,(#375,#376,#377,#378,#379,#380,#381,#382,#383,#384),.UNSPECIFIED.,.F.,.F.,(4,3,3,4),(0.,0.5,0.75,1.),.UNSPECIFIED.);
#386=EDGE_CURVE('NONE',#362,#374,#385,.T.);
#387=ORIENTED_EDGE('',*,*,#386,.T.);
#388=CARTESIAN_POINT('',(0.485454453,-0.088440255,0.349725));
#389=VERTEX_POINT('',#388);
#390=CARTESIAN_POINT('',(0.423766234,0.007093182,0.349725));
#391=CARTESIAN_POINT('',(0.432859093,0.002695122,0.349725));
#392=CARTESIAN_POINT('',(0.441800136,-0.002086405,0.349725));
#393=CARTESIAN_POINT('',(0.449669469,-0.008422331,0.349725));
#394=CARTESIAN_POINT('',(0.457538802,-0.014758257,0.349725));
#395=CARTESIAN_POINT('',(0.464445475,-0.022279579,0.349725));
#396=CARTESIAN_POINT('',(0.469900851,-0.030779327,0.349725));
#397=CARTESIAN_POINT('',(0.475356227,-0.039279076,0.349725));
#398=CARTESIAN_POINT('',(0.479335819,-0.04867938,0.349725));
#399=CARTESIAN_POINT('',(0.481872718,-0.05845755,0.349725));
#400=CARTESIAN_POINT('',(0.484409617,-0.068235719,0.349725));
#401=CARTESIAN_POINT('',(0.485128182,-0.0783503,0.349725));
#402=CARTESIAN_POINT('',(0.485454472,-0.088440254,0.349725));
#403=B_SPLINE_CURVE_WITH_KNOTS('',3,(#390,#391,#392,#393,#394,#395,#396,#397,#398,#399,#400,#401,#402),.UNSPECIFIED.,.F.,.F.,(4,3,3,3,4),(0.,0.249995298,0.499990595,0.749985893,0.99998119),.UNSPECIFIED.);
#404=EDGE_CURVE('NONE',#374,#389,#403,.T.);
#405=ORIENTED_EDGE('',*,*,#404,.T.);
#406=CARTESIAN_POINT('',(0.359480519,-0.204919805,0.349725));
#407=VERTEX_POINT('',#406);
#408=CARTESIAN_POINT('',(0.485454545,-0.088442532,0.349725));
#409=CARTESIAN_POINT('',(0.485192694,-0.096489834,0.349725));
#410=CARTESIAN_POINT('',(0.484805817,-0.104540873,0.349725));
#411=CARTESIAN_POINT('',(0.483279153,-0.112444232,0.349725));
#412=CARTESIAN_POINT('',(0.481752488,-0.120347591,0.349725));
#413=CARTESIAN_POINT('',(0.479396377,-0.128095215,0.349725));
#414=CARTESIAN_POINT('',(0.47624852,-0.135497998,0.349725));
#415=CARTESIAN_POINT('',(0.469952806,-0.150303564,0.349725));
#416=CARTESIAN_POINT('',(0.460701245,-0.163943626,0.349725));
#417=CARTESIAN_POINT('',(0.448821643,-0.174802844,0.349725));
#418=CARTESIAN_POINT('',(0.436942041,-0.185662061,0.349725));
#419=CARTESIAN_POINT('',(0.422512475,-0.193671853,0.349725));
#420=CARTESIAN_POINT('',(0.407128462,-0.198372378,0.349725));
#421=CARTESIAN_POINT('',(0.39174445,-0.203072904,0.349725));
#422=CARTESIAN_POINT('',(0.375572999,-0.204522446,0.349725));
#423=CARTESIAN_POINT('',(0.359480519,-0.204919805,0.349725));
#424=B_SPLINE_CURVE_WITH_KNOTS('',3,(#408,#409,#410,#411,#412,#413,#414,#415,#416,#417,#418,#419,#420,#421,#422,#423),.UNSPECIFIED.,.F.,.F.,(4,3,3,3,3,4),(0.,0.125,0.25,0.5,0.75,1.),.UNSPECIFIED.);
#425=EDGE_CURVE('NONE',#389,#407,#424,.T.);
#426=ORIENTED_EDGE('',*,*,#425,.T.);
#427=CARTESIAN_POINT('',(0.359480519,-0.204919805,0.349725));
#428=CARTESIAN_POINT('',(0.341636488,-0.204545634,0.349725));
#429=CARTESIAN_POINT('',(0.323679097,-0.202518271,0.349725));
#430=CARTESIAN_POINT('',(0.30689199,-0.196461194,0.349725));
#431=CARTESIAN_POINT('',(0.290104882,-0.190404117,0.349725));
#432=CARTESIAN_POINT('',(0.274674686,-0.180574632,0.349725));
#433=CARTESIAN_POINT('',(0.262263951,-0.167749215,0.349725));
#434=CARTESIAN_POINT('',(0.249853217,-0.154923799,0.349725));
#435=CARTESIAN_POINT('',(0.240531068,-0.139246963,0.349725));
#436=CARTESIAN_POINT('',(0.234610149,-0.122411962,0.349725));
#437=CARTESIAN_POINT('',(0.22868923,-0.105576962,0.349725));
#438=CARTESIAN_POINT('',(0.226482906,-0.087684028,0.349725));
#439=CARTESIAN_POINT('',(0.225714286,-0.06985487,0.349725));
#440=B_SPLINE_CURVE_WITH_KNOTS('',3,(#427,#428,#429,#430,#431,#432,#433,#434,#435,#436,#437,#438,#439),.UNSPECIFIED.,.F.,.F.,(4,3,3,3,4),(0.,0.25,0.5,0.75,1.),.UNSPECIFIED.);
#441=EDGE_CURVE('NONE',#407,#158,#440,.T.);
#442=ORIENTED_EDGE('',*,*,#441,.T.);
#443=EDGE_LOOP('',(#166,#190,#211,#232,#250,#271,#295,#303,#321,#342,#360,#372,#387,#405,#426,#442));
#444=FACE_BOUND('',#443,.T.);
#445=CARTESIAN_POINT('',(0.837662338,-0.05946526,0.349725));
#446=VERTEX_POINT('',#445);
#447=CARTESIAN_POINT('',(0.879220779,-0.06985487,0.349725));
#448=VERTEX_POINT('',#447);
#449=CARTESIAN_POINT('',(0.837662338,-0.05946526,0.349725));
#450=DIRECTION('',(0.9701425,-0.242535625,0.));
#451=VECTOR('',#450,0.042837461);
#452=LINE('',#449,#451);
#453=EDGE_CURVE('NONE',#446,#448,#452,.T.);
#454=ORIENTED_EDGE('',*,*,#453,.T.);
#455=CARTESIAN_POINT('',(0.742694805,-0.204919805,0.349725));
#456=VERTEX_POINT('',#455);
#457=CARTESIAN_POINT('',(0.879220779,-0.06985487,0.349725));
#458=CARTESIAN_POINT('',(0.875377666,-0.08694194,0.349725));
#459=CARTESIAN_POINT('',(0.870769231,-0.103914226,0.349725));
#460=CARTESIAN_POINT('',(0.863843501,-0.120001623,0.349725));
#461=CARTESIAN_POINT('',(0.856917771,-0.136089021,0.349725));
#462=CARTESIAN_POINT('',(0.848028268,-0.151486817,0.349725));
#463=CARTESIAN_POINT('',(0.836228394,-0.16442796,0.349725));
#464=CARTESIAN_POINT('',(0.824428521,-0.177369103,0.349725));
#465=CARTESIAN_POINT('',(0.810028165,-0.188034772,0.349725));
#466=CARTESIAN_POINT('',(0.793913804,-0.194913321,0.349725));
#467=CARTESIAN_POINT('',(0.777799444,-0.201791869,0.349725));
#468=CARTESIAN_POINT('',(0.760217779,-0.204599322,0.349725));
#469=CARTESIAN_POINT('',(0.742694805,-0.204919805,0.349725));
#470=B_SPLINE_CURVE_WITH_KNOTS('',3,(#457,#458,#459,#460,#461,#462,#463,#464,#465,#466,#467,#468,#469),.UNSPECIFIED.,.F.,.F.,(4,3,3,3,4),(0.,0.25,0.5,0.75,1.),.UNSPECIFIED.);
#471=EDGE_CURVE('NONE',#448,#456,#470,.T.);
#472=ORIENTED_EDGE('',*,*,#471,.T.);
#473=CARTESIAN_POINT('',(0.593506494,0.002953571,0.349725));
#474=VERTEX_POINT('',#473);
#475=CARTESIAN_POINT('',(0.742694805,-0.204919805,0.349725));
#476=CARTESIAN_POINT('',(0.718705445,-0.204588787,0.349725));
#477=CARTESIAN_POINT('',(0.694426196,-0.19981713,0.349725));
#478=CARTESIAN_POINT('',(0.673680237,-0.187790559,0.349725));
#479=CARTESIAN_POINT('',(0.652934278,-0.175763987,0.349725));
#480=CARTESIAN_POINT('',(0.636832426,-0.156783946,0.349725));
#481=CARTESIAN_POINT('',(0.625256756,-0.135769944,0.349725));
#482=CARTESIAN_POINT('',(0.613681087,-0.114755942,0.349725));
#483=CARTESIAN_POINT('',(0.605418992,-0.091986509,0.349725));
#484=CARTESIAN_POINT('',(0.600470643,-0.068522329,0.349725));
#485=CARTESIAN_POINT('',(0.595522294,-0.045058149,0.349725));
#486=CARTESIAN_POINT('',(0.593759712,-0.021029175,0.349725));
#487=CARTESIAN_POINT('',(0.593506494,0.002953571,0.349725));
#488=B_SPLINE_CURVE_WITH_KNOTS('',3,(#475,#476,#477,#478,#479,#480,#481,#482,#483,#484,#485,#486,#487),.UNSPECIFIED.,.F.,.F.,(4,3,3,3,4),(0.,0.25,0.5,0.75,1.),.UNSPECIFIED.);
#489=EDGE_CURVE('NONE',#456,#474,#488,.T.);
#490=ORIENTED_EDGE('',*,*,#489,.T.);
#491=CARTESIAN_POINT('',(0.746428571,0.205469805,0.349725));
#492=VERTEX_POINT('',#491);
#493=CARTESIAN_POINT('',(0.593506494,0.002953571,0.349725));
#494=CARTESIAN_POINT('',(0.593758756,0.02668327,0.349725));
#495=CARTESIAN_POINT('',(0.595522125,0.050473956,0.349725));
#496=CARTESIAN_POINT('',(0.600687603,0.073631398,0.349725));
#497=CARTESIAN_POINT('',(0.605853082,0.09678884,0.349725));
#498=CARTESIAN_POINT('',(0.61478541,0.119134455,0.349725));
#499=CARTESIAN_POINT('',(0.627438529,0.139210658,0.349725));
#500=CARTESIAN_POINT('',(0.640091649,0.159286861,0.349725));
#501=CARTESIAN_POINT('',(0.657540618,0.176396629,0.349725));
#502=CARTESIAN_POINT('',(0.678225562,0.188038162,0.349725));
#503=CARTESIAN_POINT('',(0.698910506,0.199679695,0.349725));
#504=CARTESIAN_POINT('',(0.722688693,0.205159847,0.349725));
#505=CARTESIAN_POINT('',(0.746428571,0.205469805,0.349725));
#506=B_SPLINE_CURVE_WITH_KNOTS('',3,(#493,#494,#495,#496,#497,#498,#499,#500,#501,#502,#503,#504,#505),.UNSPECIFIED.,.F.,.F.,(4,3,3,3,4),(0.,0.25,0.5,0.75,1.),.UNSPECIFIED.);
#507=EDGE_CURVE('NONE',#474,#492,#506,.T.);
#508=ORIENTED_EDGE('',*,*,#507,.T.);
#509=CARTESIAN_POINT('',(0.874025974,0.085989286,0.349725));
#510=VERTEX_POINT('',#509);
#511=CARTESIAN_POINT('',(0.746428571,0.205469805,0.349725));
#512=CARTESIAN_POINT('',(0.754363581,0.205264369,0.349725));
#513=CARTESIAN_POINT('',(0.762320817,0.204871159,0.349725));
#514=CARTESIAN_POINT('',(0.770118781,0.203396425,0.349725));
#515=CARTESIAN_POINT('',(0.777916745,0.20192169,0.349725));
#516=CARTESIAN_POINT('',(0.785602357,0.199759347,0.349725));
#517=CARTESIAN_POINT('',(0.79294346,0.196741438,0.349725));
#518=CARTESIAN_POINT('',(0.807625667,0.190705621,0.349725));
#519=CARTESIAN_POINT('',(0.820906571,0.181435613,0.349725));
#520=CARTESIAN_POINT('',(0.832061163,0.170140145,0.349725));
#521=CARTESIAN_POINT('',(0.843215755,0.158844676,0.349725));
#522=CARTESIAN_POINT('',(0.852128157,0.145414166,0.349725));
#523=CARTESIAN_POINT('',(0.858830825,0.131022329,0.349725));
#524=CARTESIAN_POINT('',(0.865533493,0.116630493,0.349725));
#525=CARTESIAN_POINT('',(0.870326318,0.101429246,0.349725));
#526=CARTESIAN_POINT('',(0.874025974,0.085989286,0.349725));
#527=B_SPLINE_CURVE_WITH_KNOTS('',3,(#511,#512,#513,#514,#515,#516,#517,#518,#519,#520,#521,#522,#523,#524,#525,#526),.UNSPECIFIED.,.F.,.F.,(4,3,3,3,3,4),(0.,0.125,0.25,0.5,0.75,1.),.UNSPECIFIED.);
#528=EDGE_CURVE('NONE',#492,#510,#527,.T.);
#529=ORIENTED_EDGE('',*,*,#528,.T.);
#530=CARTESIAN_POINT('',(0.832467532,0.075599675,0.349725));
#531=VERTEX_POINT('',#530);
#532=CARTESIAN_POINT('',(0.874025974,0.085989286,0.349725));
#533=DIRECTION('',(-0.9701425,-0.242535625,0.));
#534=VECTOR('',#533,0.042837461);
#535=LINE('',#532,#534);
#536=EDGE_CURVE('NONE',#510,#531,#535,.T.);
#537=ORIENTED_EDGE('',*,*,#536,.T.);
#538=CARTESIAN_POINT('',(0.744726561,0.158716486,0.349725));
#539=VERTEX_POINT('',#538);
#540=CARTESIAN_POINT('',(0.832467532,0.075599675,0.349725));
#541=CARTESIAN_POINT('',(0.829520293,0.086159575,0.349725));
#542=CARTESIAN_POINT('',(0.826120719,0.096618069,0.349725));
#543=CARTESIAN_POINT('',(0.821499236,0.106560777,0.349725));
#544=CARTESIAN_POINT('',(0.816877752,0.116503485,0.349725));
#545=CARTESIAN_POINT('',(0.811023222,0.125949679,0.349725));
#546=CARTESIAN_POINT('',(0.803544766,0.133966158,0.349725));
#547=CARTESIAN_POINT('',(0.796066311,0.141982636,0.349725));
#548=CARTESIAN_POINT('',(0.786986904,0.148549085,0.349725));
#549=CARTESIAN_POINT('',(0.776859252,0.152750662,0.349725));
#550=CARTESIAN_POINT('',(0.766731601,0.15695224,0.349725));
#551=CARTESIAN_POINT('',(0.755679862,0.158462336,0.349725));
#552=CARTESIAN_POINT('',(0.744726561,0.1587165,0.349725));
#553=B_SPLINE_CURVE_WITH_KNOTS('',3,(#540,#541,#542,#543,#544,#545,#546,#547,#548,#549,#550,#551,#552),.UNSPECIFIED.,.F.,.F.,(4,3,3,3,4),(0.,0.249995183,0.499990366,0.749985548,0.999980731),.UNSPECIFIED.);
#554=EDGE_CURVE('NONE',#531,#539,#553,.T.);
#555=ORIENTED_EDGE('',*,*,#554,.T.);
#556=CARTESIAN_POINT('',(0.635064935,0.002953571,0.349725));
#557=VERTEX_POINT('',#556);
#558=CARTESIAN_POINT('',(0.744724026,0.158716558,0.349725));
#559=CARTESIAN_POINT('',(0.73576728,0.15838472,0.349725));
#560=CARTESIAN_POINT('',(0.726801416,0.157786773,0.349725));
#561=CARTESIAN_POINT('',(0.718097888,0.155641701,0.349725));
#562=CARTESIAN_POINT('',(0.70939436,0.15349663,0.349725));
#563=CARTESIAN_POINT('',(0.70096071,0.150224714,0.349725));
#564=CARTESIAN_POINT('',(0.693235588,0.145684101,0.349725));
#565=CARTESIAN_POINT('',(0.677785343,0.136602875,0.349725));
#566=CARTESIAN_POINT('',(0.665698746,0.122573286,0.349725));
#567=CARTESIAN_POINT('',(0.657066054,0.106887819,0.349725));
#568=CARTESIAN_POINT('',(0.648433363,0.091202352,0.349725));
#569=CARTESIAN_POINT('',(0.642752097,0.07399423,0.349725));
#570=CARTESIAN_POINT('',(0.639474127,0.056396719,0.349725));
#571=CARTESIAN_POINT('',(0.636196157,0.038799208,0.349725));
#572=CARTESIAN_POINT('',(0.63528625,0.020850735,0.349725));
#573=CARTESIAN_POINT('',(0.635064935,0.002953571,0.349725));
#574=B_SPLINE_CURVE_WITH_KNOTS('',3,(#558,#559,#560,#561,#562,#563,#564,#565,#566,#567,#568,#569,#570,#571,#572,#573),.UNSPECIFIED.,.F.,.F.,(4,3,3,3,3,4),(0.,0.125,0.25,0.5,0.75,1.),.UNSPECIFIED.);
#575=EDGE_CURVE('NONE',#539,#557,#574,.T.);
#576=ORIENTED_EDGE('',*,*,#575,.T.);
#577=CARTESIAN_POINT('',(0.741393503,-0.158166463,0.349725));
#578=VERTEX_POINT('',#577);
#579=CARTESIAN_POINT('',(0.635064935,0.002953571,0.349725));
#580=CARTESIAN_POINT('',(0.635350678,-0.015125951,0.349725));
#581=CARTESIAN_POINT('',(0.636036741,-0.03325471,0.349725));
#582=CARTESIAN_POINT('',(0.638998686,-0.051092175,0.349725));
#583=CARTESIAN_POINT('',(0.641960631,-0.06892964,0.349725));
#584=CARTESIAN_POINT('',(0.646661328,-0.086646884,0.349725));
#585=CARTESIAN_POINT('',(0.654911443,-0.102744421,0.349725));
#586=CARTESIAN_POINT('',(0.663161558,-0.118841958,0.349725));
#587=CARTESIAN_POINT('',(0.674986854,-0.133287944,0.349725));
#588=CARTESIAN_POINT('',(0.690018476,-0.143364187,0.349725));
#589=CARTESIAN_POINT('',(0.697534287,-0.148402308,0.349725));
#590=CARTESIAN_POINT('',(0.705874926,-0.152171029,0.349725));
#591=CARTESIAN_POINT('',(0.714577634,-0.154633616,0.349725));
#592=CARTESIAN_POINT('',(0.723280342,-0.157096202,0.349725));
#593=CARTESIAN_POINT('',(0.732356782,-0.157876374,0.349725));
#594=CARTESIAN_POINT('',(0.741393502,-0.158166475,0.349725));
#595=B_SPLINE_CURVE_WITH_KNOTS('',3,(#579,#580,#581,#582,#583,#584,#585,#586,#587,#588,#589,#590,#591,#592,#593,#594),.UNSPECIFIED.,.F.,.F.,(4,3,3,3,3,4),(0.,0.249997003,0.499994007,0.74999101,0.874989511,0.999988013),.UNSPECIFIED.);
#596=EDGE_CURVE('NONE',#557,#578,#595,.T.);
#597=ORIENTED_EDGE('',*,*,#596,.T.);
#598=CARTESIAN_POINT('',(0.741396104,-0.158166558,0.349725));
#599=CARTESIAN_POINT('',(0.754007774,-0.157819698,0.349725));
#600=CARTESIAN_POINT('',(0.766710272,-0.155834978,0.349725));
#601=CARTESIAN_POINT('',(0.778170184,-0.150569883,0.349725));
#602=CARTESIAN_POINT('',(0.789630096,-0.145304788,0.349725));
#603=CARTESIAN_POINT('',(0.799989135,-0.137646965,0.349725));
#604=CARTESIAN_POINT('',(0.808340979,-0.12819534,0.349725));
#605=CARTESIAN_POINT('',(0.816692823,-0.118743715,0.349725));
#606=CARTESIAN_POINT('',(0.822917622,-0.107564025,0.349725));
#607=CARTESIAN_POINT('',(0.827621632,-0.095865433,0.349725));
#608=CARTESIAN_POINT('',(0.832325642,-0.084166841,0.349725));
#609=CARTESIAN_POINT('',(0.835311338,-0.071855505,0.349725));
#610=CARTESIAN_POINT('',(0.837662338,-0.05946526,0.349725));
#611=B_SPLINE_CURVE_WITH_KNOTS('',3,(#598,#599,#600,#601,#602,#603,#604,#605,#606,#607,#608,#609,#610),.UNSPECIFIED.,.F.,.F.,(4,3,3,3,4),(0.,0.25,0.5,0.75,1.),.UNSPECIFIED.);
#612=EDGE_CURVE('NONE',#578,#446,#611,.T.);
#613=ORIENTED_EDGE('',*,*,#612,.T.);
#614=EDGE_LOOP('',(#454,#472,#490,#508,#529,#537,#555,#576,#597,#613));
#615=FACE_BOUND('',#614,.T.);
#616=CARTESIAN_POINT('',(0.034545455,0.509365909,0.349725));
#617=VERTEX_POINT('',#616);
#618=CARTESIAN_POINT('',(0.076103896,0.514560714,0.349725));
#619=VERTEX_POINT('',#618);
#620=CARTESIAN_POINT('',(0.034545455,0.509365909,0.349725));
#621=DIRECTION('',(0.992277877,0.124034735,-0.));
#622=VECTOR('',#621,0.041881858);
#623=LINE('',#620,#622);
#624=EDGE_CURVE('NONE',#617,#619,#623,.T.);
#625=ORIENTED_EDGE('',*,*,#624,.T.);
#626=CARTESIAN_POINT('',(0.137302977,0.436638731,0.349725));
#627=VERTEX_POINT('',#626);
#628=CARTESIAN_POINT('',(0.076103896,0.514560714,0.349725));
#629=CARTESIAN_POINT('',(0.077299504,0.505569851,0.349725));
#630=CARTESIAN_POINT('',(0.078776396,0.496584556,0.349725));
#631=CARTESIAN_POINT('',(0.081366894,0.487899629,0.349725));
#632=CARTESIAN_POINT('',(0.083957392,0.479214701,0.349725));
#633=CARTESIAN_POINT('',(0.087429559,0.470721676,0.349725));
#634=CARTESIAN_POINT('',(0.092360021,0.463111012,0.349725));
#635=CARTESIAN_POINT('',(0.097290484,0.455500348,0.349725));
#636=CARTESIAN_POINT('',(0.103837462,0.448915052,0.349725));
#637=CARTESIAN_POINT('',(0.111509277,0.444074534,0.349725));
#638=CARTESIAN_POINT('',(0.115345184,0.441654274,0.349725));
#639=CARTESIAN_POINT('',(0.119496474,0.439714631,0.349725));
#640=CARTESIAN_POINT('',(0.123865686,0.438497658,0.349725));
#641=CARTESIAN_POINT('',(0.128234897,0.437280685,0.349725));
#642=CARTESIAN_POINT('',(0.132773524,0.436802164,0.349725));
#643=CARTESIAN_POINT('',(0.137302976,0.436638716,0.349725));
#644=B_SPLINE_CURVE_WITH_KNOTS('',3,(#628,#629,#630,#631,#632,#633,#634,#635,#636,#637,#638,#639,#640,#641,#642,#643),.UNSPECIFIED.,.F.,.F.,(4,3,3,3,3,4),(0.,0.249994904,0.499989809,0.749984713,0.874982165,0.999979617),.UNSPECIFIED.);
#645=EDGE_CURVE('NONE',#619,#627,#644,.T.);
#646=ORIENTED_EDGE('',*,*,#645,.T.);
#647=CARTESIAN_POINT('',(0.205974026,0.534203571,0.349725));
#648=VERTEX_POINT('',#647);
#649=CARTESIAN_POINT('',(0.137305195,0.436638636,0.349725));
#650=CARTESIAN_POINT('',(0.142837049,0.436819494,0.349725));
#651=CARTESIAN_POINT('',(0.148372302,0.437422159,0.349725));
#652=CARTESIAN_POINT('',(0.153663776,0.439036286,0.349725));
#653=CARTESIAN_POINT('',(0.15895525,0.440650412,0.349725));
#654=CARTESIAN_POINT('',(0.163927278,0.443210043,0.349725));
#655=CARTESIAN_POINT('',(0.168520204,0.446288213,0.349725));
#656=CARTESIAN_POINT('',(0.17311313,0.449366383,0.349725));
#657=CARTESIAN_POINT('',(0.177229685,0.453119615,0.349725));
#658=CARTESIAN_POINT('',(0.180960102,0.457201395,0.349725));
#659=CARTESIAN_POINT('',(0.184690519,0.461283175,0.349725));
#660=CARTESIAN_POINT('',(0.188119541,0.465660319,0.349725));
#661=CARTESIAN_POINT('',(0.190963217,0.470401178,0.349725));
#662=CARTESIAN_POINT('',(0.196650568,0.479882898,0.349725));
#663=CARTESIAN_POINT('',(0.200546881,0.490412455,0.349725));
#664=CARTESIAN_POINT('',(0.202791166,0.501242209,0.349725));
#665=CARTESIAN_POINT('',(0.205035451,0.512071963,0.349725));
#666=CARTESIAN_POINT('',(0.205804677,0.523145629,0.349725));
#667=CARTESIAN_POINT('',(0.205974026,0.534203571,0.349725));
#668=B_SPLINE_CURVE_WITH_KNOTS('',3,(#649,#650,#651,#652,#653,#654,#655,#656,#657,#658,#659,#660,#661,#662,#663,#664,#665,#666,#667),.UNSPECIFIED.,.F.,.F.,(4,3,3,3,3,3,4),(0.,0.125,0.25,0.375,0.5,0.75,1.),.UNSPECIFIED.);
#669=EDGE_CURVE('NONE',#627,#648,#668,.T.);
#670=ORIENTED_EDGE('',*,*,#669,.T.);
#671=CARTESIAN_POINT('',(0.138362229,0.623651537,0.349725));
#672=VERTEX_POINT('',#671);
#673=CARTESIAN_POINT('',(0.205974026,0.534203571,0.349725));
#674=CARTESIAN_POINT('',(0.205777924,0.5446858,0.349725));
#675=CARTESIAN_POINT('',(0.205138068,0.555203696,0.349725));
#676=CARTESIAN_POINT('',(0.202870381,0.565441229,0.349725));
#677=CARTESIAN_POINT('',(0.200602694,0.575678762,0.349725));
#678=CARTESIAN_POINT('',(0.196859233,0.585685984,0.349725));
#679=CARTESIAN_POINT('',(0.191032158,0.594402135,0.349725));
#680=CARTESIAN_POINT('',(0.185205082,0.603118286,0.349725));
#681=CARTESIAN_POINT('',(0.177552008,0.610666898,0.349725));
#682=CARTESIAN_POINT('',(0.168500178,0.615970844,0.349725));
#683=CARTESIAN_POINT('',(0.163974263,0.618622817,0.349725));
#684=CARTESIAN_POINT('',(0.159016894,0.62049072,0.349725));
#685=CARTESIAN_POINT('',(0.153942627,0.621800157,0.349725));
#686=CARTESIAN_POINT('',(0.14886836,0.623109593,0.349725));
#687=CARTESIAN_POINT('',(0.143596398,0.623451471,0.349725));
#688=CARTESIAN_POINT('',(0.13836223,0.623651553,0.349725));
#689=B_SPLINE_CURVE_WITH_KNOTS('',3,(#673,#674,#675,#676,#677,#678,#679,#680,#681,#682,#683,#684,#685,#686,#687,#688),.UNSPECIFIED.,.F.,.F.,(4,3,3,3,3,4),(0.,0.24999634,0.499992681,0.749989021,0.874987191,0.999985361),.UNSPECIFIED.);
#690=EDGE_CURVE('NONE',#648,#672,#689,.T.);
#691=ORIENTED_EDGE('',*,*,#690,.T.);
#692=CARTESIAN_POINT('',(0.081298701,0.584203571,0.349725));
#693=VERTEX_POINT('',#692);
#694=CARTESIAN_POINT('',(0.13836039,0.623651623,0.349725));
#695=CARTESIAN_POINT('',(0.135309163,0.623518987,0.349725));
#696=CARTESIAN_POINT('',(0.13225789,0.623385157,0.349725));
#697=CARTESIAN_POINT('',(0.129244219,0.622927463,0.349725));
#698=CARTESIAN_POINT('',(0.126230548,0.622469768,0.349725));
#699=CARTESIAN_POINT('',(0.12325576,0.62170825,0.349725));
#700=CARTESIAN_POINT('',(0.120370759,0.620711033,0.349725));
#701=CARTESIAN_POINT('',(0.114600755,0.618716598,0.349725));
#702=CARTESIAN_POINT('',(0.109159499,0.615822774,0.349725));
#703=CARTESIAN_POINT('',(0.104189606,0.612278807,0.349725));
#704=CARTESIAN_POINT('',(0.099219713,0.608734841,0.349725));
#705=CARTESIAN_POINT('',(0.094804951,0.604449464,0.349725));
#706=CARTESIAN_POINT('',(0.090974471,0.599693975,0.349725));
#707=CARTESIAN_POINT('',(0.087143991,0.594938487,0.349725));
#708=CARTESIAN_POINT('',(0.084123305,0.589615975,0.349725));
#709=CARTESIAN_POINT('',(0.081298701,0.584203571,0.349725));
#710=B_SPLINE_CURVE_WITH_KNOTS('',3,(#694,#695,#696,#697,#698,#699,#700,#701,#702,#703,#704,#705,#706,#707,#708,#709),.UNSPECIFIED.,.F.,.F.,(4,3,3,3,3,4),(0.,0.125,0.25,0.5,0.75,1.),.UNSPECIFIED.);
#711=EDGE_CURVE('NONE',#672,#693,#710,.T.);
#712=ORIENTED_EDGE('',*,*,#711,.T.);
#713=CARTESIAN_POINT('',(0.03974026,0.590128896,0.349725));
#714=VERTEX_POINT('',#713);
#715=CARTESIAN_POINT('',(0.081298701,0.584203571,0.349725));
#716=DIRECTION('',(-0.989988128,0.141150651,-0.));
#717=VECTOR('',#716,0.041978727);
#718=LINE('',#715,#717);
#719=EDGE_CURVE('NONE',#693,#714,#718,.T.);
#720=ORIENTED_EDGE('',*,*,#719,.T.);
#721=CARTESIAN_POINT('',(0.070909091,0.795080195,0.349725));
#722=VERTEX_POINT('',#721);
#723=CARTESIAN_POINT('',(0.03974026,0.590128896,0.349725));
#724=DIRECTION('',(0.150350487,0.988632758,-0.));
#725=VECTOR('',#724,0.207307817);
#726=LINE('',#723,#725);
#727=EDGE_CURVE('NONE',#714,#722,#726,.T.);
#728=ORIENTED_EDGE('',*,*,#727,.T.);
#729=CARTESIAN_POINT('',(0.231948052,0.795080195,0.349725));
#730=VERTEX_POINT('',#729);
#731=CARTESIAN_POINT('',(0.070909091,0.795080195,0.349725));
#732=DIRECTION('',(1.,0.,-0.));
#733=VECTOR('',#732,0.161038961);
#734=LINE('',#731,#733);
#735=EDGE_CURVE('NONE',#722,#730,#734,.T.);
#736=ORIENTED_EDGE('',*,*,#735,.T.);
#737=CARTESIAN_POINT('',(0.231948052,0.748326948,0.349725));
#738=VERTEX_POINT('',#737);
#739=CARTESIAN_POINT('',(0.231948052,0.795080195,0.349725));
#740=DIRECTION('',(0.,-1.,0.));
#741=VECTOR('',#740,0.046753247);
#742=LINE('',#739,#741);
#743=EDGE_CURVE('NONE',#730,#738,#742,.T.);
#744=ORIENTED_EDGE('',*,*,#743,.T.);
#745=CARTESIAN_POINT('',(0.105730519,0.748326948,0.349725));
#746=VERTEX_POINT('',#745);
#747=CARTESIAN_POINT('',(0.231948052,0.748326948,0.349725));
#748=DIRECTION('',(-1.,-0.,0.));
#749=VECTOR('',#748,0.126217532);
#750=LINE('',#747,#749);
#751=EDGE_CURVE('NONE',#738,#746,#750,.T.);
#752=ORIENTED_EDGE('',*,*,#751,.T.);
#753=CARTESIAN_POINT('',(0.090714286,0.649544481,0.349725));
#754=VERTEX_POINT('',#753);
#755=CARTESIAN_POINT('',(0.105730519,0.748326948,0.349725));
#756=DIRECTION('',(-0.150286652,-0.988642464,0.));
#757=VECTOR('',#756,0.099917282);
#758=LINE('',#755,#757);
#759=EDGE_CURVE('NONE',#746,#754,#758,.T.);
#760=ORIENTED_EDGE('',*,*,#759,.T.);
#761=CARTESIAN_POINT('',(0.149965764,0.665209961,0.349725));
#762=VERTEX_POINT('',#761);
#763=CARTESIAN_POINT('',(0.090714286,0.649544481,0.349725));
#764=CARTESIAN_POINT('',(0.095314886,0.651897266,0.349725));
#765=CARTESIAN_POINT('',(0.099915486,0.654250051,0.349725));
#766=CARTESIAN_POINT('',(0.104667508,0.656256908,0.349725));
#767=CARTESIAN_POINT('',(0.109419529,0.658263765,0.349725));
#768=CARTESIAN_POINT('',(0.114326722,0.65991816,0.349725));
#769=CARTESIAN_POINT('',(0.119320178,0.661258065,0.349725));
#770=CARTESIAN_POINT('',(0.124313635,0.66259797,0.349725));
#771=CARTESIAN_POINT('',(0.129392934,0.663625491,0.349725));
#772=CARTESIAN_POINT('',(0.134515132,0.664232451,0.349725));
#773=CARTESIAN_POINT('',(0.139637329,0.66483941,0.349725));
#774=CARTESIAN_POINT('',(0.144802434,0.665024739,0.349725));
#775=CARTESIAN_POINT('',(0.149965762,0.665210001,0.349725));
#776=B_SPLINE_CURVE_WITH_KNOTS('',3,(#763,#764,#765,#766,#767,#768,#769,#770,#771,#772,#773,#774,#775),.UNSPECIFIED.,.F.,.F.,(4,3,3,3,4),(0.,0.249992859,0.499985719,0.749978578,0.999971438),.UNSPECIFIED.);
#777=EDGE_CURVE('NONE',#754,#762,#776,.T.);
#778=ORIENTED_EDGE('',*,*,#777,.T.);
#779=CARTESIAN_POINT('',(0.247532468,0.536476299,0.349725));
#780=VERTEX_POINT('',#779);
#781=CARTESIAN_POINT('',(0.149967532,0.665210065,0.349725));
#782=CARTESIAN_POINT('',(0.157462217,0.664945791,0.349725));
#783=CARTESIAN_POINT('',(0.164962906,0.664212825,0.349725));
#784=CARTESIAN_POINT('',(0.172188947,0.662214747,0.349725));
#785=CARTESIAN_POINT('',(0.179414987,0.660216669,0.349725));
#786=CARTESIAN_POINT('',(0.186310805,0.657098757,0.349725));
#787=CARTESIAN_POINT('',(0.192690199,0.653163878,0.349725));
#788=CARTESIAN_POINT('',(0.205448988,0.64529412,0.349725));
#789=CARTESIAN_POINT('',(0.216206587,0.63438569,0.349725));
#790=CARTESIAN_POINT('',(0.224703759,0.622041253,0.349725));
#791=CARTESIAN_POINT('',(0.233200931,0.609696816,0.349725));
#792=CARTESIAN_POINT('',(0.238949159,0.595589939,0.349725));
#793=CARTESIAN_POINT('',(0.242603043,0.581056527,0.349725));
#794=CARTESIAN_POINT('',(0.246256927,0.566523115,0.349725));
#795=CARTESIAN_POINT('',(0.247208448,0.551459829,0.349725));
#796=CARTESIAN_POINT('',(0.247532468,0.536476299,0.349725));
#797=B_SPLINE_CURVE_WITH_KNOTS('',3,(#781,#782,#783,#784,#785,#786,#787,#788,#789,#790,#791,#792,#793,#794,#795,#796),.UNSPECIFIED.,.F.,.F.,(4,3,3,3,3,4),(0.,0.125,0.25,0.5,0.75,1.),.UNSPECIFIED.);
#798=EDGE_CURVE('NONE',#762,#780,#797,.T.);
#799=ORIENTED_EDGE('',*,*,#798,.T.);
#800=CARTESIAN_POINT('',(0.137713725,0.395080285,0.349725));
#801=VERTEX_POINT('',#800);
#802=CARTESIAN_POINT('',(0.247532468,0.536476299,0.349725));
#803=CARTESIAN_POINT('',(0.247187106,0.51982053,0.349725));
#804=CARTESIAN_POINT('',(0.245626216,0.503129665,0.349725));
#805=CARTESIAN_POINT('',(0.241354496,0.487028228,0.349725));
#806=CARTESIAN_POINT('',(0.237082775,0.470926791,0.349725));
#807=CARTESIAN_POINT('',(0.230313097,0.455474941,0.349725));
#808=CARTESIAN_POINT('',(0.221143896,0.441565321,0.349725));
#809=CARTESIAN_POINT('',(0.211974696,0.427655701,0.349725));
#810=CARTESIAN_POINT('',(0.200153184,0.415264266,0.349725));
#811=CARTESIAN_POINT('',(0.185674514,0.40701555,0.349725));
#812=CARTESIAN_POINT('',(0.178435178,0.402891192,0.349725));
#813=CARTESIAN_POINT('',(0.170590041,0.399857633,0.349725));
#814=CARTESIAN_POINT('',(0.162489147,0.397894621,0.349725));
#815=CARTESIAN_POINT('',(0.154388252,0.395931609,0.349725));
#816=CARTESIAN_POINT('',(0.146040489,0.395321869,0.349725));
#817=CARTESIAN_POINT('',(0.137713725,0.395080273,0.349725));
#818=B_SPLINE_CURVE_WITH_KNOTS('',3,(#802,#803,#804,#805,#806,#807,#808,#809,#810,#811,#812,#813,#814,#815,#816,#817),.UNSPECIFIED.,.F.,.F.,(4,3,3,3,3,4),(0.,0.249996642,0.499993284,0.749989926,0.874988247,0.999986568),.UNSPECIFIED.);
#819=EDGE_CURVE('NONE',#780,#801,#818,.T.);
#820=ORIENTED_EDGE('',*,*,#819,.T.);
#821=CARTESIAN_POINT('',(0.137711039,0.395080195,0.349725));
#822=CARTESIAN_POINT('',(0.130588956,0.395284153,0.349725));
#823=CARTESIAN_POINT('',(0.123455017,0.395732475,0.349725));
#824=CARTESIAN_POINT('',(0.116479761,0.397185572,0.349725));
#825=CARTESIAN_POINT('',(0.109504504,0.398638669,0.349725));
#826=CARTESIAN_POINT('',(0.102695616,0.400902515,0.349725));
#827=CARTESIAN_POINT('',(0.096273101,0.403983721,0.349725));
#828=CARTESIAN_POINT('',(0.083428071,0.410146133,0.349725));
#829=CARTESIAN_POINT('',(0.072066183,0.419276601,0.349725));
#830=CARTESIAN_POINT('',(0.062927656,0.430208411,0.349725));
#831=CARTESIAN_POINT('',(0.05378913,0.441140221,0.349725));
#832=CARTESIAN_POINT('',(0.04703764,0.453975313,0.349725));
#833=CARTESIAN_POINT('',(0.042571009,0.467502795,0.349725));
#834=CARTESIAN_POINT('',(0.038104378,0.481030276,0.349725));
#835=CARTESIAN_POINT('',(0.035827905,0.495176446,0.349725));
#836=CARTESIAN_POINT('',(0.034545455,0.509365909,0.349725));
#837=B_SPLINE_CURVE_WITH_KNOTS('',3,(#821,#822,#823,#824,#825,#826,#827,#828,#829,#830,#831,#832,#833,#834,#835,#836),.UNSPECIFIED.,.F.,.F.,(4,3,3,3,3,4),(0.,0.125,0.25,0.5,0.75,1.),.UNSPECIFIED.);
#838=EDGE_CURVE('NONE',#801,#617,#837,.T.);
#839=ORIENTED_EDGE('',*,*,#838,.T.);
#840=EDGE_LOOP('',(#625,#646,#670,#691,#712,#720,#728,#736,#744,#752,#760,#778,#799,#820,#839));
#841=FACE_BOUND('',#840,.T.);
#842=CARTESIAN_POINT('',(0.666233766,0.600112662,0.349725));
#843=VERTEX_POINT('',#842);
#844=CARTESIAN_POINT('',(0.772968485,0.805469712,0.349725));
#845=VERTEX_POINT('',#844);
#846=CARTESIAN_POINT('',(0.666233766,0.600112662,0.349725));
#847=CARTESIAN_POINT('',(0.666407171,0.621587741,0.349725));
#848=CARTESIAN_POINT('',(0.667151716,0.643073996,0.349725));
#849=CARTESIAN_POINT('',(0.669507994,0.664419084,0.349725));
#850=CARTESIAN_POINT('',(0.671864271,0.685764171,0.349725));
#851=CARTESIAN_POINT('',(0.675612447,0.707053398,0.349725));
#852=CARTESIAN_POINT('',(0.682427078,0.727419613,0.349725));
#853=CARTESIAN_POINT('',(0.68924171,0.747785828,0.349725));
#854=CARTESIAN_POINT('',(0.698978024,0.767735847,0.349725));
#855=CARTESIAN_POINT('',(0.714468359,0.782636386,0.349725));
#856=CARTESIAN_POINT('',(0.722213526,0.790086656,0.349725));
#857=CARTESIAN_POINT('',(0.731359117,0.796114933,0.349725));
#858=CARTESIAN_POINT('',(0.741394086,0.799954691,0.349725));
#859=CARTESIAN_POINT('',(0.751429054,0.803794449,0.349725));
#860=CARTESIAN_POINT('',(0.762229896,0.805091851,0.349725));
#861=CARTESIAN_POINT('',(0.772968485,0.805469724,0.349725));
#862=B_SPLINE_CURVE_WITH_KNOTS('',3,(#846,#847,#848,#849,#850,#851,#852,#853,#854,#855,#856,#857,#858,#859,#860,#861),.UNSPECIFIED.,.F.,.F.,(4,3,3,3,3,4),(0.,0.249997775,0.499995551,0.749993326,0.874992214,0.999991101),.UNSPECIFIED.);
#863=EDGE_CURVE('NONE',#843,#845,#862,.T.);
#864=ORIENTED_EDGE('',*,*,#863,.T.);
#865=CARTESIAN_POINT('',(0.846589713,0.763263728,0.349725));
#866=VERTEX_POINT('',#865);
#867=CARTESIAN_POINT('',(0.772970779,0.805469805,0.349725));
#868=CARTESIAN_POINT('',(0.780382108,0.805232055,0.349725));
#869=CARTESIAN_POINT('',(0.787814721,0.80471966,0.349725));
#870=CARTESIAN_POINT('',(0.795004723,0.802904113,0.349725));
#871=CARTESIAN_POINT('',(0.802194725,0.801088565,0.349725));
#872=CARTESIAN_POINT('',(0.809128591,0.798259959,0.349725));
#873=CARTESIAN_POINT('',(0.815509313,0.794488003,0.349725));
#874=CARTESIAN_POINT('',(0.821890035,0.790716048,0.349725));
#875=CARTESIAN_POINT('',(0.827734519,0.786050594,0.349725));
#876=CARTESIAN_POINT('',(0.832914126,0.78074634,0.349725));
#877=CARTESIAN_POINT('',(0.838093733,0.775442086,0.349725));
#878=CARTESIAN_POINT('',(0.842419142,0.769387292,0.349725));
#879=CARTESIAN_POINT('',(0.846589732,0.763263741,0.349725));
#880=B_SPLINE_CURVE_WITH_KNOTS('',3,(#867,#868,#869,#870,#871,#872,#873,#874,#875,#876,#877,#878,#879),.UNSPECIFIED.,.F.,.F.,(4,3,3,3,4),(0.,0.249994124,0.499988247,0.749982371,0.999976495),.UNSPECIFIED.);
#881=EDGE_CURVE('NONE',#845,#866,#880,.T.);
#882=ORIENTED_EDGE('',*,*,#881,.T.);
#883=CARTESIAN_POINT('',(0.879220779,0.600112662,0.349725));
#884=VERTEX_POINT('',#883);
#885=CARTESIAN_POINT('',(0.846590909,0.763262013,0.349725));
#886=CARTESIAN_POINT('',(0.850135653,0.75719993,0.349725));
#887=CARTESIAN_POINT('',(0.853634501,0.751110309,0.349725));
#888=CARTESIAN_POINT('',(0.856516048,0.744710967,0.349725));
#889=CARTESIAN_POINT('',(0.859397595,0.738311626,0.349725));
#890=CARTESIAN_POINT('',(0.861809157,0.731699262,0.349725));
#891=CARTESIAN_POINT('',(0.863929588,0.72501017,0.349725));
#892=CARTESIAN_POINT('',(0.868170451,0.711631984,0.349725));
#893=CARTESIAN_POINT('',(0.871239309,0.697895314,0.349725));
#894=CARTESIAN_POINT('',(0.873380554,0.684024384,0.349725));
#895=CARTESIAN_POINT('',(0.877663043,0.656282523,0.349725));
#896=CARTESIAN_POINT('',(0.878965519,0.628178799,0.349725));
#897=CARTESIAN_POINT('',(0.879220779,0.600112662,0.349725));
#898=B_SPLINE_CURVE_WITH_KNOTS('',3,(#885,#886,#887,#888,#889,#890,#891,#892,#893,#894,#895,#896,#897),.UNSPECIFIED.,.F.,.F.,(4,3,3,3,4),(0.,0.125,0.25,0.5,1.),.UNSPECIFIED.);
#899=EDGE_CURVE('NONE',#866,#884,#898,.T.);
#900=ORIENTED_EDGE('',*,*,#899,.T.);
#901=CARTESIAN_POINT('',(0.772485907,0.395080281,0.349725));
#902=VERTEX_POINT('',#901);
#903=CARTESIAN_POINT('',(0.879220779,0.600112662,0.349725));
#904=CARTESIAN_POINT('',(0.878876268,0.557209001,0.349725));
#905=CARTESIAN_POINT('',(0.876342769,0.51372791,0.349725));
#906=CARTESIAN_POINT('',(0.862937947,0.472959174,0.349725));
#907=CARTESIAN_POINT('',(0.856235536,0.452574807,0.349725));
#908=CARTESIAN_POINT('',(0.846330692,0.432762376,0.349725));
#909=CARTESIAN_POINT('',(0.830975028,0.417775668,0.349725));
#910=CARTESIAN_POINT('',(0.823297196,0.410282314,0.349725));
#911=CARTESIAN_POINT('',(0.814087704,0.404313329,0.349725));
#912=CARTESIAN_POINT('',(0.804044944,0.40052689,0.349725));
#913=CARTESIAN_POINT('',(0.794002183,0.396740451,0.349725));
#914=CARTESIAN_POINT('',(0.783215615,0.395447107,0.349725));
#915=CARTESIAN_POINT('',(0.772485908,0.395080268,0.349725));
#916=B_SPLINE_CURVE_WITH_KNOTS('',3,(#903,#904,#905,#906,#907,#908,#909,#910,#911,#912,#913,#914,#915),.UNSPECIFIED.,.F.,.F.,(4,3,3,3,4),(0.,0.499995844,0.749993766,0.874992727,0.999991688),.UNSPECIFIED.);
#917=EDGE_CURVE('NONE',#884,#902,#916,.T.);
#918=ORIENTED_EDGE('',*,*,#917,.T.);
#919=CARTESIAN_POINT('',(0.772483766,0.395080195,0.349725));
#920=CARTESIAN_POINT('',(0.761768578,0.395482376,0.349725));
#921=CARTESIAN_POINT('',(0.751004216,0.396946223,0.349725));
#922=CARTESIAN_POINT('',(0.74108907,0.401019451,0.349725));
#923=CARTESIAN_POINT('',(0.731173923,0.405092679,0.349725));
#924=CARTESIAN_POINT('',(0.722118804,0.411157284,0.349725));
#925=CARTESIAN_POINT('',(0.714371763,0.418566055,0.349725));
#926=CARTESIAN_POINT('',(0.69887768,0.433383598,0.349725));
#927=CARTESIAN_POINT('',(0.688000473,0.452568738,0.349725));
#928=CARTESIAN_POINT('',(0.681375047,0.47294937,0.349725));
#929=CARTESIAN_POINT('',(0.668124193,0.513710634,0.349725));
#930=CARTESIAN_POINT('',(0.666658085,0.557264701,0.349725));
#931=CARTESIAN_POINT('',(0.666233766,0.600112662,0.349725));
#932=B_SPLINE_CURVE_WITH_KNOTS('',3,(#919,#920,#921,#922,#923,#924,#925,#926,#927,#928,#929,#930,#931),.UNSPECIFIED.,.F.,.F.,(4,3,3,3,4),(0.,0.125,0.25,0.5,1.),.UNSPECIFIED.);
#933=EDGE_CURVE('NONE',#902,#843,#932,.T.);
#934=ORIENTED_EDGE('',*,*,#933,.T.);
#935=EDGE_LOOP('',(#864,#882,#900,#918,#934));
#936=FACE_BOUND('',#935,.T.);
#937=CARTESIAN_POINT('',(-1.,1.000275,0.349725));
#938=VERTEX_POINT('',#937);
#939=CARTESIAN_POINT('',(-1.,-0.399725,0.349725));
#940=VERTEX_POINT('',#939);
#941=CARTESIAN_POINT('',(-1.,1.000275,0.349725));
#942=DIRECTION('',(0.,-1.,0.));
#943=VECTOR('',#942,1.4);
#944=LINE('',#941,#943);
#945=EDGE_CURVE('NONE',#938,#940,#944,.T.);
#946=ORIENTED_EDGE('',*,*,#945,.T.);
#947=CARTESIAN_POINT('',(-0.95,-0.449725,0.349725));
#948=VERTEX_POINT('',#947);
#949=CARTESIAN_POINT('',(-0.95,-0.399725,0.349725));
#950=DIRECTION('',(0.,0.,1.));
#951=DIRECTION('',(0.,-1.,0.));
#952=AXIS2_PLACEMENT_3D('',#949,#950,#951);
#953=CIRCLE('',#952,0.05);
#954=EDGE_CURVE('NONE',#940,#948,#953,.T.);
#955=ORIENTED_EDGE('',*,*,#954,.T.);
#956=CARTESIAN_POINT('',(0.95,-0.449725,0.349725));
#957=VERTEX_POINT('',#956);
#958=CARTESIAN_POINT('',(-0.95,-0.449725,0.349725));
#959=DIRECTION('',(1.,0.,-0.));
#960=VECTOR('',#959,1.9);
#961=LINE('',#958,#960);
#962=EDGE_CURVE('NONE',#948,#957,#961,.T.);
#963=ORIENTED_EDGE('',*,*,#962,.T.);
#964=CARTESIAN_POINT('',(1.,-0.399725,0.349725));
#965=VERTEX_POINT('',#964);
#966=CARTESIAN_POINT('',(0.95,-0.399725,0.349725));
#967=DIRECTION('',(0.,0.,1.));
#968=DIRECTION('',(0.,-1.,0.));
#969=AXIS2_PLACEMENT_3D('',#966,#967,#968);
#970=CIRCLE('',#969,0.05);
#971=EDGE_CURVE('NONE',#957,#965,#970,.T.);
#972=ORIENTED_EDGE('',*,*,#971,.T.);
#973=CARTESIAN_POINT('',(1.,1.000275,0.349725));
#974=VERTEX_POINT('',#973);
#975=CARTESIAN_POINT('',(1.,-0.399725,0.349725));
#976=DIRECTION('',(-0.,1.,-0.));
#977=VECTOR('',#976,1.4);
#978=LINE('',#975,#977);
#979=EDGE_CURVE('NONE',#965,#974,#978,.T.);
#980=ORIENTED_EDGE('',*,*,#979,.T.);
#981=CARTESIAN_POINT('',(0.95,1.050275,0.349725));
#982=VERTEX_POINT('',#981);
#983=CARTESIAN_POINT('',(0.95,1.000275,0.349725));
#984=DIRECTION('',(0.,0.,1.));
#985=DIRECTION('',(0.,-1.,0.));
#986=AXIS2_PLACEMENT_3D('',#983,#984,#985);
#987=CIRCLE('',#986,0.05);
#988=EDGE_CURVE('NONE',#974,#982,#987,.T.);
#989=ORIENTED_EDGE('',*,*,#988,.T.);
#990=CARTESIAN_POINT('',(-0.95,1.050275,0.349725));
#991=VERTEX_POINT('',#990);
#992=CARTESIAN_POINT('',(0.95,1.050275,0.349725));
#993=DIRECTION('',(-1.,-0.,0.));
#994=VECTOR('',#993,1.9);
#995=LINE('',#992,#994);
#996=EDGE_CURVE('NONE',#982,#991,#995,.T.);
#997=ORIENTED_EDGE('',*,*,#996,.T.);
#998=CARTESIAN_POINT('',(-0.95,1.000275,0.349725));
#999=DIRECTION('',(0.,0.,1.));
#1000=DIRECTION('',(0.,-1.,0.));
#1001=AXIS2_PLACEMENT_3D('',#998,#999,#1000);
#1002=CIRCLE('',#1001,0.05);
#1003=EDGE_CURVE('NONE',#991,#938,#1002,.T.);
#1004=ORIENTED_EDGE('',*,*,#1003,.T.);
#1005=EDGE_LOOP('',(#946,#955,#963,#972,#980,#989,#997,#1004));
#1006=FACE_BOUND('',#1005,.T.);
#1007=CARTESIAN_POINT('',(0.563376623,0.400275,0.349725));
#1008=VERTEX_POINT('',#1007);
#1009=CARTESIAN_POINT('',(0.35038961,0.400275,0.349725));
#1010=VERTEX_POINT('',#1009);
#1011=CARTESIAN_POINT('',(0.563376623,0.400275,0.349725));
#1012=DIRECTION('',(-1.,-0.,0.));
#1013=VECTOR('',#1012,0.212987013);
#1014=LINE('',#1011,#1013);
#1015=EDGE_CURVE('NONE',#1008,#1010,#1014,.T.);
#1016=ORIENTED_EDGE('',*,*,#1015,.T.);
#1017=CARTESIAN_POINT('',(0.43237013,0.548732792,0.349725));
#1018=VERTEX_POINT('',#1017);
#1019=CARTESIAN_POINT('',(0.35038961,0.400275,0.349725));
#1020=CARTESIAN_POINT('',(0.350272245,0.429267333,0.349725));
#1021=CARTESIAN_POINT('',(0.361480561,0.457367451,0.349725));
#1022=CARTESIAN_POINT('',(0.377126256,0.481771186,0.349725));
#1023=CARTESIAN_POINT('',(0.392771952,0.50617492,0.349725));
#1024=CARTESIAN_POINT('',(0.41225762,0.527862457,0.349725));
#1025=CARTESIAN_POINT('',(0.43237013,0.548732792,0.349725));
#1026=B_SPLINE_CURVE_WITH_KNOTS('',3,(#1019,#1020,#1021,#1022,#1023,#1024,#1025),.UNSPECIFIED.,.F.,.F.,(4,3,4),(0.,0.5,1.),.UNSPECIFIED.);
#1027=EDGE_CURVE('NONE',#1010,#1018,#1026,.T.);
#1028=ORIENTED_EDGE('',*,*,#1027,.T.);
#1029=CARTESIAN_POINT('',(0.521817977,0.694183424,0.349725));
#1030=VERTEX_POINT('',#1029);
#1031=CARTESIAN_POINT('',(0.43237013,0.548732792,0.349725));
#1032=CARTESIAN_POINT('',(0.452617751,0.569675492,0.349725));
#1033=CARTESIAN_POINT('',(0.472547696,0.59101399,0.349725));
#1034=CARTESIAN_POINT('',(0.490093493,0.61427019,0.349725));
#1035=CARTESIAN_POINT('',(0.498866391,0.625898289,0.349725));
#1036=CARTESIAN_POINT('',(0.506528305,0.638420957,0.349725));
#1037=CARTESIAN_POINT('',(0.512203255,0.651840372,0.349725));
#1038=CARTESIAN_POINT('',(0.51504073,0.65855008,0.349725));
#1039=CARTESIAN_POINT('',(0.517467899,0.665448079,0.349725));
#1040=CARTESIAN_POINT('',(0.519198127,0.672534014,0.349725));
#1041=CARTESIAN_POINT('',(0.520928355,0.679619949,0.349725));
#1042=CARTESIAN_POINT('',(0.521486227,0.686900058,0.349725));
#1043=CARTESIAN_POINT('',(0.521818004,0.694183423,0.349725));
#1044=B_SPLINE_CURVE_WITH_KNOTS('',3,(#1031,#1032,#1033,#1034,#1035,#1036,#1037,#1038,#1039,#1040,#1041,#1042,#1043),.UNSPECIFIED.,.F.,.F.,(4,3,3,3,4),(0.,0.499988812,0.749983219,0.874980422,0.999977625),.UNSPECIFIED.);
#1045=EDGE_CURVE('NONE',#1018,#1030,#1044,.T.);
#1046=ORIENTED_EDGE('',*,*,#1045,.T.);
#1047=CARTESIAN_POINT('',(0.460540403,0.763911212,0.349725));
#1048=VERTEX_POINT('',#1047);
#1049=CARTESIAN_POINT('',(0.521818182,0.694187338,0.349725));
#1050=CARTESIAN_POINT('',(0.521718612,0.702841811,0.349725));
#1051=CARTESIAN_POINT('',(0.520688257,0.711503359,0.349725));
#1052=CARTESIAN_POINT('',(0.518208871,0.719791187,0.349725));
#1053=CARTESIAN_POINT('',(0.515729485,0.728079016,0.349725));
#1054=CARTESIAN_POINT('',(0.511430688,0.735801087,0.349725));
#1055=CARTESIAN_POINT('',(0.505871897,0.742430556,0.349725));
#1056=CARTESIAN_POINT('',(0.500313107,0.749060025,0.349725));
#1057=CARTESIAN_POINT('',(0.493455351,0.754641531,0.349725));
#1058=CARTESIAN_POINT('',(0.485685975,0.758437353,0.349725));
#1059=CARTESIAN_POINT('',(0.481801286,0.760335264,0.349725));
#1060=CARTESIAN_POINT('',(0.47765066,0.761679791,0.349725));
#1061=CARTESIAN_POINT('',(0.473423615,0.762594582,0.349725));
#1062=CARTESIAN_POINT('',(0.46919657,0.763509373,0.349725));
#1063=CARTESIAN_POINT('',(0.464854471,0.763771647,0.349725));
#1064=CARTESIAN_POINT('',(0.460540403,0.763911212,0.349725));
#1065=B_SPLINE_CURVE_WITH_KNOTS('',3,(#1049,#1050,#1051,#1052,#1053,#1054,#1055,#1056,#1057,#1058,#1059,#1060,#1061,#1062,#1063,#1064),.UNSPECIFIED.,.F.,.F.,(4,3,3,3,3,4),(0.,0.249988704,0.499977407,0.749966111,0.874960462,0.999954814),.UNSPECIFIED.);
#1066=EDGE_CURVE('NONE',#1030,#1048,#1065,.T.);
#1067=ORIENTED_EDGE('',*,*,#1066,.T.);
#1068=CARTESIAN_POINT('',(0.397142857,0.680794481,0.349725));
#1069=VERTEX_POINT('',#1068);
#1070=CARTESIAN_POINT('',(0.460535714,0.763911364,0.349725));
#1071=CARTESIAN_POINT('',(0.450723807,0.763705522,0.349725));
#1072=CARTESIAN_POINT('',(0.440844292,0.761759904,0.349725));
#1073=CARTESIAN_POINT('',(0.432276449,0.756995776,0.349725));
#1074=CARTESIAN_POINT('',(0.423708607,0.752231647,0.349725));
#1075=CARTESIAN_POINT('',(0.416458043,0.745244217,0.349725));
#1076=CARTESIAN_POINT('',(0.411018422,0.737080637,0.349725));
#1077=CARTESIAN_POINT('',(0.405578801,0.728917058,0.349725));
#1078=CARTESIAN_POINT('',(0.402104491,0.719574957,0.349725));
#1079=CARTESIAN_POINT('',(0.400012032,0.709999021,0.349725));
#1080=CARTESIAN_POINT('',(0.397919572,0.700423084,0.349725));
#1081=CARTESIAN_POINT('',(0.397226769,0.690598693,0.349725));
#1082=CARTESIAN_POINT('',(0.397142857,0.680794481,0.349725));
#1083=B_SPLINE_CURVE_WITH_KNOTS('',3,(#1070,#1071,#1072,#1073,#1074,#1075,#1076,#1077,#1078,#1079,#1080,#1081,#1082),.UNSPECIFIED.,.F.,.F.,(4,3,3,3,4),(0.,0.25,0.5,0.75,1.),.UNSPECIFIED.);
#1084=EDGE_CURVE('NONE',#1048,#1069,#1083,.T.);
#1085=ORIENTED_EDGE('',*,*,#1084,.T.);
#1086=CARTESIAN_POINT('',(0.355584416,0.685989286,0.349725));
#1087=VERTEX_POINT('',#1086);
#1088=CARTESIAN_POINT('',(0.397142857,0.680794481,0.349725));
#1089=DIRECTION('',(-0.992277877,0.124034735,-0.));
#1090=VECTOR('',#1089,0.041881858);
#1091=LINE('',#1088,#1090);
#1092=EDGE_CURVE('NONE',#1069,#1087,#1091,.T.);
#1093=ORIENTED_EDGE('',*,*,#1092,.T.);
#1094=CARTESIAN_POINT('',(0.462073717,0.805469679,0.349725));
#1095=VERTEX_POINT('',#1094);
#1096=CARTESIAN_POINT('',(0.355584416,0.685989286,0.349725));
#1097=CARTESIAN_POINT('',(0.356906109,0.700871846,0.349725));
#1098=CARTESIAN_POINT('',(0.359012398,0.715729662,0.349725));
#1099=CARTESIAN_POINT('',(0.36325646,0.730059761,0.349725));
#1100=CARTESIAN_POINT('',(0.367500522,0.744389859,0.349725));
#1101=CARTESIAN_POINT('',(0.373912615,0.758206096,0.349725));
#1102=CARTESIAN_POINT('',(0.383251932,0.76987426,0.349725));
#1103=CARTESIAN_POINT('',(0.392591249,0.781542423,0.349725));
#1104=CARTESIAN_POINT('',(0.404704045,0.790996707,0.349725));
#1105=CARTESIAN_POINT('',(0.418365529,0.797050935,0.349725));
#1106=CARTESIAN_POINT('',(0.432027013,0.803105163,0.349725));
#1107=CARTESIAN_POINT('',(0.447150034,0.805084109,0.349725));
#1108=CARTESIAN_POINT('',(0.462073716,0.805469697,0.349725));
#1109=B_SPLINE_CURVE_WITH_KNOTS('',3,(#1096,#1097,#1098,#1099,#1100,#1101,#1102,#1103,#1104,#1105,#1106,#1107,#1108),.UNSPECIFIED.,.F.,.F.,(4,3,3,3,4),(0.,0.249994135,0.499988271,0.749982406,0.999976542),.UNSPECIFIED.);
#1110=EDGE_CURVE('NONE',#1087,#1095,#1109,.T.);
#1111=ORIENTED_EDGE('',*,*,#1110,.T.);
#1112=CARTESIAN_POINT('',(0.563376623,0.693375649,0.349725));
#1113=VERTEX_POINT('',#1112);
#1114=CARTESIAN_POINT('',(0.462077922,0.805469805,0.349725));
#1115=CARTESIAN_POINT('',(0.469150472,0.805262198,0.349725));
#1116=CARTESIAN_POINT('',(0.476236089,0.804952965,0.349725));
#1117=CARTESIAN_POINT('',(0.48321452,0.803778266,0.349725));
#1118=CARTESIAN_POINT('',(0.490192951,0.802603568,0.349725));
#1119=CARTESIAN_POINT('',(0.497060801,0.800707062,0.349725));
#1120=CARTESIAN_POINT('',(0.503594352,0.797990098,0.349725));
#1121=CARTESIAN_POINT('',(0.516661455,0.792556169,0.349725));
#1122=CARTESIAN_POINT('',(0.528118865,0.78350265,0.349725));
#1123=CARTESIAN_POINT('',(0.53684436,0.77235992,0.349725));
#1124=CARTESIAN_POINT('',(0.545569856,0.761217191,0.349725));
#1125=CARTESIAN_POINT('',(0.552297933,0.748541472,0.349725));
#1126=CARTESIAN_POINT('',(0.556794356,0.73511941,0.349725));
#1127=CARTESIAN_POINT('',(0.56129078,0.721697348,0.349725));
#1128=CARTESIAN_POINT('',(0.563085444,0.707527103,0.349725));
#1129=CARTESIAN_POINT('',(0.563376623,0.693375649,0.349725));
#1130=B_SPLINE_CURVE_WITH_KNOTS('',3,(#1114,#1115,#1116,#1117,#1118,#1119,#1120,#1121,#1122,#1123,#1124,#1125,#1126,#1127,#1128,#1129),.UNSPECIFIED.,.F.,.F.,(4,3,3,3,3,4),(0.,0.125,0.25,0.5,0.75,1.),.UNSPECIFIED.);
#1131=EDGE_CURVE('NONE',#1095,#1113,#1130,.T.);
#1132=ORIENTED_EDGE('',*,*,#1131,.T.);
#1133=CARTESIAN_POINT('',(0.469301948,0.524706818,0.349725));
#1134=VERTEX_POINT('',#1133);
#1135=CARTESIAN_POINT('',(0.563376623,0.693375649,0.349725));
#1136=CARTESIAN_POINT('',(0.563021394,0.67686685,0.349725));
#1137=CARTESIAN_POINT('',(0.560562396,0.660373619,0.349725));
#1138=CARTESIAN_POINT('',(0.555169309,0.644764466,0.349725));
#1139=CARTESIAN_POINT('',(0.549776222,0.629155312,0.349725));
#1140=CARTESIAN_POINT('',(0.541705806,0.61459332,0.349725));
#1141=CARTESIAN_POINT('',(0.532404514,0.600950074,0.349725));
#1142=CARTESIAN_POINT('',(0.513801931,0.573663582,0.349725));
#1143=CARTESIAN_POINT('',(0.491673507,0.548992326,0.349725));
#1144=CARTESIAN_POINT('',(0.469301948,0.524706818,0.349725));
#1145=B_SPLINE_CURVE_WITH_KNOTS('',3,(#1135,#1136,#1137,#1138,#1139,#1140,#1141,#1142,#1143,#1144),.UNSPECIFIED.,.F.,.F.,(4,3,3,4),(0.,0.25,0.5,1.),.UNSPECIFIED.);
#1146=EDGE_CURVE('NONE',#1113,#1134,#1145,.T.);
#1147=ORIENTED_EDGE('',*,*,#1146,.T.);
#1148=CARTESIAN_POINT('',(0.407532468,0.447028247,0.349725));
#1149=VERTEX_POINT('',#1148);
#1150=CARTESIAN_POINT('',(0.469301948,0.524706818,0.349725));
#1151=CARTESIAN_POINT('',(0.457927607,0.512605073,0.349725));
#1152=CARTESIAN_POINT('',(0.446549557,0.50049971,0.349725));
#1153=CARTESIAN_POINT('',(0.435655982,0.487962541,0.349725));
#1154=CARTESIAN_POINT('',(0.430209195,0.481693956,0.349725));
#1155=CARTESIAN_POINT('',(0.424869686,0.475320613,0.349725));
#1156=CARTESIAN_POINT('',(0.420083588,0.468525598,0.349725));
#1157=CARTESIAN_POINT('',(0.415297491,0.461730584,0.349725));
#1158=CARTESIAN_POINT('',(0.411331645,0.454420607,0.349725));
#1159=CARTESIAN_POINT('',(0.407532468,0.447028247,0.349725));
#1160=B_SPLINE_CURVE_WITH_KNOTS('',3,(#1150,#1151,#1152,#1153,#1154,#1155,#1156,#1157,#1158,#1159),.UNSPECIFIED.,.F.,.F.,(4,3,3,4),(0.,0.5,0.75,1.),.UNSPECIFIED.);
#1161=EDGE_CURVE('NONE',#1134,#1149,#1160,.T.);
#1162=ORIENTED_EDGE('',*,*,#1161,.T.);
#1163=CARTESIAN_POINT('',(0.563376623,0.447028247,0.349725));
#1164=VERTEX_POINT('',#1163);
#1165=CARTESIAN_POINT('',(0.407532468,0.447028247,0.349725));
#1166=DIRECTION('',(1.,0.,-0.));
#1167=VECTOR('',#1166,0.155844156);
#1168=LINE('',#1165,#1167);
#1169=EDGE_CURVE('NONE',#1149,#1164,#1168,.T.);
#1170=ORIENTED_EDGE('',*,*,#1169,.T.);
#1171=CARTESIAN_POINT('',(0.563376623,0.447028247,0.349725));
#1172=DIRECTION('',(0.,-1.,0.));
#1173=VECTOR('',#1172,0.046753247);
#1174=LINE('',#1171,#1173);
#1175=EDGE_CURVE('NONE',#1164,#1008,#1174,.T.);
#1176=ORIENTED_EDGE('',*,*,#1175,.T.);
#1177=EDGE_LOOP('',(#1016,#1028,#1046,#1067,#1085,#1093,#1111,#1132,#1147,#1162,#1170,#1176));
#1178=FACE_BOUND('',#1177,.T.);
#1179=CARTESIAN_POINT('',(-0.068311688,0.400275,0.349725));
#1180=VERTEX_POINT('',#1179);
#1181=CARTESIAN_POINT('',(-0.281298701,0.400275,0.349725));
#1182=VERTEX_POINT('',#1181);
#1183=CARTESIAN_POINT('',(-0.068311688,0.400275,0.349725));
#1184=DIRECTION('',(-1.,-0.,0.));
#1185=VECTOR('',#1184,0.212987013);
#1186=LINE('',#1183,#1185);
#1187=EDGE_CURVE('NONE',#1180,#1182,#1186,.T.);
#1188=ORIENTED_EDGE('',*,*,#1187,.T.);
#1189=CARTESIAN_POINT('',(-0.199318182,0.548732792,0.349725));
#1190=VERTEX_POINT('',#1189);
#1191=CARTESIAN_POINT('',(-0.281298701,0.400275,0.349725));
#1192=CARTESIAN_POINT('',(-0.281416066,0.429267333,0.349725));
#1193=CARTESIAN_POINT('',(-0.270207751,0.457367451,0.349725));
#1194=CARTESIAN_POINT('',(-0.254562055,0.481771186,0.349725));
#1195=CARTESIAN_POINT('',(-0.23891636,0.50617492,0.349725));
#1196=CARTESIAN_POINT('',(-0.219430691,0.527862457,0.349725));
#1197=CARTESIAN_POINT('',(-0.199318182,0.548732792,0.349725));
#1198=B_SPLINE_CURVE_WITH_KNOTS('',3,(#1191,#1192,#1193,#1194,#1195,#1196,#1197),.UNSPECIFIED.,.F.,.F.,(4,3,4),(0.,0.5,1.),.UNSPECIFIED.);
#1199=EDGE_CURVE('NONE',#1182,#1190,#1198,.T.);
#1200=ORIENTED_EDGE('',*,*,#1199,.T.);
#1201=CARTESIAN_POINT('',(-0.109870335,0.694183424,0.349725));
#1202=VERTEX_POINT('',#1201);
#1203=CARTESIAN_POINT('',(-0.199318182,0.548732792,0.349725));
#1204=CARTESIAN_POINT('',(-0.17907056,0.569675492,0.349725));
#1205=CARTESIAN_POINT('',(-0.159140616,0.59101399,0.349725));
#1206=CARTESIAN_POINT('',(-0.141594819,0.61427019,0.349725));
#1207=CARTESIAN_POINT('',(-0.13282192,0.625898289,0.349725));
#1208=CARTESIAN_POINT('',(-0.125160007,0.638420957,0.349725));
#1209=CARTESIAN_POINT('',(-0.119485057,0.651840372,0.349725));
#1210=CARTESIAN_POINT('',(-0.116647582,0.65855008,0.349725));
#1211=CARTESIAN_POINT('',(-0.114220413,0.665448079,0.349725));
#1212=CARTESIAN_POINT('',(-0.112490185,0.672534014,0.349725));
#1213=CARTESIAN_POINT('',(-0.110759957,0.679619949,0.349725));
#1214=CARTESIAN_POINT('',(-0.110202085,0.686900058,0.349725));
#1215=CARTESIAN_POINT('',(-0.109870308,0.694183423,0.349725));
#1216=B_SPLINE_CURVE_WITH_KNOTS('',3,(#1203,#1204,#1205,#1206,#1207,#1208,#1209,#1210,#1211,#1212,#1213,#1214,#1215),.UNSPECIFIED.,.F.,.F.,(4,3,3,3,4),(0.,0.499988812,0.749983219,0.874980422,0.999977625),.UNSPECIFIED.);
#1217=EDGE_CURVE('NONE',#1190,#1202,#1216,.T.);
#1218=ORIENTED_EDGE('',*,*,#1217,.T.);
#1219=CARTESIAN_POINT('',(-0.171147909,0.763911212,0.349725));
#1220=VERTEX_POINT('',#1219);
#1221=CARTESIAN_POINT('',(-0.10987013,0.694187338,0.349725));
#1222=CARTESIAN_POINT('',(-0.1099697,0.702841811,0.349725));
#1223=CARTESIAN_POINT('',(-0.111000054,0.711503359,0.349725));
#1224=CARTESIAN_POINT('',(-0.11347944,0.719791187,0.349725));
#1225=CARTESIAN_POINT('',(-0.115958827,0.728079016,0.349725));
#1226=CARTESIAN_POINT('',(-0.120257624,0.735801087,0.349725));
#1227=CARTESIAN_POINT('',(-0.125816414,0.742430556,0.349725));
#1228=CARTESIAN_POINT('',(-0.131375205,0.749060025,0.349725));
#1229=CARTESIAN_POINT('',(-0.13823296,0.754641531,0.349725));
#1230=CARTESIAN_POINT('',(-0.146002337,0.758437353,0.349725));
#1231=CARTESIAN_POINT('',(-0.149887026,0.760335264,0.349725));
#1232=CARTESIAN_POINT('',(-0.154037652,0.761679791,0.349725));
#1233=CARTESIAN_POINT('',(-0.158264697,0.762594582,0.349725));
#1234=CARTESIAN_POINT('',(-0.162491742,0.763509373,0.349725));
#1235=CARTESIAN_POINT('',(-0.16683384,0.763771647,0.349725));
#1236=CARTESIAN_POINT('',(-0.171147909,0.763911212,0.349725));
#1237=B_SPLINE_CURVE_WITH_KNOTS('',3,(#1221,#1222,#1223,#1224,#1225,#1226,#1227,#1228,#1229,#1230,#1231,#1232,#1233,#1234,#1235,#1236),.UNSPECIFIED.,.F.,.F.,(4,3,3,3,3,4),(0.,0.249988704,0.499977407,0.749966111,0.874960462,0.999954814),.UNSPECIFIED.);
#1238=EDGE_CURVE('NONE',#1202,#1220,#1237,.T.);
#1239=ORIENTED_EDGE('',*,*,#1238,.T.);
#1240=CARTESIAN_POINT('',(-0.234545455,0.680794481,0.349725));
#1241=VERTEX_POINT('',#1240);
#1242=CARTESIAN_POINT('',(-0.171152597,0.763911364,0.349725));
#1243=CARTESIAN_POINT('',(-0.180964505,0.763705522,0.349725));
#1244=CARTESIAN_POINT('',(-0.19084402,0.761759904,0.349725));
#1245=CARTESIAN_POINT('',(-0.199411863,0.756995776,0.349725));
#1246=CARTESIAN_POINT('',(-0.207979705,0.752231647,0.349725));
#1247=CARTESIAN_POINT('',(-0.215230269,0.745244217,0.349725));
#1248=CARTESIAN_POINT('',(-0.22066989,0.737080637,0.349725));
#1249=CARTESIAN_POINT('',(-0.22610951,0.728917058,0.349725));
#1250=CARTESIAN_POINT('',(-0.229583821,0.719574957,0.349725));
#1251=CARTESIAN_POINT('',(-0.23167628,0.709999021,0.349725));
#1252=CARTESIAN_POINT('',(-0.233768739,0.700423084,0.349725));
#1253=CARTESIAN_POINT('',(-0.234461542,0.690598693,0.349725));
#1254=CARTESIAN_POINT('',(-0.234545455,0.680794481,0.349725));
#1255=B_SPLINE_CURVE_WITH_KNOTS('',3,(#1242,#1243,#1244,#1245,#1246,#1247,#1248,#1249,#1250,#1251,#1252,#1253,#1254),.UNSPECIFIED.,.F.,.F.,(4,3,3,3,4),(0.,0.25,0.5,0.75,1.),.UNSPECIFIED.);
#1256=EDGE_CURVE('NONE',#1220,#1241,#1255,.T.);
#1257=ORIENTED_EDGE('',*,*,#1256,.T.);
#1258=CARTESIAN_POINT('',(-0.276103896,0.685989286,0.349725));
#1259=VERTEX_POINT('',#1258);
#1260=CARTESIAN_POINT('',(-0.234545455,0.680794481,0.349725));
#1261=DIRECTION('',(-0.992277877,0.124034735,-0.));
#1262=VECTOR('',#1261,0.041881858);
#1263=LINE('',#1260,#1262);
#1264=EDGE_CURVE('NONE',#1241,#1259,#1263,.T.);
#1265=ORIENTED_EDGE('',*,*,#1264,.T.);
#1266=CARTESIAN_POINT('',(-0.169614595,0.805469679,0.349725));
#1267=VERTEX_POINT('',#1266);
#1268=CARTESIAN_POINT('',(-0.276103896,0.685989286,0.349725));
#1269=CARTESIAN_POINT('',(-0.274782203,0.700871846,0.349725));
#1270=CARTESIAN_POINT('',(-0.272675914,0.715729662,0.349725));
#1271=CARTESIAN_POINT('',(-0.268431852,0.730059761,0.349725));
#1272=CARTESIAN_POINT('',(-0.264187789,0.744389859,0.349725));
#1273=CARTESIAN_POINT('',(-0.257775697,0.758206096,0.349725));
#1274=CARTESIAN_POINT('',(-0.24843638,0.76987426,0.349725));
#1275=CARTESIAN_POINT('',(-0.239097063,0.781542423,0.349725));
#1276=CARTESIAN_POINT('',(-0.226984267,0.790996707,0.349725));
#1277=CARTESIAN_POINT('',(-0.213322783,0.797050935,0.349725));
#1278=CARTESIAN_POINT('',(-0.199661298,0.803105163,0.349725));
#1279=CARTESIAN_POINT('',(-0.184538278,0.805084109,0.349725));
#1280=CARTESIAN_POINT('',(-0.169614595,0.805469697,0.349725));
#1281=B_SPLINE_CURVE_WITH_KNOTS('',3,(#1268,#1269,#1270,#1271,#1272,#1273,#1274,#1275,#1276,#1277,#1278,#1279,#1280),.UNSPECIFIED.,.F.,.F.,(4,3,3,3,4),(0.,0.249994135,0.499988271,0.749982406,0.999976542),.UNSPECIFIED.);
#1282=EDGE_CURVE('NONE',#1259,#1267,#1281,.T.);
#1283=ORIENTED_EDGE('',*,*,#1282,.T.);
#1284=CARTESIAN_POINT('',(-0.068311688,0.693375649,0.349725));
#1285=VERTEX_POINT('',#1284);
#1286=CARTESIAN_POINT('',(-0.16961039,0.805469805,0.349725));
#1287=CARTESIAN_POINT('',(-0.16253784,0.805262198,0.349725));
#1288=CARTESIAN_POINT('',(-0.155452222,0.804952965,0.349725));
#1289=CARTESIAN_POINT('',(-0.148473792,0.803778266,0.349725));
#1290=CARTESIAN_POINT('',(-0.141495361,0.802603568,0.349725));
#1291=CARTESIAN_POINT('',(-0.134627511,0.800707062,0.349725));
#1292=CARTESIAN_POINT('',(-0.128093959,0.797990098,0.349725));
#1293=CARTESIAN_POINT('',(-0.115026856,0.792556169,0.349725));
#1294=CARTESIAN_POINT('',(-0.103569447,0.78350265,0.349725));
#1295=CARTESIAN_POINT('',(-0.094843951,0.77235992,0.349725));
#1296=CARTESIAN_POINT('',(-0.086118456,0.761217191,0.349725));
#1297=CARTESIAN_POINT('',(-0.079390378,0.748541472,0.349725));
#1298=CARTESIAN_POINT('',(-0.074893955,0.73511941,0.349725));
#1299=CARTESIAN_POINT('',(-0.070397532,0.721697348,0.349725));
#1300=CARTESIAN_POINT('',(-0.068602867,0.707527103,0.349725));
#1301=CARTESIAN_POINT('',(-0.068311688,0.693375649,0.349725));
#1302=B_SPLINE_CURVE_WITH_KNOTS('',3,(#1286,#1287,#1288,#1289,#1290,#1291,#1292,#1293,#1294,#1295,#1296,#1297,#1298,#1299,#1300,#1301),.UNSPECIFIED.,.F.,.F.,(4,3,3,3,3,4),(0.,0.125,0.25,0.5,0.75,1.),.UNSPECIFIED.);
#1303=EDGE_CURVE('NONE',#1267,#1285,#1302,.T.);
#1304=ORIENTED_EDGE('',*,*,#1303,.T.);
#1305=CARTESIAN_POINT('',(-0.162386364,0.524706818,0.349725));
#1306=VERTEX_POINT('',#1305);
#1307=CARTESIAN_POINT('',(-0.068311688,0.693375649,0.349725));
#1308=CARTESIAN_POINT('',(-0.068666918,0.67686685,0.349725));
#1309=CARTESIAN_POINT('',(-0.071125915,0.660373619,0.349725));
#1310=CARTESIAN_POINT('',(-0.076519003,0.644764466,0.349725));
#1311=CARTESIAN_POINT('',(-0.08191209,0.629155312,0.349725));
#1312=CARTESIAN_POINT('',(-0.089982506,0.61459332,0.349725));
#1313=CARTESIAN_POINT('',(-0.099283798,0.600950074,0.349725));
#1314=CARTESIAN_POINT('',(-0.117886381,0.573663582,0.349725));
#1315=CARTESIAN_POINT('',(-0.140014805,0.548992326,0.349725));
#1316=CARTESIAN_POINT('',(-0.162386364,0.524706818,0.349725));
#1317=B_SPLINE_CURVE_WITH_KNOTS('',3,(#1307,#1308,#1309,#1310,#1311,#1312,#1313,#1314,#1315,#1316),.UNSPECIFIED.,.F.,.F.,(4,3,3,4),(0.,0.25,0.5,1.),.UNSPECIFIED.);
#1318=EDGE_CURVE('NONE',#1285,#1306,#1317,.T.);
#1319=ORIENTED_EDGE('',*,*,#1318,.T.);
#1320=CARTESIAN_POINT('',(-0.224155844,0.447028247,0.349725));
#1321=VERTEX_POINT('',#1320);
#1322=CARTESIAN_POINT('',(-0.162386364,0.524706818,0.349725));
#1323=CARTESIAN_POINT('',(-0.173760705,0.512605073,0.349725));
#1324=CARTESIAN_POINT('',(-0.185138755,0.50049971,0.349725));
#1325=CARTESIAN_POINT('',(-0.196032329,0.487962541,0.349725));
#1326=CARTESIAN_POINT('',(-0.201479117,0.481693956,0.349725));
#1327=CARTESIAN_POINT('',(-0.206818626,0.475320613,0.349725));
#1328=CARTESIAN_POINT('',(-0.211604723,0.468525598,0.349725));
#1329=CARTESIAN_POINT('',(-0.216390821,0.461730584,0.349725));
#1330=CARTESIAN_POINT('',(-0.220356667,0.454420607,0.349725));
#1331=CARTESIAN_POINT('',(-0.224155844,0.447028247,0.349725));
#1332=B_SPLINE_CURVE_WITH_KNOTS('',3,(#1322,#1323,#1324,#1325,#1326,#1327,#1328,#1329,#1330,#1331),.UNSPECIFIED.,.F.,.F.,(4,3,3,4),(0.,0.5,0.75,1.),.UNSPECIFIED.);
#1333=EDGE_CURVE('NONE',#1306,#1321,#1332,.T.);
#1334=ORIENTED_EDGE('',*,*,#1333,.T.);
#1335=CARTESIAN_POINT('',(-0.068311688,0.447028247,0.349725));
#1336=VERTEX_POINT('',#1335);
#1337=CARTESIAN_POINT('',(-0.224155844,0.447028247,0.349725));
#1338=DIRECTION('',(1.,0.,-0.));
#1339=VECTOR('',#1338,0.155844156);
#1340=LINE('',#1337,#1339);
#1341=EDGE_CURVE('NONE',#1321,#1336,#1340,.T.);
#1342=ORIENTED_EDGE('',*,*,#1341,.T.);
#1343=CARTESIAN_POINT('',(-0.068311688,0.447028247,0.349725));
#1344=DIRECTION('',(0.,-1.,0.));
#1345=VECTOR('',#1344,0.046753247);
#1346=LINE('',#1343,#1345);
#1347=EDGE_CURVE('NONE',#1336,#1180,#1346,.T.);
#1348=ORIENTED_EDGE('',*,*,#1347,.T.);
#1349=EDGE_LOOP('',(#1188,#1200,#1218,#1239,#1257,#1265,#1283,#1304,#1319,#1334,#1342,#1348));
#1350=FACE_BOUND('',#1349,.T.);
#1351=CARTESIAN_POINT('',(-0.194025974,-0.005000974,0.349725));
#1352=VERTEX_POINT('',#1351);
#1353=CARTESIAN_POINT('',(-0.035340909,0.205469805,0.349725));
#1354=VERTEX_POINT('',#1353);
#1355=CARTESIAN_POINT('',(-0.194025974,-0.005000974,0.349725));
#1356=CARTESIAN_POINT('',(-0.193600093,0.019723525,0.349725));
#1357=CARTESIAN_POINT('',(-0.192021763,0.044379615,0.349725));
#1358=CARTESIAN_POINT('',(-0.186798569,0.06835318,0.349725));
#1359=CARTESIAN_POINT('',(-0.181575376,0.092326746,0.349725));
#1360=CARTESIAN_POINT('',(-0.172847361,0.115879911,0.349725));
#1361=CARTESIAN_POINT('',(-0.159285457,0.136434954,0.349725));
#1362=CARTESIAN_POINT('',(-0.145723553,0.156989997,0.349725));
#1363=CARTESIAN_POINT('',(-0.12807581,0.17475395,0.349725));
#1364=CARTESIAN_POINT('',(-0.106396182,0.187159733,0.349725));
#1365=CARTESIAN_POINT('',(-0.084716553,0.199565516,0.349725));
#1366=CARTESIAN_POINT('',(-0.060257647,0.2048641,0.349725));
#1367=CARTESIAN_POINT('',(-0.035341295,0.205469796,0.349725));
#1368=B_SPLINE_CURVE_WITH_KNOTS('',3,(#1355,#1356,#1357,#1358,#1359,#1360,#1361,#1362,#1363,#1364,#1365,#1366,#1367),.UNSPECIFIED.,.F.,.F.,(4,3,3,3,4),(0.,0.000074182,0.000148364,0.000222546,0.000296728),.UNSPECIFIED.);
#1369=EDGE_CURVE('NONE',#1352,#1354,#1368,.T.);
#1370=ORIENTED_EDGE('',*,*,#1369,.T.);
#1371=CARTESIAN_POINT('',(0.122857143,-0.000130844,0.349725));
#1372=VERTEX_POINT('',#1371);
#1373=CARTESIAN_POINT('',(-0.035340909,0.205469805,0.349725));
#1374=CARTESIAN_POINT('',(-0.023242364,0.205201911,0.349725));
#1375=CARTESIAN_POINT('',(-0.011116592,0.204106717,0.349725));
#1376=CARTESIAN_POINT('',(0.000593629,0.201067028,0.349725));
#1377=CARTESIAN_POINT('',(0.012303849,0.19802734,0.349725));
#1378=CARTESIAN_POINT('',(0.023609644,0.193456818,0.349725));
#1379=CARTESIAN_POINT('',(0.034156798,0.187528556,0.349725));
#1380=CARTESIAN_POINT('',(0.055251105,0.175672032,0.349725));
#1381=CARTESIAN_POINT('',(0.073197786,0.158468283,0.349725));
#1382=CARTESIAN_POINT('',(0.086489396,0.138249462,0.349725));
#1383=CARTESIAN_POINT('',(0.099781005,0.118030641,0.349725));
#1384=CARTESIAN_POINT('',(0.109158039,0.095348206,0.349725));
#1385=CARTESIAN_POINT('',(0.114884163,0.071836748,0.349725));
#1386=CARTESIAN_POINT('',(0.120610287,0.04832529,0.349725));
#1387=CARTESIAN_POINT('',(0.122568567,0.024061588,0.349725));
#1388=CARTESIAN_POINT('',(0.122857143,-0.000130844,0.349725));
#1389=B_SPLINE_CURVE_WITH_KNOTS('',3,(#1373,#1374,#1375,#1376,#1377,#1378,#1379,#1380,#1381,#1382,#1383,#1384,#1385,#1386,#1387,#1388),.UNSPECIFIED.,.F.,.F.,(4,3,3,3,3,4),(0.,0.125,0.25,0.5,0.75,1.),.UNSPECIFIED.);
#1390=EDGE_CURVE('NONE',#1354,#1372,#1389,.T.);
#1391=ORIENTED_EDGE('',*,*,#1390,.T.);
#1392=CARTESIAN_POINT('',(0.082112083,-0.143797243,0.349725));
#1393=VERTEX_POINT('',#1392);
#1394=CARTESIAN_POINT('',(0.122857143,-0.000130844,0.349725));
#1395=CARTESIAN_POINT('',(0.122626705,-0.012787339,0.349725));
#1396=CARTESIAN_POINT('',(0.122273478,-0.025457128,0.349725));
#1397=CARTESIAN_POINT('',(0.12084507,-0.038035467,0.349725));
#1398=CARTESIAN_POINT('',(0.119416662,-0.050613806,0.349725));
#1399=CARTESIAN_POINT('',(0.117133352,-0.063100088,0.349725));
#1400=CARTESIAN_POINT('',(0.11399825,-0.075363378,0.349725));
#1401=CARTESIAN_POINT('',(0.110863148,-0.087626668,0.349725));
#1402=CARTESIAN_POINT('',(0.106587489,-0.099596628,0.349725));
#1403=CARTESIAN_POINT('',(0.101320785,-0.111110812,0.349725));
#1404=CARTESIAN_POINT('',(0.096054081,-0.122624997,0.349725));
#1405=CARTESIAN_POINT('',(0.089345463,-0.133407685,0.349725));
#1406=CARTESIAN_POINT('',(0.082112083,-0.143797243,0.349725));
#1407=B_SPLINE_CURVE_WITH_KNOTS('',3,(#1394,#1395,#1396,#1397,#1398,#1399,#1400,#1401,#1402,#1403,#1404,#1405,#1406),.UNSPECIFIED.,.F.,.F.,(4,3,3,3,4),(0.,0.249995125,0.499990251,0.749985376,0.999980501),.UNSPECIFIED.);
#1408=EDGE_CURVE('NONE',#1372,#1393,#1407,.T.);
#1409=ORIENTED_EDGE('',*,*,#1408,.T.);
#1410=CARTESIAN_POINT('',(-0.035582059,-0.20491971,0.349725));
#1411=VERTEX_POINT('',#1410);
#1412=CARTESIAN_POINT('',(0.08211039,-0.143799675,0.349725));
#1413=CARTESIAN_POINT('',(0.075014673,-0.152858906,0.349725));
#1414=CARTESIAN_POINT('',(0.067655897,-0.161750961,0.349725));
#1415=CARTESIAN_POINT('',(0.059103699,-0.169451602,0.349725));
#1416=CARTESIAN_POINT('',(0.050551501,-0.177152243,0.349725));
#1417=CARTESIAN_POINT('',(0.041130077,-0.183913572,0.349725));
#1418=CARTESIAN_POINT('',(0.030957257,-0.189286171,0.349725));
#1419=CARTESIAN_POINT('',(0.020784436,-0.19465877,0.349725));
#1420=CARTESIAN_POINT('',(0.009872063,-0.198606127,0.349725));
#1421=CARTESIAN_POINT('',(-0.001340549,-0.201201669,0.349725));
#1422=CARTESIAN_POINT('',(-0.01255316,-0.203797212,0.349725));
#1423=CARTESIAN_POINT('',(-0.024083188,-0.204557354,0.349725));
#1424=CARTESIAN_POINT('',(-0.035582058,-0.204919731,0.349725));
#1425=B_SPLINE_CURVE_WITH_KNOTS('',3,(#1412,#1413,#1414,#1415,#1416,#1417,#1418,#1419,#1420,#1421,#1422,#1423,#1424),.UNSPECIFIED.,.F.,.F.,(4,3,3,3,4),(0.,0.24999573,0.49999146,0.74998719,0.99998292),.UNSPECIFIED.);
#1426=EDGE_CURVE('NONE',#1393,#1411,#1425,.T.);
#1427=ORIENTED_EDGE('',*,*,#1426,.T.);
#1428=CARTESIAN_POINT('',(-0.15351983,-0.142180141,0.349725));
#1429=VERTEX_POINT('',#1428);
#1430=CARTESIAN_POINT('',(-0.035584416,-0.204919805,0.349725));
#1431=CARTESIAN_POINT('',(-0.047191469,-0.204568441,0.349725));
#1432=CARTESIAN_POINT('',(-0.058821761,-0.203780244,0.349725));
#1433=CARTESIAN_POINT('',(-0.070118738,-0.201092341,0.349725));
#1434=CARTESIAN_POINT('',(-0.081415714,-0.198404438,0.349725));
#1435=CARTESIAN_POINT('',(-0.092386735,-0.194318309,0.349725));
#1436=CARTESIAN_POINT('',(-0.102595943,-0.188793859,0.349725));
#1437=CARTESIAN_POINT('',(-0.112805151,-0.183269409,0.349725));
#1438=CARTESIAN_POINT('',(-0.122203811,-0.176304936,0.349725));
#1439=CARTESIAN_POINT('',(-0.130723102,-0.168414014,0.349725));
#1440=CARTESIAN_POINT('',(-0.139242393,-0.160523092,0.349725));
#1441=CARTESIAN_POINT('',(-0.146534606,-0.151443945,0.349725));
#1442=CARTESIAN_POINT('',(-0.15351983,-0.142180141,0.349725));
#1443=B_SPLINE_CURVE_WITH_KNOTS('',3,(#1430,#1431,#1432,#1433,#1434,#1435,#1436,#1437,#1438,#1439,#1440,#1441,#1442),.UNSPECIFIED.,.F.,.F.,(4,3,3,3,4),(0.,0.249991366,0.499982733,0.749974099,0.999965465),.UNSPECIFIED.);
#1444=EDGE_CURVE('NONE',#1411,#1429,#1443,.T.);
#1445=ORIENTED_EDGE('',*,*,#1444,.T.);
#1446=CARTESIAN_POINT('',(-0.153522727,-0.142176299,0.349725));
#1447=CARTESIAN_POINT('',(-0.160308081,-0.132131511,0.349725));
#1448=CARTESIAN_POINT('',(-0.166710914,-0.121817259,0.349725));
#1449=CARTESIAN_POINT('',(-0.171907055,-0.110866119,0.349725));
#1450=CARTESIAN_POINT('',(-0.177103196,-0.09991498,0.349725));
#1451=CARTESIAN_POINT('',(-0.18131175,-0.088513955,0.349725));
#1452=CARTESIAN_POINT('',(-0.184627486,-0.076857226,0.349725));
#1453=CARTESIAN_POINT('',(-0.187943222,-0.065200497,0.349725));
#1454=CARTESIAN_POINT('',(-0.190315133,-0.053286753,0.349725));
#1455=CARTESIAN_POINT('',(-0.191830931,-0.041262407,0.349725));
#1456=CARTESIAN_POINT('',(-0.193346729,-0.029238062,0.349725));
#1457=CARTESIAN_POINT('',(-0.193791228,-0.017117175,0.349725));
#1458=CARTESIAN_POINT('',(-0.194025974,-0.005000974,0.349725));
#1459=B_SPLINE_CURVE_WITH_KNOTS('',3,(#1446,#1447,#1448,#1449,#1450,#1451,#1452,#1453,#1454,#1455,#1456,#1457,#1458),.UNSPECIFIED.,.F.,.F.,(4,3,3,3,4),(0.,0.25,0.5,0.75,1.),.UNSPECIFIED.);
#1460=EDGE_CURVE('NONE',#1429,#1352,#1459,.T.);
#1461=ORIENTED_EDGE('',*,*,#1460,.T.);
#1462=EDGE_LOOP('',(#1370,#1391,#1409,#1427,#1445,#1461));
#1463=FACE_BOUND('',#1462,.T.);
#1464=ADVANCED_FACE('NONE',(#156,#444,#615,#841,#936,#1006,#1178,#1350,#1463),#153,.T.);
#1465=CARTESIAN_POINT('',(-0.95,-0.399725,0.249725));
#1466=DIRECTION('',(0.,-0.,-1.));
#1467=DIRECTION('',(0.,1.,-0.));
#1468=AXIS2_PLACEMENT_3D('',#1465,#1466,#1467);
#1469=CYLINDRICAL_SURFACE('',#1468,0.2);
#1470=CARTESIAN_POINT('',(-0.95,-0.599725,0.199725));
#1471=VERTEX_POINT('',#1470);
#1472=CARTESIAN_POINT('',(-0.95,-0.599725,0.149725));
#1473=VERTEX_POINT('',#1472);
#1474=CARTESIAN_POINT('',(-0.95,-0.599725,0.199725));
#1475=DIRECTION('',(-0.,-0.,-1.));
#1476=VECTOR('',#1475,0.05);
#1477=LINE('',#1474,#1476);
#1478=EDGE_CURVE('NONE',#1471,#1473,#1477,.T.);
#1479=ORIENTED_EDGE('',*,*,#1478,.F.);
#1480=CARTESIAN_POINT('',(-1.15,-0.399725,0.199725));
#1481=VERTEX_POINT('',#1480);
#1482=CARTESIAN_POINT('',(-0.95,-0.399725,0.199725));
#1483=DIRECTION('',(0.,-0.,-1.));
#1484=DIRECTION('',(0.,1.,-0.));
#1485=AXIS2_PLACEMENT_3D('',#1482,#1483,#1484);
#1486=CIRCLE('',#1485,0.2);
#1487=EDGE_CURVE('NONE',#1471,#1481,#1486,.T.);
#1488=ORIENTED_EDGE('',*,*,#1487,.T.);
#1489=CARTESIAN_POINT('',(-1.15,-0.399725,0.149725));
#1490=VERTEX_POINT('',#1489);
#1491=CARTESIAN_POINT('',(-1.15,-0.399725,0.199725));
#1492=DIRECTION('',(0.,-0.,-1.));
#1493=VECTOR('',#1492,0.05);
#1494=LINE('',#1491,#1493);
#1495=EDGE_CURVE('NONE',#1481,#1490,#1494,.T.);
#1496=ORIENTED_EDGE('',*,*,#1495,.T.);
#1497=CARTESIAN_POINT('',(-0.95,-0.399725,0.149725));
#1498=DIRECTION('',(-0.,0.,1.));
#1499=DIRECTION('',(0.,1.,-0.));
#1500=AXIS2_PLACEMENT_3D('',#1497,#1498,#1499);
#1501=CIRCLE('',#1500,0.2);
#1502=EDGE_CURVE('NONE',#1490,#1473,#1501,.T.);
#1503=ORIENTED_EDGE('',*,*,#1502,.T.);
#1504=EDGE_LOOP('',(#1479,#1488,#1496,#1503));
#1505=FACE_BOUND('',#1504,.T.);
#1506=ADVANCED_FACE('NONE',(#1505),#1469,.T.);
#1507=CARTESIAN_POINT('',(-0.95,-0.599725,0.249725));
#1508=DIRECTION('',(0.,1.,-0.));
#1509=DIRECTION('',(-1.,0.,0.));
#1510=AXIS2_PLACEMENT_3D('',#1507,#1508,#1509);
#1511=PLANE('',#1510);
#1512=CARTESIAN_POINT('',(0.95,-0.599725,0.199725));
#1513=VERTEX_POINT('',#1512);
#1514=CARTESIAN_POINT('',(0.95,-0.599725,0.149725));
#1515=VERTEX_POINT('',#1514);
#1516=CARTESIAN_POINT('',(0.95,-0.599725,0.199725));
#1517=DIRECTION('',(0.,-0.,-1.));
#1518=VECTOR('',#1517,0.05);
#1519=LINE('',#1516,#1518);
#1520=EDGE_CURVE('NONE',#1513,#1515,#1519,.T.);
#1521=ORIENTED_EDGE('',*,*,#1520,.F.);
#1522=CARTESIAN_POINT('',(0.95,-0.599725,0.199725));
#1523=DIRECTION('',(-1.,0.,0.));
#1524=VECTOR('',#1523,1.9);
#1525=LINE('',#1522,#1524);
#1526=EDGE_CURVE('NONE',#1513,#1471,#1525,.T.);
#1527=ORIENTED_EDGE('',*,*,#1526,.T.);
#1528=ORIENTED_EDGE('',*,*,#1478,.T.);
#1529=CARTESIAN_POINT('',(-0.95,-0.599725,0.149725));
#1530=DIRECTION('',(1.,-0.,-0.));
#1531=VECTOR('',#1530,1.9);
#1532=LINE('',#1529,#1531);
#1533=EDGE_CURVE('NONE',#1473,#1515,#1532,.T.);
#1534=ORIENTED_EDGE('',*,*,#1533,.T.);
#1535=EDGE_LOOP('',(#1521,#1527,#1528,#1534));
#1536=FACE_BOUND('',#1535,.T.);
#1537=ADVANCED_FACE('NONE',(#1536),#1511,.F.);
#1538=CARTESIAN_POINT('',(0.95,-0.399725,0.249725));
#1539=DIRECTION('',(0.,-0.,-1.));
#1540=DIRECTION('',(0.,1.,-0.));
#1541=AXIS2_PLACEMENT_3D('',#1538,#1539,#1540);
#1542=CYLINDRICAL_SURFACE('',#1541,0.2);
#1543=CARTESIAN_POINT('',(1.15,-0.399725,0.199725));
#1544=VERTEX_POINT('',#1543);
#1545=CARTESIAN_POINT('',(1.15,-0.399725,0.149725));
#1546=VERTEX_POINT('',#1545);
#1547=CARTESIAN_POINT('',(1.15,-0.399725,0.199725));
#1548=DIRECTION('',(-0.,-0.,-1.));
#1549=VECTOR('',#1548,0.05);
#1550=LINE('',#1547,#1549);
#1551=EDGE_CURVE('NONE',#1544,#1546,#1550,.T.);
#1552=ORIENTED_EDGE('',*,*,#1551,.F.);
#1553=CARTESIAN_POINT('',(0.95,-0.399725,0.199725));
#1554=DIRECTION('',(0.,-0.,-1.));
#1555=DIRECTION('',(0.,1.,-0.));
#1556=AXIS2_PLACEMENT_3D('',#1553,#1554,#1555);
#1557=CIRCLE('',#1556,0.2);
#1558=EDGE_CURVE('NONE',#1544,#1513,#1557,.T.);
#1559=ORIENTED_EDGE('',*,*,#1558,.T.);
#1560=ORIENTED_EDGE('',*,*,#1520,.T.);
#1561=CARTESIAN_POINT('',(0.95,-0.399725,0.149725));
#1562=DIRECTION('',(-0.,0.,1.));
#1563=DIRECTION('',(0.,1.,-0.));
#1564=AXIS2_PLACEMENT_3D('',#1561,#1562,#1563);
#1565=CIRCLE('',#1564,0.2);
#1566=EDGE_CURVE('NONE',#1515,#1546,#1565,.T.);
#1567=ORIENTED_EDGE('',*,*,#1566,.T.);
#1568=EDGE_LOOP('',(#1552,#1559,#1560,#1567));
#1569=FACE_BOUND('',#1568,.T.);
#1570=ADVANCED_FACE('NONE',(#1569),#1542,.T.);
#1571=CARTESIAN_POINT('',(1.15,-0.399725,0.249725));
#1572=DIRECTION('',(-1.,-0.,0.));
#1573=DIRECTION('',(0.,-1.,0.));
#1574=AXIS2_PLACEMENT_3D('',#1571,#1572,#1573);
#1575=PLANE('',#1574);
#1576=CARTESIAN_POINT('',(1.15,1.000275,0.199725));
#1577=VERTEX_POINT('',#1576);
#1578=CARTESIAN_POINT('',(1.15,1.000275,0.149725));
#1579=VERTEX_POINT('',#1578);
#1580=CARTESIAN_POINT('',(1.15,1.000275,0.199725));
#1581=DIRECTION('',(0.,-0.,-1.));
#1582=VECTOR('',#1581,0.05);
#1583=LINE('',#1580,#1582);
#1584=EDGE_CURVE('NONE',#1577,#1579,#1583,.T.);
#1585=ORIENTED_EDGE('',*,*,#1584,.F.);
#1586=CARTESIAN_POINT('',(1.15,1.000275,0.199725));
#1587=DIRECTION('',(0.,-1.,0.));
#1588=VECTOR('',#1587,1.4);
#1589=LINE('',#1586,#1588);
#1590=EDGE_CURVE('NONE',#1577,#1544,#1589,.T.);
#1591=ORIENTED_EDGE('',*,*,#1590,.T.);
#1592=ORIENTED_EDGE('',*,*,#1551,.T.);
#1593=CARTESIAN_POINT('',(1.15,-0.399725,0.149725));
#1594=DIRECTION('',(-0.,1.,-0.));
#1595=VECTOR('',#1594,1.4);
#1596=LINE('',#1593,#1595);
#1597=EDGE_CURVE('NONE',#1546,#1579,#1596,.T.);
#1598=ORIENTED_EDGE('',*,*,#1597,.T.);
#1599=EDGE_LOOP('',(#1585,#1591,#1592,#1598));
#1600=FACE_BOUND('',#1599,.T.);
#1601=ADVANCED_FACE('NONE',(#1600),#1575,.F.);
#1602=CARTESIAN_POINT('',(0.95,1.000275,0.249725));
#1603=DIRECTION('',(0.,-0.,-1.));
#1604=DIRECTION('',(0.,1.,-0.));
#1605=AXIS2_PLACEMENT_3D('',#1602,#1603,#1604);
#1606=CYLINDRICAL_SURFACE('',#1605,0.2);
#1607=CARTESIAN_POINT('',(0.95,1.200275,0.199725));
#1608=VERTEX_POINT('',#1607);
#1609=CARTESIAN_POINT('',(0.95,1.200275,0.149725));
#1610=VERTEX_POINT('',#1609);
#1611=CARTESIAN_POINT('',(0.95,1.200275,0.199725));
#1612=DIRECTION('',(-0.,-0.,-1.));
#1613=VECTOR('',#1612,0.05);
#1614=LINE('',#1611,#1613);
#1615=EDGE_CURVE('NONE',#1608,#1610,#1614,.T.);
#1616=ORIENTED_EDGE('',*,*,#1615,.F.);
#1617=CARTESIAN_POINT('',(0.95,1.000275,0.199725));
#1618=DIRECTION('',(0.,-0.,-1.));
#1619=DIRECTION('',(0.,1.,-0.));
#1620=AXIS2_PLACEMENT_3D('',#1617,#1618,#1619);
#1621=CIRCLE('',#1620,0.2);
#1622=EDGE_CURVE('NONE',#1608,#1577,#1621,.T.);
#1623=ORIENTED_EDGE('',*,*,#1622,.T.);
#1624=ORIENTED_EDGE('',*,*,#1584,.T.);
#1625=CARTESIAN_POINT('',(0.95,1.000275,0.149725));
#1626=DIRECTION('',(-0.,0.,1.));
#1627=DIRECTION('',(0.,1.,-0.));
#1628=AXIS2_PLACEMENT_3D('',#1625,#1626,#1627);
#1629=CIRCLE('',#1628,0.2);
#1630=EDGE_CURVE('NONE',#1579,#1610,#1629,.T.);
#1631=ORIENTED_EDGE('',*,*,#1630,.T.);
#1632=EDGE_LOOP('',(#1616,#1623,#1624,#1631));
#1633=FACE_BOUND('',#1632,.T.);
#1634=ADVANCED_FACE('NONE',(#1633),#1606,.T.);
#1635=CARTESIAN_POINT('',(-0.95,1.200275,0.249725));
#1636=DIRECTION('',(0.,-1.,0.));
#1637=DIRECTION('',(1.,0.,0.));
#1638=AXIS2_PLACEMENT_3D('',#1635,#1636,#1637);
#1639=PLANE('',#1638);
#1640=CARTESIAN_POINT('',(-0.95,1.200275,0.199725));
#1641=VERTEX_POINT('',#1640);
#1642=CARTESIAN_POINT('',(-0.95,1.200275,0.149725));
#1643=VERTEX_POINT('',#1642);
#1644=CARTESIAN_POINT('',(-0.95,1.200275,0.199725));
#1645=DIRECTION('',(0.,-0.,-1.));
#1646=VECTOR('',#1645,0.05);
#1647=LINE('',#1644,#1646);
#1648=EDGE_CURVE('NONE',#1641,#1643,#1647,.T.);
#1649=ORIENTED_EDGE('',*,*,#1648,.F.);
#1650=CARTESIAN_POINT('',(-0.95,1.200275,0.199725));
#1651=DIRECTION('',(1.,0.,-0.));
#1652=VECTOR('',#1651,1.9);
#1653=LINE('',#1650,#1652);
#1654=EDGE_CURVE('NONE',#1641,#1608,#1653,.T.);
#1655=ORIENTED_EDGE('',*,*,#1654,.T.);
#1656=ORIENTED_EDGE('',*,*,#1615,.T.);
#1657=CARTESIAN_POINT('',(0.95,1.200275,0.149725));
#1658=DIRECTION('',(-1.,-0.,0.));
#1659=VECTOR('',#1658,1.9);
#1660=LINE('',#1657,#1659);
#1661=EDGE_CURVE('NONE',#1610,#1643,#1660,.T.);
#1662=ORIENTED_EDGE('',*,*,#1661,.T.);
#1663=EDGE_LOOP('',(#1649,#1655,#1656,#1662));
#1664=FACE_BOUND('',#1663,.T.);
#1665=ADVANCED_FACE('NONE',(#1664),#1639,.F.);
#1666=CARTESIAN_POINT('',(-0.95,1.000275,0.249725));
#1667=DIRECTION('',(0.,-0.,-1.));
#1668=DIRECTION('',(0.,1.,-0.));
#1669=AXIS2_PLACEMENT_3D('',#1666,#1667,#1668);
#1670=CYLINDRICAL_SURFACE('',#1669,0.2);
#1671=CARTESIAN_POINT('',(-1.15,1.000275,0.199725));
#1672=VERTEX_POINT('',#1671);
#1673=CARTESIAN_POINT('',(-1.15,1.000275,0.149725));
#1674=VERTEX_POINT('',#1673);
#1675=CARTESIAN_POINT('',(-1.15,1.000275,0.199725));
#1676=DIRECTION('',(-0.,-0.,-1.));
#1677=VECTOR('',#1676,0.05);
#1678=LINE('',#1675,#1677);
#1679=EDGE_CURVE('NONE',#1672,#1674,#1678,.T.);
#1680=ORIENTED_EDGE('',*,*,#1679,.F.);
#1681=CARTESIAN_POINT('',(-0.95,1.000275,0.199725));
#1682=DIRECTION('',(0.,-0.,-1.));
#1683=DIRECTION('',(0.,1.,-0.));
#1684=AXIS2_PLACEMENT_3D('',#1681,#1682,#1683);
#1685=CIRCLE('',#1684,0.2);
#1686=EDGE_CURVE('NONE',#1672,#1641,#1685,.T.);
#1687=ORIENTED_EDGE('',*,*,#1686,.T.);
#1688=ORIENTED_EDGE('',*,*,#1648,.T.);
#1689=CARTESIAN_POINT('',(-0.95,1.000275,0.149725));
#1690=DIRECTION('',(-0.,0.,1.));
#1691=DIRECTION('',(0.,1.,-0.));
#1692=AXIS2_PLACEMENT_3D('',#1689,#1690,#1691);
#1693=CIRCLE('',#1692,0.2);
#1694=EDGE_CURVE('NONE',#1643,#1674,#1693,.T.);
#1695=ORIENTED_EDGE('',*,*,#1694,.T.);
#1696=EDGE_LOOP('',(#1680,#1687,#1688,#1695));
#1697=FACE_BOUND('',#1696,.T.);
#1698=ADVANCED_FACE('NONE',(#1697),#1670,.T.);
#1699=CARTESIAN_POINT('',(-1.15,-0.399725,0.249725));
#1700=DIRECTION('',(1.,0.,0.));
#1701=DIRECTION('',(0.,1.,-0.));
#1702=AXIS2_PLACEMENT_3D('',#1699,#1700,#1701);
#1703=PLANE('',#1702);
#1704=ORIENTED_EDGE('',*,*,#1495,.F.);
#1705=CARTESIAN_POINT('',(-1.15,-0.399725,0.199725));
#1706=DIRECTION('',(0.,1.,-0.));
#1707=VECTOR('',#1706,1.4);
#1708=LINE('',#1705,#1707);
#1709=EDGE_CURVE('NONE',#1481,#1672,#1708,.T.);
#1710=ORIENTED_EDGE('',*,*,#1709,.T.);
#1711=ORIENTED_EDGE('',*,*,#1679,.T.);
#1712=CARTESIAN_POINT('',(-1.15,1.000275,0.149725));
#1713=DIRECTION('',(-0.,-1.,0.));
#1714=VECTOR('',#1713,1.4);
#1715=LINE('',#1712,#1714);
#1716=EDGE_CURVE('NONE',#1674,#1490,#1715,.T.);
#1717=ORIENTED_EDGE('',*,*,#1716,.T.);
#1718=EDGE_LOOP('',(#1704,#1710,#1711,#1717));
#1719=FACE_BOUND('',#1718,.T.);
#1720=ADVANCED_FACE('NONE',(#1719),#1703,.F.);
#1721=CARTESIAN_POINT('',(-0.95,-0.399725,0.149725));
#1722=DIRECTION('',(0.,-0.,-1.));
#1723=DIRECTION('',(0.,1.,-0.));
#1724=AXIS2_PLACEMENT_3D('',#1721,#1722,#1723);
#1725=PLANE('',#1724);
#1726=ORIENTED_EDGE('',*,*,#1502,.F.);
#1727=ORIENTED_EDGE('',*,*,#1716,.F.);
#1728=ORIENTED_EDGE('',*,*,#1694,.F.);
#1729=ORIENTED_EDGE('',*,*,#1661,.F.);
#1730=ORIENTED_EDGE('',*,*,#1630,.F.);
#1731=ORIENTED_EDGE('',*,*,#1597,.F.);
#1732=ORIENTED_EDGE('',*,*,#1566,.F.);
#1733=ORIENTED_EDGE('',*,*,#1533,.F.);
#1734=EDGE_LOOP('',(#1726,#1727,#1728,#1729,#1730,#1731,#1732,#1733));
#1735=FACE_BOUND('',#1734,.T.);
#1736=ADVANCED_FACE('NONE',(#1735),#1725,.T.);
#1737=CARTESIAN_POINT('',(0.95,1.000275,0.199725));
#1738=DIRECTION('',(0.,-0.,-1.));
#1739=DIRECTION('',(0.,1.,-0.));
#1740=AXIS2_PLACEMENT_3D('',#1737,#1738,#1739);
#1741=TOROIDAL_SURFACE('',#1740,0.15,0.05);
#1742=CARTESIAN_POINT('',(1.1,1.000275,0.249725));
#1743=VERTEX_POINT('',#1742);
#1744=CARTESIAN_POINT('',(1.1,1.000275,0.199725));
#1745=DIRECTION('',(0.,-1.,0.));
#1746=DIRECTION('',(-1.,-0.,0.));
#1747=AXIS2_PLACEMENT_3D('',#1744,#1745,#1746);
#1748=CIRCLE('',#1747,0.05);
#1749=EDGE_CURVE('NONE',#1577,#1743,#1748,.T.);
#1750=ORIENTED_EDGE('',*,*,#1749,.F.);
#1751=ORIENTED_EDGE('',*,*,#1622,.F.);
#1752=CARTESIAN_POINT('',(0.95,1.150275,0.249725));
#1753=VERTEX_POINT('',#1752);
#1754=CARTESIAN_POINT('',(0.95,1.150275,0.199725));
#1755=DIRECTION('',(-1.,0.,0.));
#1756=DIRECTION('',(0.,-1.,0.));
#1757=AXIS2_PLACEMENT_3D('',#1754,#1755,#1756);
#1758=CIRCLE('',#1757,0.05);
#1759=EDGE_CURVE('NONE',#1753,#1608,#1758,.T.);
#1760=ORIENTED_EDGE('',*,*,#1759,.F.);
#1761=CARTESIAN_POINT('',(0.95,1.000275,0.249725));
#1762=DIRECTION('',(-0.,0.,1.));
#1763=DIRECTION('',(0.,1.,-0.));
#1764=AXIS2_PLACEMENT_3D('',#1761,#1762,#1763);
#1765=CIRCLE('',#1764,0.15);
#1766=EDGE_CURVE('NONE',#1743,#1753,#1765,.T.);
#1767=ORIENTED_EDGE('',*,*,#1766,.F.);
#1768=EDGE_LOOP('',(#1750,#1751,#1760,#1767));
#1769=FACE_BOUND('',#1768,.T.);
#1770=ADVANCED_FACE('NONE',(#1769),#1741,.T.);
#1771=CARTESIAN_POINT('',(-0.95,1.150275,0.199725));
#1772=DIRECTION('',(-1.,0.,0.));
#1773=DIRECTION('',(0.,-1.,0.));
#1774=AXIS2_PLACEMENT_3D('',#1771,#1772,#1773);
#1775=CYLINDRICAL_SURFACE('',#1774,0.05);
#1776=ORIENTED_EDGE('',*,*,#1759,.T.);
#1777=ORIENTED_EDGE('',*,*,#1654,.F.);
#1778=CARTESIAN_POINT('',(-0.95,1.150275,0.249725));
#1779=VERTEX_POINT('',#1778);
#1780=CARTESIAN_POINT('',(-0.95,1.150275,0.199725));
#1781=DIRECTION('',(-1.,0.,0.));
#1782=DIRECTION('',(0.,-1.,0.));
#1783=AXIS2_PLACEMENT_3D('',#1780,#1781,#1782);
#1784=CIRCLE('',#1783,0.05);
#1785=EDGE_CURVE('NONE',#1779,#1641,#1784,.T.);
#1786=ORIENTED_EDGE('',*,*,#1785,.F.);
#1787=CARTESIAN_POINT('',(0.95,1.150275,0.249725));
#1788=DIRECTION('',(-1.,0.,-0.));
#1789=VECTOR('',#1788,1.9);
#1790=LINE('',#1787,#1789);
#1791=EDGE_CURVE('NONE',#1753,#1779,#1790,.T.);
#1792=ORIENTED_EDGE('',*,*,#1791,.F.);
#1793=EDGE_LOOP('',(#1776,#1777,#1786,#1792));
#1794=FACE_BOUND('',#1793,.T.);
#1795=ADVANCED_FACE('NONE',(#1794),#1775,.T.);
#1796=CARTESIAN_POINT('',(0.95,1.000275,0.299725));
#1797=DIRECTION('',(0.,-0.,-1.));
#1798=DIRECTION('',(0.,1.,-0.));
#1799=AXIS2_PLACEMENT_3D('',#1796,#1797,#1798);
#1800=TOROIDAL_SURFACE('',#1799,0.15,0.05);
#1801=CARTESIAN_POINT('',(1.05,1.000275,0.299725));
#1802=VERTEX_POINT('',#1801);
#1803=CARTESIAN_POINT('',(1.1,1.000275,0.299725));
#1804=DIRECTION('',(-0.,1.,-0.));
#1805=DIRECTION('',(1.,0.,-0.));
#1806=AXIS2_PLACEMENT_3D('',#1803,#1804,#1805);
#1807=CIRCLE('',#1806,0.05);
#1808=EDGE_CURVE('NONE',#1743,#1802,#1807,.T.);
#1809=ORIENTED_EDGE('',*,*,#1808,.F.);
#1810=ORIENTED_EDGE('',*,*,#1766,.T.);
#1811=CARTESIAN_POINT('',(0.95,1.100275,0.299725));
#1812=VERTEX_POINT('',#1811);
#1813=CARTESIAN_POINT('',(0.95,1.150275,0.299725));
#1814=DIRECTION('',(1.,-0.,0.));
#1815=DIRECTION('',(0.,1.,-0.));
#1816=AXIS2_PLACEMENT_3D('',#1813,#1814,#1815);
#1817=CIRCLE('',#1816,0.05);
#1818=EDGE_CURVE('NONE',#1812,#1753,#1817,.T.);
#1819=ORIENTED_EDGE('',*,*,#1818,.F.);
#1820=CARTESIAN_POINT('',(0.95,1.000275,0.299725));
#1821=DIRECTION('',(0.,0.,1.));
#1822=DIRECTION('',(0.,-1.,0.));
#1823=AXIS2_PLACEMENT_3D('',#1820,#1821,#1822);
#1824=CIRCLE('',#1823,0.1);
#1825=EDGE_CURVE('NONE',#1802,#1812,#1824,.T.);
#1826=ORIENTED_EDGE('',*,*,#1825,.F.);
#1827=EDGE_LOOP('',(#1809,#1810,#1819,#1826));
#1828=FACE_BOUND('',#1827,.T.);
#1829=ADVANCED_FACE('NONE',(#1828),#1800,.F.);
#1830=CARTESIAN_POINT('',(1.1,-0.399725,0.199725));
#1831=DIRECTION('',(-0.,1.,-0.));
#1832=DIRECTION('',(-1.,-0.,0.));
#1833=AXIS2_PLACEMENT_3D('',#1830,#1831,#1832);
#1834=CYLINDRICAL_SURFACE('',#1833,0.05);
#1835=ORIENTED_EDGE('',*,*,#1590,.F.);
#1836=ORIENTED_EDGE('',*,*,#1749,.T.);
#1837=CARTESIAN_POINT('',(1.1,-0.399725,0.249725));
#1838=VERTEX_POINT('',#1837);
#1839=CARTESIAN_POINT('',(1.1,-0.399725,0.249725));
#1840=DIRECTION('',(-0.,1.,-0.));
#1841=VECTOR('',#1840,1.4);
#1842=LINE('',#1839,#1841);
#1843=EDGE_CURVE('NONE',#1838,#1743,#1842,.T.);
#1844=ORIENTED_EDGE('',*,*,#1843,.F.);
#1845=CARTESIAN_POINT('',(1.1,-0.399725,0.199725));
#1846=DIRECTION('',(-0.,-1.,0.));
#1847=DIRECTION('',(-1.,0.,-0.));
#1848=AXIS2_PLACEMENT_3D('',#1845,#1846,#1847);
#1849=CIRCLE('',#1848,0.05);
#1850=EDGE_CURVE('NONE',#1544,#1838,#1849,.T.);
#1851=ORIENTED_EDGE('',*,*,#1850,.F.);
#1852=EDGE_LOOP('',(#1835,#1836,#1844,#1851));
#1853=FACE_BOUND('',#1852,.T.);
#1854=ADVANCED_FACE('NONE',(#1853),#1834,.T.);
#1855=CARTESIAN_POINT('',(-0.95,1.000275,0.199725));
#1856=DIRECTION('',(0.,-0.,-1.));
#1857=DIRECTION('',(0.,1.,-0.));
#1858=AXIS2_PLACEMENT_3D('',#1855,#1856,#1857);
#1859=TOROIDAL_SURFACE('',#1858,0.15,0.05);
#1860=ORIENTED_EDGE('',*,*,#1785,.T.);
#1861=ORIENTED_EDGE('',*,*,#1686,.F.);
#1862=CARTESIAN_POINT('',(-1.1,1.000275,0.249725));
#1863=VERTEX_POINT('',#1862);
#1864=CARTESIAN_POINT('',(-1.1,1.000275,0.199725));
#1865=DIRECTION('',(0.,-1.,0.));
#1866=DIRECTION('',(1.,0.,0.));
#1867=AXIS2_PLACEMENT_3D('',#1864,#1865,#1866);
#1868=CIRCLE('',#1867,0.05);
#1869=EDGE_CURVE('NONE',#1863,#1672,#1868,.T.);
#1870=ORIENTED_EDGE('',*,*,#1869,.F.);
#1871=CARTESIAN_POINT('',(-0.95,1.000275,0.249725));
#1872=DIRECTION('',(-0.,0.,1.));
#1873=DIRECTION('',(0.,1.,-0.));
#1874=AXIS2_PLACEMENT_3D('',#1871,#1872,#1873);
#1875=CIRCLE('',#1874,0.15);
#1876=EDGE_CURVE('NONE',#1779,#1863,#1875,.T.);
#1877=ORIENTED_EDGE('',*,*,#1876,.F.);
#1878=EDGE_LOOP('',(#1860,#1861,#1870,#1877));
#1879=FACE_BOUND('',#1878,.T.);
#1880=ADVANCED_FACE('NONE',(#1879),#1859,.T.);
#1881=CARTESIAN_POINT('',(0.95,1.150275,0.299725));
#1882=DIRECTION('',(1.,-0.,0.));
#1883=DIRECTION('',(0.,1.,-0.));
#1884=AXIS2_PLACEMENT_3D('',#1881,#1882,#1883);
#1885=CYLINDRICAL_SURFACE('',#1884,0.05);
#1886=ORIENTED_EDGE('',*,*,#1818,.T.);
#1887=ORIENTED_EDGE('',*,*,#1791,.T.);
#1888=CARTESIAN_POINT('',(-0.95,1.100275,0.299725));
#1889=VERTEX_POINT('',#1888);
#1890=CARTESIAN_POINT('',(-0.95,1.150275,0.299725));
#1891=DIRECTION('',(1.,-0.,-0.));
#1892=DIRECTION('',(0.,-1.,0.));
#1893=AXIS2_PLACEMENT_3D('',#1890,#1891,#1892);
#1894=CIRCLE('',#1893,0.05);
#1895=EDGE_CURVE('NONE',#1889,#1779,#1894,.T.);
#1896=ORIENTED_EDGE('',*,*,#1895,.F.);
#1897=CARTESIAN_POINT('',(0.95,1.100275,0.299725));
#1898=DIRECTION('',(-1.,0.,-0.));
#1899=VECTOR('',#1898,1.9);
#1900=LINE('',#1897,#1899);
#1901=EDGE_CURVE('NONE',#1812,#1889,#1900,.T.);
#1902=ORIENTED_EDGE('',*,*,#1901,.F.);
#1903=EDGE_LOOP('',(#1886,#1887,#1896,#1902));
#1904=FACE_BOUND('',#1903,.T.);
#1905=ADVANCED_FACE('NONE',(#1904),#1885,.F.);
#1906=CARTESIAN_POINT('',(0.95,1.000275,0.299725));
#1907=DIRECTION('',(0.,0.,1.));
#1908=DIRECTION('',(0.,-1.,0.));
#1909=AXIS2_PLACEMENT_3D('',#1906,#1907,#1908);
#1910=DEGENERATE_TOROIDAL_SURFACE('',#1909,0.05,0.05,.T.);
#1911=CARTESIAN_POINT('',(1.,1.000275,0.299725));
#1912=DIRECTION('',(0.,-1.,0.));
#1913=DIRECTION('',(1.,0.,-0.));
#1914=AXIS2_PLACEMENT_3D('',#1911,#1912,#1913);
#1915=CIRCLE('',#1914,0.05);
#1916=EDGE_CURVE('NONE',#1802,#974,#1915,.T.);
#1917=ORIENTED_EDGE('',*,*,#1916,.F.);
#1918=ORIENTED_EDGE('',*,*,#1825,.T.);
#1919=CARTESIAN_POINT('',(0.95,1.050275,0.299725));
#1920=DIRECTION('',(-1.,0.,-0.));
#1921=DIRECTION('',(0.,1.,-0.));
#1922=AXIS2_PLACEMENT_3D('',#1919,#1920,#1921);
#1923=CIRCLE('',#1922,0.05);
#1924=EDGE_CURVE('NONE',#982,#1812,#1923,.T.);
#1925=ORIENTED_EDGE('',*,*,#1924,.F.);
#1926=ORIENTED_EDGE('',*,*,#988,.F.);
#1927=EDGE_LOOP('',(#1917,#1918,#1925,#1926));
#1928=FACE_BOUND('',#1927,.T.);
#1929=ADVANCED_FACE('NONE',(#1928),#1910,.T.);
#1930=CARTESIAN_POINT('',(1.1,-0.399725,0.299725));
#1931=DIRECTION('',(0.,-1.,0.));
#1932=DIRECTION('',(1.,0.,-0.));
#1933=AXIS2_PLACEMENT_3D('',#1930,#1931,#1932);
#1934=CYLINDRICAL_SURFACE('',#1933,0.05);
#1935=ORIENTED_EDGE('',*,*,#1843,.T.);
#1936=ORIENTED_EDGE('',*,*,#1808,.T.);
#1937=CARTESIAN_POINT('',(1.05,-0.399725,0.299725));
#1938=VERTEX_POINT('',#1937);
#1939=CARTESIAN_POINT('',(1.05,-0.399725,0.299725));
#1940=DIRECTION('',(-0.,1.,-0.));
#1941=VECTOR('',#1940,1.4);
#1942=LINE('',#1939,#1941);
#1943=EDGE_CURVE('NONE',#1938,#1802,#1942,.T.);
#1944=ORIENTED_EDGE('',*,*,#1943,.F.);
#1945=CARTESIAN_POINT('',(1.1,-0.399725,0.299725));
#1946=DIRECTION('',(0.,1.,-0.));
#1947=DIRECTION('',(-1.,0.,-0.));
#1948=AXIS2_PLACEMENT_3D('',#1945,#1946,#1947);
#1949=CIRCLE('',#1948,0.05);
#1950=EDGE_CURVE('NONE',#1838,#1938,#1949,.T.);
#1951=ORIENTED_EDGE('',*,*,#1950,.F.);
#1952=EDGE_LOOP('',(#1935,#1936,#1944,#1951));
#1953=FACE_BOUND('',#1952,.T.);
#1954=ADVANCED_FACE('NONE',(#1953),#1934,.F.);
#1955=CARTESIAN_POINT('',(0.95,-0.399725,0.199725));
#1956=DIRECTION('',(0.,-0.,-1.));
#1957=DIRECTION('',(0.,1.,-0.));
#1958=AXIS2_PLACEMENT_3D('',#1955,#1956,#1957);
#1959=TOROIDAL_SURFACE('',#1958,0.15,0.05);
#1960=ORIENTED_EDGE('',*,*,#1558,.F.);
#1961=ORIENTED_EDGE('',*,*,#1850,.T.);
#1962=CARTESIAN_POINT('',(0.95,-0.549725,0.249725));
#1963=VERTEX_POINT('',#1962);
#1964=CARTESIAN_POINT('',(0.95,-0.399725,0.249725));
#1965=DIRECTION('',(-0.,0.,1.));
#1966=DIRECTION('',(0.,1.,-0.));
#1967=AXIS2_PLACEMENT_3D('',#1964,#1965,#1966);
#1968=CIRCLE('',#1967,0.15);
#1969=EDGE_CURVE('NONE',#1963,#1838,#1968,.T.);
#1970=ORIENTED_EDGE('',*,*,#1969,.F.);
#1971=CARTESIAN_POINT('',(0.95,-0.549725,0.199725));
#1972=DIRECTION('',(-1.,-0.,-0.));
#1973=DIRECTION('',(0.,1.,-0.));
#1974=AXIS2_PLACEMENT_3D('',#1971,#1972,#1973);
#1975=CIRCLE('',#1974,0.05);
#1976=EDGE_CURVE('NONE',#1513,#1963,#1975,.T.);
#1977=ORIENTED_EDGE('',*,*,#1976,.F.);
#1978=EDGE_LOOP('',(#1960,#1961,#1970,#1977));
#1979=FACE_BOUND('',#1978,.T.);
#1980=ADVANCED_FACE('NONE',(#1979),#1959,.T.);
#1981=CARTESIAN_POINT('',(-1.1,-0.399725,0.199725));
#1982=DIRECTION('',(0.,-1.,0.));
#1983=DIRECTION('',(1.,0.,0.));
#1984=AXIS2_PLACEMENT_3D('',#1981,#1982,#1983);
#1985=CYLINDRICAL_SURFACE('',#1984,0.05);
#1986=ORIENTED_EDGE('',*,*,#1869,.T.);
#1987=ORIENTED_EDGE('',*,*,#1709,.F.);
#1988=CARTESIAN_POINT('',(-1.1,-0.399725,0.249725));
#1989=VERTEX_POINT('',#1988);
#1990=CARTESIAN_POINT('',(-1.1,-0.399725,0.199725));
#1991=DIRECTION('',(0.,-1.,0.));
#1992=DIRECTION('',(1.,0.,-0.));
#1993=AXIS2_PLACEMENT_3D('',#1990,#1991,#1992);
#1994=CIRCLE('',#1993,0.05);
#1995=EDGE_CURVE('NONE',#1989,#1481,#1994,.T.);
#1996=ORIENTED_EDGE('',*,*,#1995,.F.);
#1997=CARTESIAN_POINT('',(-1.1,1.000275,0.249725));
#1998=DIRECTION('',(-0.,-1.,0.));
#1999=VECTOR('',#1998,1.4);
#2000=LINE('',#1997,#1999);
#2001=EDGE_CURVE('NONE',#1863,#1989,#2000,.T.);
#2002=ORIENTED_EDGE('',*,*,#2001,.F.);
#2003=EDGE_LOOP('',(#1986,#1987,#1996,#2002));
#2004=FACE_BOUND('',#2003,.T.);
#2005=ADVANCED_FACE('NONE',(#2004),#1985,.T.);
#2006=CARTESIAN_POINT('',(-0.95,1.000275,0.299725));
#2007=DIRECTION('',(0.,-0.,-1.));
#2008=DIRECTION('',(0.,1.,-0.));
#2009=AXIS2_PLACEMENT_3D('',#2006,#2007,#2008);
#2010=TOROIDAL_SURFACE('',#2009,0.15,0.05);
#2011=ORIENTED_EDGE('',*,*,#1895,.T.);
#2012=ORIENTED_EDGE('',*,*,#1876,.T.);
#2013=CARTESIAN_POINT('',(-1.05,1.000275,0.299725));
#2014=VERTEX_POINT('',#2013);
#2015=CARTESIAN_POINT('',(-1.1,1.000275,0.299725));
#2016=DIRECTION('',(0.,1.,-0.));
#2017=DIRECTION('',(-1.,0.,0.));
#2018=AXIS2_PLACEMENT_3D('',#2015,#2016,#2017);
#2019=CIRCLE('',#2018,0.05);
#2020=EDGE_CURVE('NONE',#2014,#1863,#2019,.T.);
#2021=ORIENTED_EDGE('',*,*,#2020,.F.);
#2022=CARTESIAN_POINT('',(-0.95,1.000275,0.299725));
#2023=DIRECTION('',(0.,0.,1.));
#2024=DIRECTION('',(0.,-1.,0.));
#2025=AXIS2_PLACEMENT_3D('',#2022,#2023,#2024);
#2026=CIRCLE('',#2025,0.1);
#2027=EDGE_CURVE('NONE',#1889,#2014,#2026,.T.);
#2028=ORIENTED_EDGE('',*,*,#2027,.F.);
#2029=EDGE_LOOP('',(#2011,#2012,#2021,#2028));
#2030=FACE_BOUND('',#2029,.T.);
#2031=ADVANCED_FACE('NONE',(#2030),#2010,.F.);
#2032=CARTESIAN_POINT('',(-0.95,1.050275,0.299725));
#2033=DIRECTION('',(1.,-0.,0.));
#2034=DIRECTION('',(0.,1.,-0.));
#2035=AXIS2_PLACEMENT_3D('',#2032,#2033,#2034);
#2036=CYLINDRICAL_SURFACE('',#2035,0.05);
#2037=ORIENTED_EDGE('',*,*,#1924,.T.);
#2038=ORIENTED_EDGE('',*,*,#1901,.T.);
#2039=CARTESIAN_POINT('',(-0.95,1.050275,0.299725));
#2040=DIRECTION('',(-1.,0.,-0.));
#2041=DIRECTION('',(0.,1.,-0.));
#2042=AXIS2_PLACEMENT_3D('',#2039,#2040,#2041);
#2043=CIRCLE('',#2042,0.05);
#2044=EDGE_CURVE('NONE',#991,#1889,#2043,.T.);
#2045=ORIENTED_EDGE('',*,*,#2044,.F.);
#2046=ORIENTED_EDGE('',*,*,#996,.F.);
#2047=EDGE_LOOP('',(#2037,#2038,#2045,#2046));
#2048=FACE_BOUND('',#2047,.T.);
#2049=ADVANCED_FACE('NONE',(#2048),#2036,.T.);
#2050=CARTESIAN_POINT('',(1.,-0.399725,0.299725));
#2051=DIRECTION('',(0.,-1.,0.));
#2052=DIRECTION('',(1.,0.,-0.));
#2053=AXIS2_PLACEMENT_3D('',#2050,#2051,#2052);
#2054=CYLINDRICAL_SURFACE('',#2053,0.05);
#2055=ORIENTED_EDGE('',*,*,#1916,.T.);
#2056=ORIENTED_EDGE('',*,*,#979,.F.);
#2057=CARTESIAN_POINT('',(1.,-0.399725,0.299725));
#2058=DIRECTION('',(-0.,-1.,0.));
#2059=DIRECTION('',(1.,-0.,0.));
#2060=AXIS2_PLACEMENT_3D('',#2057,#2058,#2059);
#2061=CIRCLE('',#2060,0.05);
#2062=EDGE_CURVE('NONE',#1938,#965,#2061,.T.);
#2063=ORIENTED_EDGE('',*,*,#2062,.F.);
#2064=ORIENTED_EDGE('',*,*,#1943,.T.);
#2065=EDGE_LOOP('',(#2055,#2056,#2063,#2064));
#2066=FACE_BOUND('',#2065,.T.);
#2067=ADVANCED_FACE('NONE',(#2066),#2054,.T.);
#2068=CARTESIAN_POINT('',(0.95,-0.399725,0.299725));
#2069=DIRECTION('',(0.,-0.,-1.));
#2070=DIRECTION('',(0.,1.,-0.));
#2071=AXIS2_PLACEMENT_3D('',#2068,#2069,#2070);
#2072=TOROIDAL_SURFACE('',#2071,0.15,0.05);
#2073=ORIENTED_EDGE('',*,*,#1969,.T.);
#2074=ORIENTED_EDGE('',*,*,#1950,.T.);
#2075=CARTESIAN_POINT('',(0.95,-0.499725,0.299725));
#2076=VERTEX_POINT('',#2075);
#2077=CARTESIAN_POINT('',(0.95,-0.399725,0.299725));
#2078=DIRECTION('',(0.,0.,1.));
#2079=DIRECTION('',(0.,-1.,0.));
#2080=AXIS2_PLACEMENT_3D('',#2077,#2078,#2079);
#2081=CIRCLE('',#2080,0.1);
#2082=EDGE_CURVE('NONE',#2076,#1938,#2081,.T.);
#2083=ORIENTED_EDGE('',*,*,#2082,.F.);
#2084=CARTESIAN_POINT('',(0.95,-0.549725,0.299725));
#2085=DIRECTION('',(1.,-0.,-0.));
#2086=DIRECTION('',(0.,-1.,0.));
#2087=AXIS2_PLACEMENT_3D('',#2084,#2085,#2086);
#2088=CIRCLE('',#2087,0.05);
#2089=EDGE_CURVE('NONE',#1963,#2076,#2088,.T.);
#2090=ORIENTED_EDGE('',*,*,#2089,.F.);
#2091=EDGE_LOOP('',(#2073,#2074,#2083,#2090));
#2092=FACE_BOUND('',#2091,.T.);
#2093=ADVANCED_FACE('NONE',(#2092),#2072,.F.);
#2094=CARTESIAN_POINT('',(-0.95,-0.549725,0.199725));
#2095=DIRECTION('',(1.,0.,0.));
#2096=DIRECTION('',(0.,1.,-0.));
#2097=AXIS2_PLACEMENT_3D('',#2094,#2095,#2096);
#2098=CYLINDRICAL_SURFACE('',#2097,0.05);
#2099=CARTESIAN_POINT('',(-0.95,-0.549725,0.249725));
#2100=VERTEX_POINT('',#2099);
#2101=CARTESIAN_POINT('',(-0.95,-0.549725,0.199725));
#2102=DIRECTION('',(-1.,-0.,0.));
#2103=DIRECTION('',(-0.,1.,-0.));
#2104=AXIS2_PLACEMENT_3D('',#2101,#2102,#2103);
#2105=CIRCLE('',#2104,0.05);
#2106=EDGE_CURVE('NONE',#1471,#2100,#2105,.T.);
#2107=ORIENTED_EDGE('',*,*,#2106,.F.);
#2108=ORIENTED_EDGE('',*,*,#1526,.F.);
#2109=ORIENTED_EDGE('',*,*,#1976,.T.);
#2110=CARTESIAN_POINT('',(-0.95,-0.549725,0.249725));
#2111=DIRECTION('',(1.,-0.,-0.));
#2112=VECTOR('',#2111,1.9);
#2113=LINE('',#2110,#2112);
#2114=EDGE_CURVE('NONE',#2100,#1963,#2113,.T.);
#2115=ORIENTED_EDGE('',*,*,#2114,.F.);
#2116=EDGE_LOOP('',(#2107,#2108,#2109,#2115));
#2117=FACE_BOUND('',#2116,.T.);
#2118=ADVANCED_FACE('NONE',(#2117),#2098,.T.);
#2119=CARTESIAN_POINT('',(-0.95,-0.399725,0.199725));
#2120=DIRECTION('',(0.,-0.,-1.));
#2121=DIRECTION('',(0.,1.,-0.));
#2122=AXIS2_PLACEMENT_3D('',#2119,#2120,#2121);
#2123=TOROIDAL_SURFACE('',#2122,0.15,0.05);
#2124=ORIENTED_EDGE('',*,*,#1487,.F.);
#2125=ORIENTED_EDGE('',*,*,#2106,.T.);
#2126=CARTESIAN_POINT('',(-0.95,-0.399725,0.249725));
#2127=DIRECTION('',(-0.,0.,1.));
#2128=DIRECTION('',(0.,1.,-0.));
#2129=AXIS2_PLACEMENT_3D('',#2126,#2127,#2128);
#2130=CIRCLE('',#2129,0.15);
#2131=EDGE_CURVE('NONE',#1989,#2100,#2130,.T.);
#2132=ORIENTED_EDGE('',*,*,#2131,.F.);
#2133=ORIENTED_EDGE('',*,*,#1995,.T.);
#2134=EDGE_LOOP('',(#2124,#2125,#2132,#2133));
#2135=FACE_BOUND('',#2134,.T.);
#2136=ADVANCED_FACE('NONE',(#2135),#2123,.T.);
#2137=CARTESIAN_POINT('',(-1.1,1.000275,0.299725));
#2138=DIRECTION('',(0.,1.,-0.));
#2139=DIRECTION('',(-1.,0.,0.));
#2140=AXIS2_PLACEMENT_3D('',#2137,#2138,#2139);
#2141=CYLINDRICAL_SURFACE('',#2140,0.05);
#2142=ORIENTED_EDGE('',*,*,#2020,.T.);
#2143=ORIENTED_EDGE('',*,*,#2001,.T.);
#2144=CARTESIAN_POINT('',(-1.05,-0.399725,0.299725));
#2145=VERTEX_POINT('',#2144);
#2146=CARTESIAN_POINT('',(-1.1,-0.399725,0.299725));
#2147=DIRECTION('',(-0.,1.,-0.));
#2148=DIRECTION('',(1.,0.,-0.));
#2149=AXIS2_PLACEMENT_3D('',#2146,#2147,#2148);
#2150=CIRCLE('',#2149,0.05);
#2151=EDGE_CURVE('NONE',#2145,#1989,#2150,.T.);
#2152=ORIENTED_EDGE('',*,*,#2151,.F.);
#2153=CARTESIAN_POINT('',(-1.05,1.000275,0.299725));
#2154=DIRECTION('',(-0.,-1.,0.));
#2155=VECTOR('',#2154,1.4);
#2156=LINE('',#2153,#2155);
#2157=EDGE_CURVE('NONE',#2014,#2145,#2156,.T.);
#2158=ORIENTED_EDGE('',*,*,#2157,.F.);
#2159=EDGE_LOOP('',(#2142,#2143,#2152,#2158));
#2160=FACE_BOUND('',#2159,.T.);
#2161=ADVANCED_FACE('NONE',(#2160),#2141,.F.);
#2162=CARTESIAN_POINT('',(-0.95,1.000275,0.299725));
#2163=DIRECTION('',(0.,0.,1.));
#2164=DIRECTION('',(0.,-1.,0.));
#2165=AXIS2_PLACEMENT_3D('',#2162,#2163,#2164);
#2166=DEGENERATE_TOROIDAL_SURFACE('',#2165,0.05,0.05,.T.);
#2167=ORIENTED_EDGE('',*,*,#2044,.T.);
#2168=ORIENTED_EDGE('',*,*,#2027,.T.);
#2169=CARTESIAN_POINT('',(-1.,1.000275,0.299725));
#2170=DIRECTION('',(-0.,-1.,0.));
#2171=DIRECTION('',(-1.,0.,0.));
#2172=AXIS2_PLACEMENT_3D('',#2169,#2170,#2171);
#2173=CIRCLE('',#2172,0.05);
#2174=EDGE_CURVE('NONE',#938,#2014,#2173,.T.);
#2175=ORIENTED_EDGE('',*,*,#2174,.F.);
#2176=ORIENTED_EDGE('',*,*,#1003,.F.);
#2177=EDGE_LOOP('',(#2167,#2168,#2175,#2176));
#2178=FACE_BOUND('',#2177,.T.);
#2179=ADVANCED_FACE('NONE',(#2178),#2166,.T.);
#2180=CARTESIAN_POINT('',(0.95,-0.399725,0.299725));
#2181=DIRECTION('',(0.,0.,1.));
#2182=DIRECTION('',(0.,-1.,0.));
#2183=AXIS2_PLACEMENT_3D('',#2180,#2181,#2182);
#2184=TOROIDAL_SURFACE('',#2183,0.05,0.05);
#2185=ORIENTED_EDGE('',*,*,#2062,.T.);
#2186=ORIENTED_EDGE('',*,*,#971,.F.);
#2187=CARTESIAN_POINT('',(0.95,-0.449725,0.299725));
#2188=DIRECTION('',(-1.,0.,0.));
#2189=DIRECTION('',(0.,-1.,0.));
#2190=AXIS2_PLACEMENT_3D('',#2187,#2188,#2189);
#2191=CIRCLE('',#2190,0.05);
#2192=EDGE_CURVE('NONE',#2076,#957,#2191,.T.);
#2193=ORIENTED_EDGE('',*,*,#2192,.F.);
#2194=ORIENTED_EDGE('',*,*,#2082,.T.);
#2195=EDGE_LOOP('',(#2185,#2186,#2193,#2194));
#2196=FACE_BOUND('',#2195,.T.);
#2197=ADVANCED_FACE('NONE',(#2196),#2184,.T.);
#2198=CARTESIAN_POINT('',(-0.95,-0.549725,0.299725));
#2199=DIRECTION('',(-1.,0.,0.));
#2200=DIRECTION('',(0.,-1.,0.));
#2201=AXIS2_PLACEMENT_3D('',#2198,#2199,#2200);
#2202=CYLINDRICAL_SURFACE('',#2201,0.05);
#2203=CARTESIAN_POINT('',(-0.95,-0.499725,0.299725));
#2204=VERTEX_POINT('',#2203);
#2205=CARTESIAN_POINT('',(-0.95,-0.549725,0.299725));
#2206=DIRECTION('',(1.,0.,-0.));
#2207=DIRECTION('',(-0.,1.,-0.));
#2208=AXIS2_PLACEMENT_3D('',#2205,#2206,#2207);
#2209=CIRCLE('',#2208,0.05);
#2210=EDGE_CURVE('NONE',#2100,#2204,#2209,.T.);
#2211=ORIENTED_EDGE('',*,*,#2210,.F.);
#2212=ORIENTED_EDGE('',*,*,#2114,.T.);
#2213=ORIENTED_EDGE('',*,*,#2089,.T.);
#2214=CARTESIAN_POINT('',(-0.95,-0.499725,0.299725));
#2215=DIRECTION('',(1.,-0.,-0.));
#2216=VECTOR('',#2215,1.9);
#2217=LINE('',#2214,#2216);
#2218=EDGE_CURVE('NONE',#2204,#2076,#2217,.T.);
#2219=ORIENTED_EDGE('',*,*,#2218,.F.);
#2220=EDGE_LOOP('',(#2211,#2212,#2213,#2219));
#2221=FACE_BOUND('',#2220,.T.);
#2222=ADVANCED_FACE('NONE',(#2221),#2202,.F.);
#2223=CARTESIAN_POINT('',(-0.95,-0.399725,0.299725));
#2224=DIRECTION('',(0.,-0.,-1.));
#2225=DIRECTION('',(0.,1.,-0.));
#2226=AXIS2_PLACEMENT_3D('',#2223,#2224,#2225);
#2227=TOROIDAL_SURFACE('',#2226,0.15,0.05);
#2228=ORIENTED_EDGE('',*,*,#2131,.T.);
#2229=ORIENTED_EDGE('',*,*,#2210,.T.);
#2230=CARTESIAN_POINT('',(-0.95,-0.399725,0.299725));
#2231=DIRECTION('',(0.,0.,1.));
#2232=DIRECTION('',(0.,-1.,0.));
#2233=AXIS2_PLACEMENT_3D('',#2230,#2231,#2232);
#2234=CIRCLE('',#2233,0.1);
#2235=EDGE_CURVE('NONE',#2145,#2204,#2234,.T.);
#2236=ORIENTED_EDGE('',*,*,#2235,.F.);
#2237=ORIENTED_EDGE('',*,*,#2151,.T.);
#2238=EDGE_LOOP('',(#2228,#2229,#2236,#2237));
#2239=FACE_BOUND('',#2238,.T.);
#2240=ADVANCED_FACE('NONE',(#2239),#2227,.F.);
#2241=CARTESIAN_POINT('',(-1.,-0.399725,0.299725));
#2242=DIRECTION('',(0.,1.,-0.));
#2243=DIRECTION('',(-1.,0.,0.));
#2244=AXIS2_PLACEMENT_3D('',#2241,#2242,#2243);
#2245=CYLINDRICAL_SURFACE('',#2244,0.05);
#2246=ORIENTED_EDGE('',*,*,#2174,.T.);
#2247=ORIENTED_EDGE('',*,*,#2157,.T.);
#2248=CARTESIAN_POINT('',(-1.,-0.399725,0.299725));
#2249=DIRECTION('',(-0.,-1.,0.));
#2250=DIRECTION('',(-1.,0.,-0.));
#2251=AXIS2_PLACEMENT_3D('',#2248,#2249,#2250);
#2252=CIRCLE('',#2251,0.05);
#2253=EDGE_CURVE('NONE',#940,#2145,#2252,.T.);
#2254=ORIENTED_EDGE('',*,*,#2253,.F.);
#2255=ORIENTED_EDGE('',*,*,#945,.F.);
#2256=EDGE_LOOP('',(#2246,#2247,#2254,#2255));
#2257=FACE_BOUND('',#2256,.T.);
#2258=ADVANCED_FACE('NONE',(#2257),#2245,.T.);
#2259=CARTESIAN_POINT('',(-0.95,-0.449725,0.299725));
#2260=DIRECTION('',(-1.,0.,0.));
#2261=DIRECTION('',(0.,-1.,0.));
#2262=AXIS2_PLACEMENT_3D('',#2259,#2260,#2261);
#2263=CYLINDRICAL_SURFACE('',#2262,0.05);
#2264=ORIENTED_EDGE('',*,*,#2192,.T.);
#2265=ORIENTED_EDGE('',*,*,#962,.F.);
#2266=CARTESIAN_POINT('',(-0.95,-0.449725,0.299725));
#2267=DIRECTION('',(-1.,0.,0.));
#2268=DIRECTION('',(0.,-1.,0.));
#2269=AXIS2_PLACEMENT_3D('',#2266,#2267,#2268);
#2270=CIRCLE('',#2269,0.05);
#2271=EDGE_CURVE('NONE',#2204,#948,#2270,.T.);
#2272=ORIENTED_EDGE('',*,*,#2271,.F.);
#2273=ORIENTED_EDGE('',*,*,#2218,.T.);
#2274=EDGE_LOOP('',(#2264,#2265,#2272,#2273));
#2275=FACE_BOUND('',#2274,.T.);
#2276=ADVANCED_FACE('NONE',(#2275),#2263,.T.);
#2277=CARTESIAN_POINT('',(-0.95,-0.399725,0.299725));
#2278=DIRECTION('',(0.,0.,1.));
#2279=DIRECTION('',(0.,-1.,0.));
#2280=AXIS2_PLACEMENT_3D('',#2277,#2278,#2279);
#2281=DEGENERATE_TOROIDAL_SURFACE('',#2280,0.05,0.05,.T.);
#2282=ORIENTED_EDGE('',*,*,#2253,.T.);
#2283=ORIENTED_EDGE('',*,*,#2235,.T.);
#2284=ORIENTED_EDGE('',*,*,#2271,.T.);
#2285=ORIENTED_EDGE('',*,*,#954,.F.);
#2286=EDGE_LOOP('',(#2282,#2283,#2284,#2285));
#2287=FACE_BOUND('',#2286,.T.);
#2288=ADVANCED_FACE('NONE',(#2287),#2281,.T.);
#2289=CARTESIAN_POINT('',(0.846590909,0.763262013,0.339725));
#2290=CARTESIAN_POINT('',(0.846590909,0.763262013,0.349725));
#2291=CARTESIAN_POINT('',(0.844307179,0.766615145,0.339725));
#2292=CARTESIAN_POINT('',(0.844307179,0.766615145,0.349725));
#2293=CARTESIAN_POINT('',(0.839864199,0.773138638,0.339725));
#2294=CARTESIAN_POINT('',(0.839864199,0.773138638,0.349725));
#2295=CARTESIAN_POINT('',(0.832191387,0.781822328,0.339725));
#2296=CARTESIAN_POINT('',(0.832191387,0.781822328,0.349725));
#2297=CARTESIAN_POINT('',(0.823847005,0.789100479,0.339725));
#2298=CARTESIAN_POINT('',(0.823847005,0.789100479,0.349725));
#2299=CARTESIAN_POINT('',(0.814922496,0.795119834,0.339725));
#2300=CARTESIAN_POINT('',(0.814922496,0.795119834,0.349725));
#2301=CARTESIAN_POINT('',(0.805330052,0.799782061,0.339725));
#2302=CARTESIAN_POINT('',(0.805330052,0.799782061,0.349725));
#2303=CARTESIAN_POINT('',(0.795098811,0.803136901,0.339725));
#2304=CARTESIAN_POINT('',(0.795098811,0.803136901,0.349725));
#2305=CARTESIAN_POINT('',(0.784221047,0.805108904,0.339725));
#2306=CARTESIAN_POINT('',(0.784221047,0.805108904,0.349725));
#2307=CARTESIAN_POINT('',(0.776766709,0.805348034,0.339725));
#2308=CARTESIAN_POINT('',(0.776766709,0.805348034,0.349725));
#2309=CARTESIAN_POINT('',(0.772970779,0.805469805,0.339725));
#2310=CARTESIAN_POINT('',(0.772970779,0.805469805,0.349725));
#2311=B_SPLINE_SURFACE_WITH_KNOTS('',3,1,((#2289,#2290),(#2291,#2292),(#2293,#2294),(#2295,#2296),(#2297,#2298),(#2299,#2300),(#2301,#2302),(#2303,#2304),(#2305,#2306),(#2307,#2308),(#2309,#2310)),.UNSPECIFIED.,.F.,.F.,.U.,(4,1,1,1,1,1,1,1,4),(2,2),(0.,0.136824348,0.266190758,0.389799216,0.509588132,0.628426661,0.748549212,0.871955145,1.),(0.,1.),.UNSPECIFIED.);
#2312=CARTESIAN_POINT('',(0.772972943,0.805469715,0.339725));
#2313=VERTEX_POINT('',#2312);
#2314=CARTESIAN_POINT('',(0.772970779,0.805469805,0.349725));
#2315=DIRECTION('',(0.,-0.,-1.));
#2316=VECTOR('',#2315,0.01);
#2317=LINE('',#2314,#2316);
#2318=EDGE_CURVE('NONE',#845,#2313,#2317,.T.);
#2319=ORIENTED_EDGE('',*,*,#2318,.T.);
#2320=CARTESIAN_POINT('',(0.846591892,0.763260273,0.339725));
#2321=VERTEX_POINT('',#2320);
#2322=CARTESIAN_POINT('',(0.772972943,0.805469736,0.339725));
#2323=CARTESIAN_POINT('',(0.780380047,0.805232121,0.339725));
#2324=CARTESIAN_POINT('',(0.787814721,0.80471966,0.339725));
#2325=CARTESIAN_POINT('',(0.795004723,0.802904113,0.339725));
#2326=CARTESIAN_POINT('',(0.802194725,0.801088565,0.339725));
#2327=CARTESIAN_POINT('',(0.809128591,0.798259959,0.339725));
#2328=CARTESIAN_POINT('',(0.815509313,0.794488003,0.339725));
#2329=CARTESIAN_POINT('',(0.821890035,0.790716048,0.339725));
#2330=CARTESIAN_POINT('',(0.827734519,0.786050594,0.339725));
#2331=CARTESIAN_POINT('',(0.832914126,0.78074634,0.339725));
#2332=CARTESIAN_POINT('',(0.838093733,0.775442086,0.339725));
#2333=CARTESIAN_POINT('',(0.842418168,0.769388722,0.339725));
#2334=CARTESIAN_POINT('',(0.846590909,0.763262013,0.339725));
#2335=B_SPLINE_CURVE_WITH_KNOTS('',3,(#2322,#2323,#2324,#2325,#2326,#2327,#2328,#2329,#2330,#2331,#2332,#2333,#2334),.UNSPECIFIED.,.F.,.F.,(4,3,3,3,4),(0.,0.249993917,0.499987833,0.74998175,0.999975666),.UNSPECIFIED.);
#2336=EDGE_CURVE('NONE',#2313,#2321,#2335,.T.);
#2337=ORIENTED_EDGE('',*,*,#2336,.T.);
#2338=CARTESIAN_POINT('',(0.846590909,0.763262013,0.349725));
#2339=DIRECTION('',(0.,-0.,-1.));
#2340=VECTOR('',#2339,0.01);
#2341=LINE('',#2338,#2340);
#2342=EDGE_CURVE('NONE',#866,#2321,#2341,.T.);
#2343=ORIENTED_EDGE('',*,*,#2342,.F.);
#2344=ORIENTED_EDGE('',*,*,#881,.F.);
#2345=EDGE_LOOP('',(#2319,#2337,#2343,#2344));
#2346=FACE_BOUND('',#2345,.T.);
#2347=ADVANCED_FACE('NONE',(#2346),#2311,.F.);
#2348=CARTESIAN_POINT('',(0.879220779,0.600112662,0.339725));
#2349=CARTESIAN_POINT('',(0.879220779,0.600112662,0.349725));
#2350=CARTESIAN_POINT('',(0.879138571,0.609151496,0.339725));
#2351=CARTESIAN_POINT('',(0.879138571,0.609151496,0.349725));
#2352=CARTESIAN_POINT('',(0.878979932,0.626594053,0.339725));
#2353=CARTESIAN_POINT('',(0.878979932,0.626594053,0.349725));
#2354=CARTESIAN_POINT('',(0.877455654,0.65179057,0.339725));
#2355=CARTESIAN_POINT('',(0.877455654,0.65179057,0.349725));
#2356=CARTESIAN_POINT('',(0.874821916,0.675074085,0.339725));
#2357=CARTESIAN_POINT('',(0.874821916,0.675074085,0.349725));
#2358=CARTESIAN_POINT('',(0.871494131,0.696503121,0.339725));
#2359=CARTESIAN_POINT('',(0.871494131,0.696503121,0.349725));
#2360=CARTESIAN_POINT('',(0.866828943,0.715994324,0.339725));
#2361=CARTESIAN_POINT('',(0.866828943,0.715994324,0.349725));
#2362=CARTESIAN_POINT('',(0.861295958,0.733587883,0.339725));
#2363=CARTESIAN_POINT('',(0.861295958,0.733587883,0.349725));
#2364=CARTESIAN_POINT('',(0.854731794,0.749339791,0.339725));
#2365=CARTESIAN_POINT('',(0.854731794,0.749339791,0.349725));
#2366=CARTESIAN_POINT('',(0.849234392,0.758741232,0.339725));
#2367=CARTESIAN_POINT('',(0.849234392,0.758741232,0.349725));
#2368=CARTESIAN_POINT('',(0.846590909,0.763262013,0.339725));
#2369=CARTESIAN_POINT('',(0.846590909,0.763262013,0.349725));
#2370=B_SPLINE_SURFACE_WITH_KNOTS('',3,1,((#2348,#2349),(#2350,#2351),(#2352,#2353),(#2354,#2355),(#2356,#2357),(#2358,#2359),(#2360,#2361),(#2362,#2363),(#2364,#2365),(#2366,#2367),(#2368,#2369)),.UNSPECIFIED.,.F.,.F.,.U.,(4,1,1,1,1,1,1,1,4),(2,2),(0.,0.161027394,0.310740257,0.449464016,0.578399625,0.696838377,0.806142515,0.906781606,1.),(0.,1.),.UNSPECIFIED.);
#2371=ORIENTED_EDGE('',*,*,#2342,.T.);
#2372=CARTESIAN_POINT('',(0.879220779,0.600112662,0.339725));
#2373=VERTEX_POINT('',#2372);
#2374=CARTESIAN_POINT('',(0.846591918,0.763260288,0.339725));
#2375=CARTESIAN_POINT('',(0.850135309,0.757200518,0.339725));
#2376=CARTESIAN_POINT('',(0.853634501,0.751110309,0.339725));
#2377=CARTESIAN_POINT('',(0.856516048,0.744710967,0.339725));
#2378=CARTESIAN_POINT('',(0.859397595,0.738311626,0.339725));
#2379=CARTESIAN_POINT('',(0.861809157,0.731699262,0.339725));
#2380=CARTESIAN_POINT('',(0.863929588,0.72501017,0.339725));
#2381=CARTESIAN_POINT('',(0.868170451,0.711631984,0.339725));
#2382=CARTESIAN_POINT('',(0.871239309,0.697895314,0.339725));
#2383=CARTESIAN_POINT('',(0.873380554,0.684024384,0.339725));
#2384=CARTESIAN_POINT('',(0.875521798,0.670153453,0.339725));
#2385=CARTESIAN_POINT('',(0.87705038,0.656190378,0.339725));
#2386=CARTESIAN_POINT('',(0.87797487,0.642186683,0.339725));
#2387=CARTESIAN_POINT('',(0.87889936,0.628182987,0.339725));
#2388=CARTESIAN_POINT('',(0.879093149,0.614145731,0.339725));
#2389=CARTESIAN_POINT('',(0.879220779,0.600112662,0.339725));
#2390=B_SPLINE_CURVE_WITH_KNOTS('',3,(#2374,#2375,#2376,#2377,#2378,#2379,#2380,#2381,#2382,#2383,#2384,#2385,#2386,#2387,#2388,#2389),.UNSPECIFIED.,.F.,.F.,(4,3,3,3,3,4),(0.,0.124998518,0.249997036,0.499994071,0.749991107,0.999988143),.UNSPECIFIED.);
#2391=EDGE_CURVE('NONE',#2321,#2373,#2390,.T.);
#2392=ORIENTED_EDGE('',*,*,#2391,.T.);
#2393=CARTESIAN_POINT('',(0.879220779,0.600112662,0.349725));
#2394=DIRECTION('',(0.,-0.,-1.));
#2395=VECTOR('',#2394,0.01);
#2396=LINE('',#2393,#2395);
#2397=EDGE_CURVE('NONE',#884,#2373,#2396,.T.);
#2398=ORIENTED_EDGE('',*,*,#2397,.F.);
#2399=ORIENTED_EDGE('',*,*,#899,.F.);
#2400=EDGE_LOOP('',(#2371,#2392,#2398,#2399));
#2401=FACE_BOUND('',#2400,.T.);
#2402=ADVANCED_FACE('NONE',(#2401),#2370,.F.);
#2403=CARTESIAN_POINT('',(0.772483766,0.395080195,0.339725));
#2404=CARTESIAN_POINT('',(0.772483766,0.395080195,0.349725));
#2405=CARTESIAN_POINT('',(0.776771309,0.395226782,0.339725));
#2406=CARTESIAN_POINT('',(0.776771309,0.395226782,0.349725));
#2407=CARTESIAN_POINT('',(0.785148526,0.395513191,0.339725));
#2408=CARTESIAN_POINT('',(0.785148526,0.395513191,0.349725));
#2409=CARTESIAN_POINT('',(0.797287195,0.39802908,0.339725));
#2410=CARTESIAN_POINT('',(0.797287195,0.39802908,0.349725));
#2411=CARTESIAN_POINT('',(0.808653426,0.402071393,0.339725));
#2412=CARTESIAN_POINT('',(0.808653426,0.402071393,0.349725));
#2413=CARTESIAN_POINT('',(0.8191053,0.40795439,0.339725));
#2414=CARTESIAN_POINT('',(0.8191053,0.40795439,0.349725));
#2415=CARTESIAN_POINT('',(0.828837441,0.415301413,0.339725));
#2416=CARTESIAN_POINT('',(0.828837441,0.415301413,0.349725));
#2417=CARTESIAN_POINT('',(0.837505688,0.424493892,0.339725));
#2418=CARTESIAN_POINT('',(0.837505688,0.424493892,0.349725));
#2419=CARTESIAN_POINT('',(0.845552182,0.435123856,0.339725));
#2420=CARTESIAN_POINT('',(0.845552182,0.435123856,0.349725));
#2421=CARTESIAN_POINT('',(0.85262347,0.447467674,0.339725));
#2422=CARTESIAN_POINT('',(0.85262347,0.447467674,0.349725));
#2423=CARTESIAN_POINT('',(0.858968494,0.461316969,0.339725));
#2424=CARTESIAN_POINT('',(0.858968494,0.461316969,0.349725));
#2425=CARTESIAN_POINT('',(0.864355207,0.476745386,0.339725));
#2426=CARTESIAN_POINT('',(0.864355207,0.476745386,0.349725));
#2427=CARTESIAN_POINT('',(0.868942508,0.493650971,0.339725));
#2428=CARTESIAN_POINT('',(0.868942508,0.493650971,0.349725));
#2429=CARTESIAN_POINT('',(0.87275124,0.512026238,0.339725));
#2430=CARTESIAN_POINT('',(0.87275124,0.512026238,0.349725));
#2431=CARTESIAN_POINT('',(0.875630398,0.531925711,0.339725));
#2432=CARTESIAN_POINT('',(0.875630398,0.531925711,0.349725));
#2433=CARTESIAN_POINT('',(0.877691434,0.553324426,0.339725));
#2434=CARTESIAN_POINT('',(0.877691434,0.553324426,0.349725));
#2435=CARTESIAN_POINT('',(0.879029021,0.57623204,0.339725));
#2436=CARTESIAN_POINT('',(0.879029021,0.57623204,0.349725));
#2437=CARTESIAN_POINT('',(0.879155586,0.591993816,0.339725));
#2438=CARTESIAN_POINT('',(0.879155586,0.591993816,0.349725));
#2439=CARTESIAN_POINT('',(0.879220779,0.600112662,0.339725));
#2440=CARTESIAN_POINT('',(0.879220779,0.600112662,0.349725));
#2441=B_SPLINE_SURFACE_WITH_KNOTS('',3,1,((#2403,#2404),(#2405,#2406),(#2407,#2408),(#2409,#2410),(#2411,#2412),(#2413,#2414),(#2415,#2416),(#2417,#2418),(#2419,#2420),(#2421,#2422),(#2423,#2424),(#2425,#2426),(#2427,#2428),(#2429,#2430),(#2431,#2432),(#2433,#2434),(#2435,#2436),(#2437,#2438),(#2439,#2440)),.UNSPECIFIED.,.F.,.F.,.U.,(4,1,1,1,1,1,1,1,1,1,1,1,1,1,1,1,4),(2,2),(0.,0.049924488,0.097544988,0.143831196,0.189989394,0.236788389,0.285407053,0.336745668,0.391859231,0.45084173,0.51407643,0.582086874,0.654880091,0.732657681,0.816312002,0.905382821,1.),(0.,1.),.UNSPECIFIED.);
#2442=ORIENTED_EDGE('',*,*,#2397,.T.);
#2443=CARTESIAN_POINT('',(0.772481626,0.395080288,0.339725));
#2444=VERTEX_POINT('',#2443);
#2445=CARTESIAN_POINT('',(0.879220779,0.600112662,0.339725));
#2446=CARTESIAN_POINT('',(0.878876268,0.557209001,0.339725));
#2447=CARTESIAN_POINT('',(0.876342769,0.51372791,0.339725));
#2448=CARTESIAN_POINT('',(0.862937947,0.472959174,0.339725));
#2449=CARTESIAN_POINT('',(0.856235536,0.452574807,0.339725));
#2450=CARTESIAN_POINT('',(0.846330692,0.432762376,0.339725));
#2451=CARTESIAN_POINT('',(0.830975028,0.417775668,0.339725));
#2452=CARTESIAN_POINT('',(0.823297196,0.410282314,0.339725));
#2453=CARTESIAN_POINT('',(0.814087704,0.404313329,0.339725));
#2454=CARTESIAN_POINT('',(0.804044944,0.40052689,0.339725));
#2455=CARTESIAN_POINT('',(0.794002183,0.396740451,0.339725));
#2456=CARTESIAN_POINT('',(0.783218835,0.395447217,0.339725));
#2457=CARTESIAN_POINT('',(0.772483766,0.395080195,0.339725));
#2458=B_SPLINE_CURVE_WITH_KNOTS('',3,(#2445,#2446,#2447,#2448,#2449,#2450,#2451,#2452,#2453,#2454,#2455,#2456,#2457),.UNSPECIFIED.,.F.,.F.,(4,3,3,3,4),(0.,0.5,0.75,0.875,1.),.UNSPECIFIED.);
#2459=EDGE_CURVE('NONE',#2373,#2444,#2458,.T.);
#2460=ORIENTED_EDGE('',*,*,#2459,.T.);
#2461=CARTESIAN_POINT('',(0.772483766,0.395080195,0.349725));
#2462=DIRECTION('',(0.,-0.,-1.));
#2463=VECTOR('',#2462,0.01);
#2464=LINE('',#2461,#2463);
#2465=EDGE_CURVE('NONE',#902,#2444,#2464,.T.);
#2466=ORIENTED_EDGE('',*,*,#2465,.F.);
#2467=ORIENTED_EDGE('',*,*,#917,.F.);
#2468=EDGE_LOOP('',(#2442,#2460,#2466,#2467));
#2469=FACE_BOUND('',#2468,.T.);
#2470=ADVANCED_FACE('NONE',(#2469),#2441,.F.);
#2471=CARTESIAN_POINT('',(0.666233766,0.600112662,0.339725));
#2472=CARTESIAN_POINT('',(0.666233766,0.600112662,0.349725));
#2473=CARTESIAN_POINT('',(0.666323546,0.591046605,0.339725));
#2474=CARTESIAN_POINT('',(0.666323546,0.591046605,0.349725));
#2475=CARTESIAN_POINT('',(0.66649625,0.573606823,0.339725));
#2476=CARTESIAN_POINT('',(0.66649625,0.573606823,0.349725));
#2477=CARTESIAN_POINT('',(0.667907534,0.548480466,0.339725));
#2478=CARTESIAN_POINT('',(0.667907534,0.548480466,0.349725));
#2479=CARTESIAN_POINT('',(0.67003677,0.525430606,0.339725));
#2480=CARTESIAN_POINT('',(0.67003677,0.525430606,0.349725));
#2481=CARTESIAN_POINT('',(0.673424784,0.504501723,0.339725));
#2482=CARTESIAN_POINT('',(0.673424784,0.504501723,0.349725));
#2483=CARTESIAN_POINT('',(0.67744999,0.485588844,0.339725));
#2484=CARTESIAN_POINT('',(0.67744999,0.485588844,0.349725));
#2485=CARTESIAN_POINT('',(0.682522404,0.468769271,0.339725));
#2486=CARTESIAN_POINT('',(0.682522404,0.468769271,0.349725));
#2487=CARTESIAN_POINT('',(0.688476156,0.4539751,0.339725));
#2488=CARTESIAN_POINT('',(0.688476156,0.4539751,0.349725));
#2489=CARTESIAN_POINT('',(0.69551934,0.441276998,0.339725));
#2490=CARTESIAN_POINT('',(0.69551934,0.441276998,0.349725));
#2491=CARTESIAN_POINT('',(0.703313472,0.430372727,0.339725));
#2492=CARTESIAN_POINT('',(0.703313472,0.430372727,0.349725));
#2493=CARTESIAN_POINT('',(0.711633497,0.420981994,0.339725));
#2494=CARTESIAN_POINT('',(0.711633497,0.420981994,0.349725));
#2495=CARTESIAN_POINT('',(0.720379352,0.41293167,0.339725));
#2496=CARTESIAN_POINT('',(0.720379352,0.41293167,0.349725));
#2497=CARTESIAN_POINT('',(0.729762339,0.406433666,0.339725));
#2498=CARTESIAN_POINT('',(0.729762339,0.406433666,0.349725));
#2499=CARTESIAN_POINT('',(0.739667814,0.401351109,0.339725));
#2500=CARTESIAN_POINT('',(0.739667814,0.401351109,0.349725));
#2501=CARTESIAN_POINT('',(0.750108946,0.397651595,0.339725));
#2502=CARTESIAN_POINT('',(0.750108946,0.397651595,0.349725));
#2503=CARTESIAN_POINT('',(0.761140888,0.395505935,0.339725));
#2504=CARTESIAN_POINT('',(0.761140888,0.395505935,0.349725));
#2505=CARTESIAN_POINT('',(0.76865961,0.39522373,0.339725));
#2506=CARTESIAN_POINT('',(0.76865961,0.39522373,0.349725));
#2507=CARTESIAN_POINT('',(0.772483766,0.395080195,0.339725));
#2508=CARTESIAN_POINT('',(0.772483766,0.395080195,0.349725));
#2509=B_SPLINE_SURFACE_WITH_KNOTS('',3,1,((#2471,#2472),(#2473,#2474),(#2475,#2476),(#2477,#2478),(#2479,#2480),(#2481,#2482),(#2483,#2484),(#2485,#2486),(#2487,#2488),(#2489,#2490),(#2491,#2492),(#2493,#2494),(#2495,#2496),(#2497,#2498),(#2499,#2500),(#2501,#2502),(#2503,#2504),(#2505,#2506),(#2507,#2508)),.UNSPECIFIED.,.F.,.F.,.U.,(4,1,1,1,1,1,1,1,1,1,1,1,1,1,1,1,4),(2,2),(0.,0.10579333,0.203507732,0.2936156,0.375789589,0.450792759,0.519113137,0.580563704,0.636533514,0.68814107,0.736677352,0.782724969,0.826518756,0.869448032,0.912288966,0.955388599,1.),(0.,1.),.UNSPECIFIED.);
#2510=ORIENTED_EDGE('',*,*,#2465,.T.);
#2511=CARTESIAN_POINT('',(0.666233766,0.600112662,0.339725));
#2512=VERTEX_POINT('',#2511);
#2513=CARTESIAN_POINT('',(0.772481625,0.395080275,0.339725));
#2514=CARTESIAN_POINT('',(0.761772437,0.395482231,0.339725));
#2515=CARTESIAN_POINT('',(0.751004216,0.396946223,0.339725));
#2516=CARTESIAN_POINT('',(0.74108907,0.401019451,0.339725));
#2517=CARTESIAN_POINT('',(0.731173923,0.405092679,0.339725));
#2518=CARTESIAN_POINT('',(0.722118804,0.411157284,0.339725));
#2519=CARTESIAN_POINT('',(0.714371763,0.418566055,0.339725));
#2520=CARTESIAN_POINT('',(0.69887768,0.433383598,0.339725));
#2521=CARTESIAN_POINT('',(0.688000473,0.452568738,0.339725));
#2522=CARTESIAN_POINT('',(0.681375047,0.47294937,0.339725));
#2523=CARTESIAN_POINT('',(0.668124193,0.513710634,0.339725));
#2524=CARTESIAN_POINT('',(0.666658085,0.557264701,0.339725));
#2525=CARTESIAN_POINT('',(0.666233766,0.600112662,0.339725));
#2526=B_SPLINE_CURVE_WITH_KNOTS('',3,(#2513,#2514,#2515,#2516,#2517,#2518,#2519,#2520,#2521,#2522,#2523,#2524,#2525),.UNSPECIFIED.,.F.,.F.,(4,3,3,3,4),(0.,0.124998959,0.249997918,0.499995837,0.999991674),.UNSPECIFIED.);
#2527=EDGE_CURVE('NONE',#2444,#2512,#2526,.T.);
#2528=ORIENTED_EDGE('',*,*,#2527,.T.);
#2529=CARTESIAN_POINT('',(0.666233766,0.600112662,0.349725));
#2530=DIRECTION('',(0.,-0.,-1.));
#2531=VECTOR('',#2530,0.01);
#2532=LINE('',#2529,#2531);
#2533=EDGE_CURVE('NONE',#843,#2512,#2532,.T.);
#2534=ORIENTED_EDGE('',*,*,#2533,.F.);
#2535=ORIENTED_EDGE('',*,*,#933,.F.);
#2536=EDGE_LOOP('',(#2510,#2528,#2534,#2535));
#2537=FACE_BOUND('',#2536,.T.);
#2538=ADVANCED_FACE('NONE',(#2537),#2509,.F.);
#2539=CARTESIAN_POINT('',(0.772970779,0.805469805,0.339725));
#2540=CARTESIAN_POINT('',(0.772970779,0.805469805,0.349725));
#2541=CARTESIAN_POINT('',(0.76871124,0.805319919,0.339725));
#2542=CARTESIAN_POINT('',(0.76871124,0.805319919,0.349725));
#2543=CARTESIAN_POINT('',(0.760362962,0.805026157,0.339725));
#2544=CARTESIAN_POINT('',(0.760362962,0.805026157,0.349725));
#2545=CARTESIAN_POINT('',(0.748264622,0.802545043,0.339725));
#2546=CARTESIAN_POINT('',(0.748264622,0.802545043,0.349725));
#2547=CARTESIAN_POINT('',(0.73697448,0.798433432,0.339725));
#2548=CARTESIAN_POINT('',(0.73697448,0.798433432,0.349725));
#2549=CARTESIAN_POINT('',(0.726450801,0.792712369,0.339725));
#2550=CARTESIAN_POINT('',(0.726450801,0.792712369,0.349725));
#2551=CARTESIAN_POINT('',(0.716843369,0.785202687,0.339725));
#2552=CARTESIAN_POINT('',(0.716843369,0.785202687,0.349725));
#2553=CARTESIAN_POINT('',(0.707961058,0.776171623,0.339725));
#2554=CARTESIAN_POINT('',(0.707961058,0.776171623,0.349725));
#2555=CARTESIAN_POINT('',(0.700048787,0.765432838,0.339725));
#2556=CARTESIAN_POINT('',(0.700048787,0.765432838,0.349725));
#2557=CARTESIAN_POINT('',(0.692871848,0.753160621,0.339725));
#2558=CARTESIAN_POINT('',(0.692871848,0.753160621,0.349725));
#2559=CARTESIAN_POINT('',(0.686613454,0.739312802,0.339725));
#2560=CARTESIAN_POINT('',(0.686613454,0.739312802,0.349725));
#2561=CARTESIAN_POINT('',(0.681053213,0.723966702,0.339725));
#2562=CARTESIAN_POINT('',(0.681053213,0.723966702,0.349725));
#2563=CARTESIAN_POINT('',(0.676526065,0.707056519,0.339725));
#2564=CARTESIAN_POINT('',(0.676526065,0.707056519,0.349725));
#2565=CARTESIAN_POINT('',(0.67268168,0.688636028,0.339725));
#2566=CARTESIAN_POINT('',(0.67268168,0.688636028,0.349725));
#2567=CARTESIAN_POINT('',(0.669841103,0.668675677,0.339725));
#2568=CARTESIAN_POINT('',(0.669841103,0.668675677,0.349725));
#2569=CARTESIAN_POINT('',(0.667752237,0.647172469,0.339725));
#2570=CARTESIAN_POINT('',(0.667752237,0.647172469,0.349725));
#2571=CARTESIAN_POINT('',(0.666427903,0.624155238,0.339725));
#2572=CARTESIAN_POINT('',(0.666427903,0.624155238,0.349725));
#2573=CARTESIAN_POINT('',(0.66629976,0.608285518,0.339725));
#2574=CARTESIAN_POINT('',(0.66629976,0.608285518,0.349725));
#2575=CARTESIAN_POINT('',(0.666233766,0.600112662,0.339725));
#2576=CARTESIAN_POINT('',(0.666233766,0.600112662,0.349725));
#2577=B_SPLINE_SURFACE_WITH_KNOTS('',3,1,((#2539,#2540),(#2541,#2542),(#2543,#2544),(#2545,#2546),(#2547,#2548),(#2549,#2550),(#2551,#2552),(#2553,#2554),(#2555,#2556),(#2557,#2558),(#2559,#2560),(#2561,#2562),(#2563,#2564),(#2565,#2566),(#2567,#2568),(#2569,#2570),(#2571,#2572),(#2573,#2574),(#2575,#2576)),.UNSPECIFIED.,.F.,.F.,.U.,(4,1,1,1,1,1,1,1,1,1,1,1,1,1,1,1,4),(2,2),(0.,0.049555452,0.097123806,0.143063294,0.189018978,0.235958429,0.284517725,0.336052008,0.390833294,0.449751206,0.512726299,0.58066227,0.653375778,0.73169151,0.815254228,0.904856512,1.),(0.,1.),.UNSPECIFIED.);
#2578=ORIENTED_EDGE('',*,*,#863,.F.);
#2579=ORIENTED_EDGE('',*,*,#2533,.T.);
#2580=CARTESIAN_POINT('',(0.666233766,0.600112662,0.339725));
#2581=CARTESIAN_POINT('',(0.666407171,0.621587741,0.339725));
#2582=CARTESIAN_POINT('',(0.667151716,0.643073996,0.339725));
#2583=CARTESIAN_POINT('',(0.669507994,0.664419084,0.339725));
#2584=CARTESIAN_POINT('',(0.671864271,0.685764171,0.339725));
#2585=CARTESIAN_POINT('',(0.675612447,0.707053398,0.339725));
#2586=CARTESIAN_POINT('',(0.682427078,0.727419613,0.339725));
#2587=CARTESIAN_POINT('',(0.68924171,0.747785828,0.339725));
#2588=CARTESIAN_POINT('',(0.698978024,0.767735847,0.339725));
#2589=CARTESIAN_POINT('',(0.714468359,0.782636386,0.339725));
#2590=CARTESIAN_POINT('',(0.722213526,0.790086656,0.339725));
#2591=CARTESIAN_POINT('',(0.731359117,0.796114933,0.339725));
#2592=CARTESIAN_POINT('',(0.741394086,0.799954691,0.339725));
#2593=CARTESIAN_POINT('',(0.751429054,0.803794449,0.339725));
#2594=CARTESIAN_POINT('',(0.762226403,0.805091728,0.339725));
#2595=CARTESIAN_POINT('',(0.772970779,0.805469805,0.339725));
#2596=B_SPLINE_CURVE_WITH_KNOTS('',3,(#2580,#2581,#2582,#2583,#2584,#2585,#2586,#2587,#2588,#2589,#2590,#2591,#2592,#2593,#2594,#2595),.UNSPECIFIED.,.F.,.F.,(4,3,3,3,3,4),(0.,0.25,0.5,0.75,0.875,1.),.UNSPECIFIED.);
#2597=EDGE_CURVE('NONE',#2512,#2313,#2596,.T.);
#2598=ORIENTED_EDGE('',*,*,#2597,.T.);
#2599=ORIENTED_EDGE('',*,*,#2318,.F.);
#2600=EDGE_LOOP('',(#2578,#2579,#2598,#2599));
#2601=FACE_BOUND('',#2600,.T.);
#2602=ADVANCED_FACE('NONE',(#2601),#2577,.F.);
#2603=CARTESIAN_POINT('',(-0.95,-0.399725,0.339725));
#2604=DIRECTION('',(0.,0.,1.));
#2605=DIRECTION('',(0.,-1.,0.));
#2606=AXIS2_PLACEMENT_3D('',#2603,#2604,#2605);
#2607=PLANE('',#2606);
#2608=CARTESIAN_POINT('',(0.707792208,0.600275,0.339725));
#2609=VERTEX_POINT('',#2608);
#2610=CARTESIAN_POINT('',(0.773697866,0.436638743,0.339725));
#2611=VERTEX_POINT('',#2610);
#2612=CARTESIAN_POINT('',(0.707792208,0.600275,0.339725));
#2613=CARTESIAN_POINT('',(0.708092446,0.567987993,0.339725));
#2614=CARTESIAN_POINT('',(0.708623151,0.535480248,0.339725));
#2615=CARTESIAN_POINT('',(0.714973188,0.503817013,0.339725));
#2616=CARTESIAN_POINT('',(0.718148207,0.487985396,0.339725));
#2617=CARTESIAN_POINT('',(0.723296943,0.472213563,0.339725));
#2618=CARTESIAN_POINT('',(0.733004804,0.459311546,0.339725));
#2619=CARTESIAN_POINT('',(0.737858734,0.452860537,0.339725));
#2620=CARTESIAN_POINT('',(0.743639968,0.446997856,0.339725));
#2621=CARTESIAN_POINT('',(0.750575848,0.442852023,0.339725));
#2622=CARTESIAN_POINT('',(0.757511729,0.43870619,0.339725));
#2623=CARTESIAN_POINT('',(0.765608053,0.43688993,0.339725));
#2624=CARTESIAN_POINT('',(0.773701299,0.436638636,0.339725));
#2625=B_SPLINE_CURVE_WITH_KNOTS('',3,(#2612,#2613,#2614,#2615,#2616,#2617,#2618,#2619,#2620,#2621,#2622,#2623,#2624),.UNSPECIFIED.,.F.,.F.,(4,3,3,3,4),(0.,0.5,0.75,0.875,1.),.UNSPECIFIED.);
#2626=EDGE_CURVE('NONE',#2609,#2611,#2625,.T.);
#2627=ORIENTED_EDGE('',*,*,#2626,.F.);
#2628=CARTESIAN_POINT('',(0.771269803,0.763911233,0.339725));
#2629=VERTEX_POINT('',#2628);
#2630=CARTESIAN_POINT('',(0.771266234,0.763911364,0.339725));
#2631=CARTESIAN_POINT('',(0.763259073,0.763642174,0.339725));
#2632=CARTESIAN_POINT('',(0.755309498,0.761505899,0.339725));
#2633=CARTESIAN_POINT('',(0.748632327,0.757103859,0.339725));
#2634=CARTESIAN_POINT('',(0.741955156,0.752701819,0.339725));
#2635=CARTESIAN_POINT('',(0.736500342,0.746650683,0.339725));
#2636=CARTESIAN_POINT('',(0.731959139,0.740073765,0.339725));
#2637=CARTESIAN_POINT('',(0.727417936,0.733496847,0.339725));
#2638=CARTESIAN_POINT('',(0.723690641,0.726365992,0.339725));
#2639=CARTESIAN_POINT('',(0.7209583,0.718856937,0.339725));
#2640=CARTESIAN_POINT('',(0.718225959,0.711347883,0.339725));
#2641=CARTESIAN_POINT('',(0.716359018,0.703556507,0.339725));
#2642=CARTESIAN_POINT('',(0.714820496,0.695716955,0.339725));
#2643=CARTESIAN_POINT('',(0.708666408,0.664358749,0.339725));
#2644=CARTESIAN_POINT('',(0.708100533,0.632217983,0.339725));
#2645=CARTESIAN_POINT('',(0.707792208,0.600275,0.339725));
#2646=B_SPLINE_CURVE_WITH_KNOTS('',3,(#2630,#2631,#2632,#2633,#2634,#2635,#2636,#2637,#2638,#2639,#2640,#2641,#2642,#2643,#2644,#2645),.UNSPECIFIED.,.F.,.F.,(4,3,3,3,3,4),(0.,0.125,0.25,0.375,0.5,1.),.UNSPECIFIED.);
#2647=EDGE_CURVE('NONE',#2629,#2609,#2646,.T.);
#2648=ORIENTED_EDGE('',*,*,#2647,.F.);
#2649=CARTESIAN_POINT('',(0.837662338,0.600275,0.339725));
#2650=VERTEX_POINT('',#2649);
#2651=CARTESIAN_POINT('',(0.837662338,0.600275,0.339725));
#2652=CARTESIAN_POINT('',(0.837355198,0.632640404,0.339725));
#2653=CARTESIAN_POINT('',(0.836806728,0.66521768,0.339725));
#2654=CARTESIAN_POINT('',(0.83045086,0.696965611,0.339725));
#2655=CARTESIAN_POINT('',(0.827272925,0.712839577,0.339725));
#2656=CARTESIAN_POINT('',(0.821923589,0.728530916,0.339725));
#2657=CARTESIAN_POINT('',(0.812267534,0.741529192,0.339725));
#2658=CARTESIAN_POINT('',(0.807439506,0.748028331,0.339725));
#2659=CARTESIAN_POINT('',(0.80150814,0.753790977,0.339725));
#2660=CARTESIAN_POINT('',(0.794495122,0.757843938,0.339725));
#2661=CARTESIAN_POINT('',(0.787482103,0.761896899,0.339725));
#2662=CARTESIAN_POINT('',(0.779366705,0.763615937,0.339725));
#2663=CARTESIAN_POINT('',(0.771266234,0.763911364,0.339725));
#2664=B_SPLINE_CURVE_WITH_KNOTS('',3,(#2651,#2652,#2653,#2654,#2655,#2656,#2657,#2658,#2659,#2660,#2661,#2662,#2663),.UNSPECIFIED.,.F.,.F.,(4,3,3,3,4),(0.,0.5,0.75,0.875,1.),.UNSPECIFIED.);
#2665=EDGE_CURVE('NONE',#2650,#2629,#2664,.T.);
#2666=ORIENTED_EDGE('',*,*,#2665,.F.);
#2667=CARTESIAN_POINT('',(0.773701299,0.436638636,0.339725));
#2668=CARTESIAN_POINT('',(0.78172161,0.436915629,0.339725));
#2669=CARTESIAN_POINT('',(0.789685174,0.439020777,0.339725));
#2670=CARTESIAN_POINT('',(0.796417239,0.443364177,0.339725));
#2671=CARTESIAN_POINT('',(0.803149304,0.447707578,0.339725));
#2672=CARTESIAN_POINT('',(0.80863188,0.453757082,0.339725));
#2673=CARTESIAN_POINT('',(0.813245258,0.460297959,0.339725));
#2674=CARTESIAN_POINT('',(0.822472015,0.473379714,0.339725));
#2675=CARTESIAN_POINT('',(0.827486146,0.488964798,0.339725));
#2676=CARTESIAN_POINT('',(0.8306176,0.504660204,0.339725));
#2677=CARTESIAN_POINT('',(0.836880508,0.536051015,0.339725));
#2678=CARTESIAN_POINT('',(0.837354088,0.568274207,0.339725));
#2679=CARTESIAN_POINT('',(0.837662338,0.600275,0.339725));
#2680=B_SPLINE_CURVE_WITH_KNOTS('',3,(#2667,#2668,#2669,#2670,#2671,#2672,#2673,#2674,#2675,#2676,#2677,#2678,#2679),.UNSPECIFIED.,.F.,.F.,(4,3,3,3,4),(0.,0.125,0.25,0.5,1.),.UNSPECIFIED.);
#2681=EDGE_CURVE('NONE',#2611,#2650,#2680,.T.);
#2682=ORIENTED_EDGE('',*,*,#2681,.F.);
#2683=EDGE_LOOP('',(#2627,#2648,#2666,#2682));
#2684=FACE_BOUND('',#2683,.T.);
#2685=ORIENTED_EDGE('',*,*,#2527,.F.);
#2686=ORIENTED_EDGE('',*,*,#2459,.F.);
#2687=ORIENTED_EDGE('',*,*,#2391,.F.);
#2688=ORIENTED_EDGE('',*,*,#2336,.F.);
#2689=ORIENTED_EDGE('',*,*,#2597,.F.);
#2690=EDGE_LOOP('',(#2685,#2686,#2687,#2688,#2689));
#2691=FACE_BOUND('',#2690,.T.);
#2692=ADVANCED_FACE('NONE',(#2684,#2691),#2607,.T.);
#2693=OVER_RIDING_STYLED_ITEM('',(#95),#2692,#54);
#2694=CARTESIAN_POINT('',(0.773701299,0.436638636,0.339725));
#2695=CARTESIAN_POINT('',(0.773701299,0.436638636,0.349725));
#2696=CARTESIAN_POINT('',(0.775931338,0.436715654,0.339725));
#2697=CARTESIAN_POINT('',(0.775931338,0.436715654,0.349725));
#2698=CARTESIAN_POINT('',(0.780371703,0.436869008,0.339725));
#2699=CARTESIAN_POINT('',(0.780371703,0.436869008,0.349725));
#2700=CARTESIAN_POINT('',(0.786844354,0.438625581,0.339725));
#2701=CARTESIAN_POINT('',(0.786844354,0.438625581,0.349725));
#2702=CARTESIAN_POINT('',(0.793084288,0.441202277,0.339725));
#2703=CARTESIAN_POINT('',(0.793084288,0.441202277,0.349725));
#2704=CARTESIAN_POINT('',(0.798986634,0.444931413,0.339725));
#2705=CARTESIAN_POINT('',(0.798986634,0.444931413,0.349725));
#2706=CARTESIAN_POINT('',(0.804542916,0.449727808,0.339725));
#2707=CARTESIAN_POINT('',(0.804542916,0.449727808,0.349725));
#2708=CARTESIAN_POINT('',(0.80982844,0.455551066,0.339725));
#2709=CARTESIAN_POINT('',(0.80982844,0.455551066,0.349725));
#2710=CARTESIAN_POINT('',(0.814851075,0.46240759,0.339725));
#2711=CARTESIAN_POINT('',(0.814851075,0.46240759,0.349725));
#2712=CARTESIAN_POINT('',(0.819667481,0.470420413,0.339725));
#2713=CARTESIAN_POINT('',(0.819667481,0.470420413,0.349725));
#2714=CARTESIAN_POINT('',(0.824001995,0.479978629,0.339725));
#2715=CARTESIAN_POINT('',(0.824001995,0.479978629,0.349725));
#2716=CARTESIAN_POINT('',(0.827688831,0.491390953,0.339725));
#2717=CARTESIAN_POINT('',(0.827688831,0.491390953,0.349725));
#2718=CARTESIAN_POINT('',(0.830791102,0.504755184,0.339725));
#2719=CARTESIAN_POINT('',(0.830791102,0.504755184,0.349725));
#2720=CARTESIAN_POINT('',(0.833357236,0.520071538,0.339725));
#2721=CARTESIAN_POINT('',(0.833357236,0.520071538,0.349725));
#2722=CARTESIAN_POINT('',(0.835216319,0.537367394,0.339725));
#2723=CARTESIAN_POINT('',(0.835216319,0.537367394,0.349725));
#2724=CARTESIAN_POINT('',(0.836704705,0.556583595,0.339725));
#2725=CARTESIAN_POINT('',(0.836704705,0.556583595,0.349725));
#2726=CARTESIAN_POINT('',(0.837445707,0.577785532,0.339725));
#2727=CARTESIAN_POINT('',(0.837445707,0.577785532,0.349725));
#2728=CARTESIAN_POINT('',(0.837588057,0.592563544,0.339725));
#2729=CARTESIAN_POINT('',(0.837588057,0.592563544,0.349725));
#2730=CARTESIAN_POINT('',(0.837662338,0.600275,0.339725));
#2731=CARTESIAN_POINT('',(0.837662338,0.600275,0.349725));
#2732=B_SPLINE_SURFACE_WITH_KNOTS('',3,1,((#2694,#2695),(#2696,#2697),(#2698,#2699),(#2700,#2701),(#2702,#2703),(#2704,#2705),(#2706,#2707),(#2708,#2709),(#2710,#2711),(#2712,#2713),(#2714,#2715),(#2716,#2717),(#2718,#2719),(#2720,#2721),(#2722,#2723),(#2724,#2725),(#2726,#2727),(#2728,#2729),(#2730,#2731)),.UNSPECIFIED.,.F.,.F.,.U.,(4,1,1,1,1,1,1,1,1,1,1,1,1,1,1,1,4),(2,2),(0.,0.034756127,0.06920498,0.104063784,0.139955608,0.177736922,0.218428466,0.262562261,0.310337678,0.36424963,0.426142415,0.497402632,0.578434743,0.668624901,0.769099284,0.879511484,1.),(0.,1.),.UNSPECIFIED.);
#2733=CARTESIAN_POINT('',(0.773697866,0.436638743,0.349725));
#2734=VERTEX_POINT('',#2733);
#2735=CARTESIAN_POINT('',(0.773701299,0.436638636,0.339725));
#2736=DIRECTION('',(0.,0.,1.));
#2737=VECTOR('',#2736,0.01);
#2738=LINE('',#2735,#2737);
#2739=EDGE_CURVE('NONE',#2611,#2734,#2738,.T.);
#2740=ORIENTED_EDGE('',*,*,#2739,.F.);
#2741=ORIENTED_EDGE('',*,*,#2681,.T.);
#2742=CARTESIAN_POINT('',(0.837662338,0.600275,0.349725));
#2743=VERTEX_POINT('',#2742);
#2744=CARTESIAN_POINT('',(0.837662338,0.600275,0.339725));
#2745=DIRECTION('',(0.,0.,1.));
#2746=VECTOR('',#2745,0.01);
#2747=LINE('',#2744,#2746);
#2748=EDGE_CURVE('NONE',#2650,#2743,#2747,.T.);
#2749=ORIENTED_EDGE('',*,*,#2748,.T.);
#2750=CARTESIAN_POINT('',(0.773701299,0.436638636,0.349725));
#2751=CARTESIAN_POINT('',(0.78172161,0.436915629,0.349725));
#2752=CARTESIAN_POINT('',(0.789685174,0.439020777,0.349725));
#2753=CARTESIAN_POINT('',(0.796417239,0.443364177,0.349725));
#2754=CARTESIAN_POINT('',(0.803149304,0.447707578,0.349725));
#2755=CARTESIAN_POINT('',(0.80863188,0.453757082,0.349725));
#2756=CARTESIAN_POINT('',(0.813245258,0.460297959,0.349725));
#2757=CARTESIAN_POINT('',(0.822472015,0.473379714,0.349725));
#2758=CARTESIAN_POINT('',(0.827486146,0.488964798,0.349725));
#2759=CARTESIAN_POINT('',(0.8306176,0.504660204,0.349725));
#2760=CARTESIAN_POINT('',(0.836880508,0.536051015,0.349725));
#2761=CARTESIAN_POINT('',(0.837354088,0.568274207,0.349725));
#2762=CARTESIAN_POINT('',(0.837662338,0.600275,0.349725));
#2763=B_SPLINE_CURVE_WITH_KNOTS('',3,(#2750,#2751,#2752,#2753,#2754,#2755,#2756,#2757,#2758,#2759,#2760,#2761,#2762),.UNSPECIFIED.,.F.,.F.,(4,3,3,3,4),(0.,0.125,0.25,0.5,1.),.UNSPECIFIED.);
#2764=EDGE_CURVE('NONE',#2734,#2743,#2763,.T.);
#2765=ORIENTED_EDGE('',*,*,#2764,.F.);
#2766=EDGE_LOOP('',(#2740,#2741,#2749,#2765));
#2767=FACE_BOUND('',#2766,.T.);
#2768=ADVANCED_FACE('NONE',(#2767),#2732,.T.);
#2769=CARTESIAN_POINT('',(0.837662338,0.600275,0.339725));
#2770=CARTESIAN_POINT('',(0.837662338,0.600275,0.349725));
#2771=CARTESIAN_POINT('',(0.837588387,0.608067673,0.339725));
#2772=CARTESIAN_POINT('',(0.837588387,0.608067673,0.349725));
#2773=CARTESIAN_POINT('',(0.837446607,0.623008062,0.339725));
#2774=CARTESIAN_POINT('',(0.837446607,0.623008062,0.349725));
#2775=CARTESIAN_POINT('',(0.836702224,0.644398657,0.339725));
#2776=CARTESIAN_POINT('',(0.836702224,0.644398657,0.349725));
#2777=CARTESIAN_POINT('',(0.835238236,0.663783007,0.339725));
#2778=CARTESIAN_POINT('',(0.835238236,0.663783007,0.349725));
#2779=CARTESIAN_POINT('',(0.833276475,0.681125962,0.339725));
#2780=CARTESIAN_POINT('',(0.833276475,0.681125962,0.349725));
#2781=CARTESIAN_POINT('',(0.830695956,0.696467024,0.339725));
#2782=CARTESIAN_POINT('',(0.830695956,0.696467024,0.349725));
#2783=CARTESIAN_POINT('',(0.827632795,0.709826211,0.339725));
#2784=CARTESIAN_POINT('',(0.827632795,0.709826211,0.349725));
#2785=CARTESIAN_POINT('',(0.8238481,0.721161707,0.339725));
#2786=CARTESIAN_POINT('',(0.8238481,0.721161707,0.349725));
#2787=CARTESIAN_POINT('',(0.819529256,0.730652641,0.339725));
#2788=CARTESIAN_POINT('',(0.819529256,0.730652641,0.349725));
#2789=CARTESIAN_POINT('',(0.814572078,0.738476855,0.339725));
#2790=CARTESIAN_POINT('',(0.814572078,0.738476855,0.349725));
#2791=CARTESIAN_POINT('',(0.8095107,0.745305957,0.339725));
#2792=CARTESIAN_POINT('',(0.8095107,0.745305957,0.349725));
#2793=CARTESIAN_POINT('',(0.803964162,0.750995711,0.339725));
#2794=CARTESIAN_POINT('',(0.803964162,0.750995711,0.349725));
#2795=CARTESIAN_POINT('',(0.798134151,0.755733528,0.339725));
#2796=CARTESIAN_POINT('',(0.798134151,0.755733528,0.349725));
#2797=CARTESIAN_POINT('',(0.79193576,0.759425407,0.339725));
#2798=CARTESIAN_POINT('',(0.79193576,0.759425407,0.349725));
#2799=CARTESIAN_POINT('',(0.785341789,0.762063554,0.339725));
#2800=CARTESIAN_POINT('',(0.785341789,0.762063554,0.349725));
#2801=CARTESIAN_POINT('',(0.778403505,0.763651065,0.339725));
#2802=CARTESIAN_POINT('',(0.778403505,0.763651065,0.349725));
#2803=CARTESIAN_POINT('',(0.773655316,0.763824233,0.339725));
#2804=CARTESIAN_POINT('',(0.773655316,0.763824233,0.349725));
#2805=CARTESIAN_POINT('',(0.771266234,0.763911364,0.339725));
#2806=CARTESIAN_POINT('',(0.771266234,0.763911364,0.349725));
#2807=B_SPLINE_SURFACE_WITH_KNOTS('',3,1,((#2769,#2770),(#2771,#2772),(#2773,#2774),(#2775,#2776),(#2777,#2778),(#2779,#2780),(#2781,#2782),(#2783,#2784),(#2785,#2786),(#2787,#2788),(#2789,#2790),(#2791,#2792),(#2793,#2794),(#2795,#2796),(#2797,#2798),(#2799,#2800),(#2801,#2802),(#2803,#2804),(#2805,#2806)),.UNSPECIFIED.,.F.,.F.,.U.,(4,1,1,1,1,1,1,1,1,1,1,1,1,1,1,1,4),(2,2),(0.,0.120385836,0.230808008,0.330568024,0.420621041,0.500328824,0.570786795,0.632115393,0.684661225,0.731402465,0.774955251,0.81574497,0.853800545,0.890716674,0.926729732,0.963133592,1.),(0.,1.),.UNSPECIFIED.);
#2808=ORIENTED_EDGE('',*,*,#2748,.F.);
#2809=ORIENTED_EDGE('',*,*,#2665,.T.);
#2810=CARTESIAN_POINT('',(0.771269803,0.763911233,0.349725));
#2811=VERTEX_POINT('',#2810);
#2812=CARTESIAN_POINT('',(0.771266234,0.763911364,0.339725));
#2813=DIRECTION('',(0.,0.,1.));
#2814=VECTOR('',#2813,0.01);
#2815=LINE('',#2812,#2814);
#2816=EDGE_CURVE('NONE',#2629,#2811,#2815,.T.);
#2817=ORIENTED_EDGE('',*,*,#2816,.T.);
#2818=CARTESIAN_POINT('',(0.837662338,0.600275,0.349725));
#2819=CARTESIAN_POINT('',(0.837355198,0.632640404,0.349725));
#2820=CARTESIAN_POINT('',(0.836806728,0.66521768,0.349725));
#2821=CARTESIAN_POINT('',(0.83045086,0.696965611,0.349725));
#2822=CARTESIAN_POINT('',(0.827272925,0.712839577,0.349725));
#2823=CARTESIAN_POINT('',(0.821923589,0.728530916,0.349725));
#2824=CARTESIAN_POINT('',(0.812267534,0.741529192,0.349725));
#2825=CARTESIAN_POINT('',(0.807439506,0.748028331,0.349725));
#2826=CARTESIAN_POINT('',(0.80150814,0.753790977,0.349725));
#2827=CARTESIAN_POINT('',(0.794495122,0.757843938,0.349725));
#2828=CARTESIAN_POINT('',(0.787482103,0.761896899,0.349725));
#2829=CARTESIAN_POINT('',(0.779366705,0.763615937,0.349725));
#2830=CARTESIAN_POINT('',(0.771266234,0.763911364,0.349725));
#2831=B_SPLINE_CURVE_WITH_KNOTS('',3,(#2818,#2819,#2820,#2821,#2822,#2823,#2824,#2825,#2826,#2827,#2828,#2829,#2830),.UNSPECIFIED.,.F.,.F.,(4,3,3,3,4),(0.,0.5,0.75,0.875,1.),.UNSPECIFIED.);
#2832=EDGE_CURVE('NONE',#2743,#2811,#2831,.T.);
#2833=ORIENTED_EDGE('',*,*,#2832,.F.);
#2834=EDGE_LOOP('',(#2808,#2809,#2817,#2833));
#2835=FACE_BOUND('',#2834,.T.);
#2836=ADVANCED_FACE('NONE',(#2835),#2807,.T.);
#2837=CARTESIAN_POINT('',(0.771266234,0.763911364,0.339725));
#2838=CARTESIAN_POINT('',(0.771266234,0.763911364,0.349725));
#2839=CARTESIAN_POINT('',(0.769035831,0.763836381,0.339725));
#2840=CARTESIAN_POINT('',(0.769035831,0.763836381,0.349725));
#2841=CARTESIAN_POINT('',(0.764621031,0.763687961,0.339725));
#2842=CARTESIAN_POINT('',(0.764621031,0.763687961,0.349725));
#2843=CARTESIAN_POINT('',(0.758202196,0.761923985,0.339725));
#2844=CARTESIAN_POINT('',(0.758202196,0.761923985,0.349725));
#2845=CARTESIAN_POINT('',(0.752044273,0.759344757,0.339725));
#2846=CARTESIAN_POINT('',(0.752044273,0.759344757,0.349725));
#2847=CARTESIAN_POINT('',(0.746185164,0.755599033,0.339725));
#2848=CARTESIAN_POINT('',(0.746185164,0.755599033,0.349725));
#2849=CARTESIAN_POINT('',(0.740698803,0.750735042,0.339725));
#2850=CARTESIAN_POINT('',(0.740698803,0.750735042,0.349725));
#2851=CARTESIAN_POINT('',(0.735370417,0.744947851,0.339725));
#2852=CARTESIAN_POINT('',(0.735370417,0.744947851,0.349725));
#2853=CARTESIAN_POINT('',(0.730457935,0.738029492,0.339725));
#2854=CARTESIAN_POINT('',(0.730457935,0.738029492,0.349725));
#2855=CARTESIAN_POINT('',(0.725623867,0.730090022,0.339725));
#2856=CARTESIAN_POINT('',(0.725623867,0.730090022,0.349725));
#2857=CARTESIAN_POINT('',(0.721365365,0.720506242,0.339725));
#2858=CARTESIAN_POINT('',(0.721365365,0.720506242,0.349725));
#2859=CARTESIAN_POINT('',(0.717672809,0.70911377,0.339725));
#2860=CARTESIAN_POINT('',(0.717672809,0.70911377,0.349725));
#2861=CARTESIAN_POINT('',(0.71470293,0.695725565,0.339725));
#2862=CARTESIAN_POINT('',(0.71470293,0.695725565,0.349725));
#2863=CARTESIAN_POINT('',(0.712078562,0.680455298,0.339725));
#2864=CARTESIAN_POINT('',(0.712078562,0.680455298,0.349725));
#2865=CARTESIAN_POINT('',(0.710243235,0.663181545,0.339725));
#2866=CARTESIAN_POINT('',(0.710243235,0.663181545,0.349725));
#2867=CARTESIAN_POINT('',(0.708748295,0.643966733,0.339725));
#2868=CARTESIAN_POINT('',(0.708748295,0.643966733,0.349725));
#2869=CARTESIAN_POINT('',(0.708009283,0.622764374,0.339725));
#2870=CARTESIAN_POINT('',(0.708009283,0.622764374,0.349725));
#2871=CARTESIAN_POINT('',(0.707866641,0.607986424,0.339725));
#2872=CARTESIAN_POINT('',(0.707866641,0.607986424,0.349725));
#2873=CARTESIAN_POINT('',(0.707792208,0.600275,0.339725));
#2874=CARTESIAN_POINT('',(0.707792208,0.600275,0.349725));
#2875=B_SPLINE_SURFACE_WITH_KNOTS('',3,1,((#2837,#2838),(#2839,#2840),(#2841,#2842),(#2843,#2844),(#2845,#2846),(#2847,#2848),(#2849,#2850),(#2851,#2852),(#2853,#2854),(#2855,#2856),(#2857,#2858),(#2859,#2860),(#2861,#2862),(#2863,#2864),(#2865,#2866),(#2867,#2868),(#2869,#2870),(#2871,#2872),(#2873,#2874)),.UNSPECIFIED.,.F.,.F.,.U.,(4,1,1,1,1,1,1,1,1,1,1,1,1,1,1,1,4),(2,2),(0.,0.034818881,0.068919556,0.103451389,0.139049609,0.177175322,0.217940338,0.26190365,0.309765328,0.363213853,0.425620577,0.496912673,0.577673578,0.668026581,0.768682377,0.879293934,1.),(0.,1.),.UNSPECIFIED.);
#2876=ORIENTED_EDGE('',*,*,#2816,.F.);
#2877=ORIENTED_EDGE('',*,*,#2647,.T.);
#2878=CARTESIAN_POINT('',(0.707792208,0.600275,0.349725));
#2879=VERTEX_POINT('',#2878);
#2880=CARTESIAN_POINT('',(0.707792208,0.600275,0.339725));
#2881=DIRECTION('',(0.,0.,1.));
#2882=VECTOR('',#2881,0.01);
#2883=LINE('',#2880,#2882);
#2884=EDGE_CURVE('NONE',#2609,#2879,#2883,.T.);
#2885=ORIENTED_EDGE('',*,*,#2884,.T.);
#2886=CARTESIAN_POINT('',(0.771266234,0.763911364,0.349725));
#2887=CARTESIAN_POINT('',(0.763259073,0.763642174,0.349725));
#2888=CARTESIAN_POINT('',(0.755309498,0.761505899,0.349725));
#2889=CARTESIAN_POINT('',(0.748632327,0.757103859,0.349725));
#2890=CARTESIAN_POINT('',(0.741955156,0.752701819,0.349725));
#2891=CARTESIAN_POINT('',(0.736500342,0.746650683,0.349725));
#2892=CARTESIAN_POINT('',(0.731959139,0.740073765,0.349725));
#2893=CARTESIAN_POINT('',(0.727417936,0.733496847,0.349725));
#2894=CARTESIAN_POINT('',(0.723690641,0.726365992,0.349725));
#2895=CARTESIAN_POINT('',(0.7209583,0.718856937,0.349725));
#2896=CARTESIAN_POINT('',(0.718225959,0.711347883,0.349725));
#2897=CARTESIAN_POINT('',(0.716359018,0.703556507,0.349725));
#2898=CARTESIAN_POINT('',(0.714820496,0.695716955,0.349725));
#2899=CARTESIAN_POINT('',(0.708666408,0.664358749,0.349725));
#2900=CARTESIAN_POINT('',(0.708100533,0.632217983,0.349725));
#2901=CARTESIAN_POINT('',(0.707792208,0.600275,0.349725));
#2902=B_SPLINE_CURVE_WITH_KNOTS('',3,(#2886,#2887,#2888,#2889,#2890,#2891,#2892,#2893,#2894,#2895,#2896,#2897,#2898,#2899,#2900,#2901),.UNSPECIFIED.,.F.,.F.,(4,3,3,3,3,4),(0.,0.125,0.25,0.375,0.5,1.),.UNSPECIFIED.);
#2903=EDGE_CURVE('NONE',#2811,#2879,#2902,.T.);
#2904=ORIENTED_EDGE('',*,*,#2903,.F.);
#2905=EDGE_LOOP('',(#2876,#2877,#2885,#2904));
#2906=FACE_BOUND('',#2905,.T.);
#2907=ADVANCED_FACE('NONE',(#2906),#2875,.T.);
#2908=CARTESIAN_POINT('',(0.707792208,0.600275,0.339725));
#2909=CARTESIAN_POINT('',(0.707792208,0.600275,0.349725));
#2910=CARTESIAN_POINT('',(0.707864673,0.592482235,0.339725));
#2911=CARTESIAN_POINT('',(0.707864673,0.592482235,0.349725));
#2912=CARTESIAN_POINT('',(0.708003103,0.57759574,0.339725));
#2913=CARTESIAN_POINT('',(0.708003103,0.57759574,0.349725));
#2914=CARTESIAN_POINT('',(0.708763857,0.556233406,0.339725));
#2915=CARTESIAN_POINT('',(0.708763857,0.556233406,0.349725));
#2916=CARTESIAN_POINT('',(0.710201755,0.536900441,0.339725));
#2917=CARTESIAN_POINT('',(0.710201755,0.536900441,0.349725));
#2918=CARTESIAN_POINT('',(0.712198849,0.51953593,0.339725));
#2919=CARTESIAN_POINT('',(0.712198849,0.51953593,0.349725));
#2920=CARTESIAN_POINT('',(0.714730835,0.504211601,0.339725));
#2921=CARTESIAN_POINT('',(0.714730835,0.504211601,0.349725));
#2922=CARTESIAN_POINT('',(0.717855889,0.490843081,0.339725));
#2923=CARTESIAN_POINT('',(0.717855889,0.490843081,0.349725));
#2924=CARTESIAN_POINT('',(0.721579697,0.479484731,0.339725));
#2925=CARTESIAN_POINT('',(0.721579697,0.479484731,0.349725));
#2926=CARTESIAN_POINT('',(0.725960758,0.469974828,0.339725));
#2927=CARTESIAN_POINT('',(0.725960758,0.469974828,0.349725));
#2928=CARTESIAN_POINT('',(0.730819051,0.462080386,0.339725));
#2929=CARTESIAN_POINT('',(0.730819051,0.462080386,0.349725));
#2930=CARTESIAN_POINT('',(0.736008335,0.455353388,0.339725));
#2931=CARTESIAN_POINT('',(0.736008335,0.455353388,0.349725));
#2932=CARTESIAN_POINT('',(0.741373892,0.449519289,0.339725));
#2933=CARTESIAN_POINT('',(0.741373892,0.449519289,0.349725));
#2934=CARTESIAN_POINT('',(0.747239176,0.444859027,0.339725));
#2935=CARTESIAN_POINT('',(0.747239176,0.444859027,0.349725));
#2936=CARTESIAN_POINT('',(0.753328444,0.441090877,0.339725));
#2937=CARTESIAN_POINT('',(0.753328444,0.441090877,0.349725));
#2938=CARTESIAN_POINT('',(0.759876994,0.43863215,0.339725));
#2939=CARTESIAN_POINT('',(0.759876994,0.43863215,0.349725));
#2940=CARTESIAN_POINT('',(0.766653835,0.436857459,0.339725));
#2941=CARTESIAN_POINT('',(0.766653835,0.436857459,0.349725));
#2942=CARTESIAN_POINT('',(0.771335587,0.436712091,0.339725));
#2943=CARTESIAN_POINT('',(0.771335587,0.436712091,0.349725));
#2944=CARTESIAN_POINT('',(0.773701299,0.436638636,0.339725));
#2945=CARTESIAN_POINT('',(0.773701299,0.436638636,0.349725));
#2946=B_SPLINE_SURFACE_WITH_KNOTS('',3,1,((#2908,#2909),(#2910,#2911),(#2912,#2913),(#2914,#2915),(#2916,#2917),(#2918,#2919),(#2920,#2921),(#2922,#2923),(#2924,#2925),(#2926,#2927),(#2928,#2929),(#2930,#2931),(#2932,#2933),(#2934,#2935),(#2936,#2937),(#2938,#2939),(#2940,#2941),(#2942,#2943),(#2944,#2945)),.UNSPECIFIED.,.F.,.F.,.U.,(4,1,1,1,1,1,1,1,1,1,1,1,1,1,1,1,4),(2,2),(0.,0.120679585,0.230533829,0.330955063,0.420811673,0.501127024,0.571349366,0.633224666,0.685898713,0.733110452,0.776436514,0.817338641,0.855487074,0.892133376,0.927690448,0.96346164,1.),(0.,1.),.UNSPECIFIED.);
#2947=ORIENTED_EDGE('',*,*,#2626,.T.);
#2948=ORIENTED_EDGE('',*,*,#2739,.T.);
#2949=CARTESIAN_POINT('',(0.707792208,0.600275,0.349725));
#2950=CARTESIAN_POINT('',(0.708092446,0.567987993,0.349725));
#2951=CARTESIAN_POINT('',(0.708623151,0.535480248,0.349725));
#2952=CARTESIAN_POINT('',(0.714973188,0.503817013,0.349725));
#2953=CARTESIAN_POINT('',(0.718148207,0.487985396,0.349725));
#2954=CARTESIAN_POINT('',(0.723296943,0.472213563,0.349725));
#2955=CARTESIAN_POINT('',(0.733004804,0.459311546,0.349725));
#2956=CARTESIAN_POINT('',(0.737858734,0.452860537,0.349725));
#2957=CARTESIAN_POINT('',(0.743639968,0.446997856,0.349725));
#2958=CARTESIAN_POINT('',(0.750575848,0.442852023,0.349725));
#2959=CARTESIAN_POINT('',(0.757511729,0.43870619,0.349725));
#2960=CARTESIAN_POINT('',(0.765608053,0.43688993,0.349725));
#2961=CARTESIAN_POINT('',(0.773701299,0.436638636,0.349725));
#2962=B_SPLINE_CURVE_WITH_KNOTS('',3,(#2949,#2950,#2951,#2952,#2953,#2954,#2955,#2956,#2957,#2958,#2959,#2960,#2961),.UNSPECIFIED.,.F.,.F.,(4,3,3,3,4),(0.,0.5,0.75,0.875,1.),.UNSPECIFIED.);
#2963=EDGE_CURVE('NONE',#2879,#2734,#2962,.T.);
#2964=ORIENTED_EDGE('',*,*,#2963,.F.);
#2965=ORIENTED_EDGE('',*,*,#2884,.F.);
#2966=EDGE_LOOP('',(#2947,#2948,#2964,#2965));
#2967=FACE_BOUND('',#2966,.T.);
#2968=ADVANCED_FACE('NONE',(#2967),#2946,.T.);
#2969=CARTESIAN_POINT('',(-0.95,-0.399725,0.349725));
#2970=DIRECTION('',(0.,0.,1.));
#2971=DIRECTION('',(0.,-1.,0.));
#2972=AXIS2_PLACEMENT_3D('',#2969,#2970,#2971);
#2973=PLANE('',#2972);
#2974=ORIENTED_EDGE('',*,*,#2963,.T.);
#2975=ORIENTED_EDGE('',*,*,#2764,.T.);
#2976=ORIENTED_EDGE('',*,*,#2832,.T.);
#2977=ORIENTED_EDGE('',*,*,#2903,.T.);
#2978=EDGE_LOOP('',(#2974,#2975,#2976,#2977));
#2979=FACE_BOUND('',#2978,.T.);
#2980=ADVANCED_FACE('NONE',(#2979),#2973,.T.);
#2981=CARTESIAN_POINT('',(0.563376623,0.400275,0.349725));
#2982=DIRECTION('',(0.,1.,-0.));
#2983=DIRECTION('',(-1.,0.,0.));
#2984=AXIS2_PLACEMENT_3D('',#2981,#2982,#2983);
#2985=PLANE('',#2984);
#2986=CARTESIAN_POINT('',(0.563376623,0.400275,0.339725));
#2987=VERTEX_POINT('',#2986);
#2988=CARTESIAN_POINT('',(0.563376623,0.400275,0.349725));
#2989=DIRECTION('',(-0.,-0.,-1.));
#2990=VECTOR('',#2989,0.01);
#2991=LINE('',#2988,#2990);
#2992=EDGE_CURVE('NONE',#1008,#2987,#2991,.T.);
#2993=ORIENTED_EDGE('',*,*,#2992,.T.);
#2994=CARTESIAN_POINT('',(0.35038961,0.400275,0.339725));
#2995=VERTEX_POINT('',#2994);
#2996=CARTESIAN_POINT('',(0.563376623,0.400275,0.339725));
#2997=DIRECTION('',(-1.,0.,0.));
#2998=VECTOR('',#2997,0.212987013);
#2999=LINE('',#2996,#2998);
#3000=EDGE_CURVE('NONE',#2987,#2995,#2999,.T.);
#3001=ORIENTED_EDGE('',*,*,#3000,.T.);
#3002=CARTESIAN_POINT('',(0.35038961,0.400275,0.349725));
#3003=DIRECTION('',(-0.,-0.,-1.));
#3004=VECTOR('',#3003,0.01);
#3005=LINE('',#3002,#3004);
#3006=EDGE_CURVE('NONE',#1010,#2995,#3005,.T.);
#3007=ORIENTED_EDGE('',*,*,#3006,.F.);
#3008=ORIENTED_EDGE('',*,*,#1015,.F.);
#3009=EDGE_LOOP('',(#2993,#3001,#3007,#3008));
#3010=FACE_BOUND('',#3009,.T.);
#3011=ADVANCED_FACE('NONE',(#3010),#2985,.T.);
#3012=CARTESIAN_POINT('',(0.43237013,0.548732792,0.339725));
#3013=CARTESIAN_POINT('',(0.43237013,0.548732792,0.349725));
#3014=CARTESIAN_POINT('',(0.428558645,0.544777693,0.339725));
#3015=CARTESIAN_POINT('',(0.428558645,0.544777693,0.349725));
#3016=CARTESIAN_POINT('',(0.421157693,0.537097879,0.339725));
#3017=CARTESIAN_POINT('',(0.421157693,0.537097879,0.349725));
#3018=CARTESIAN_POINT('',(0.410763129,0.525542496,0.339725));
#3019=CARTESIAN_POINT('',(0.410763129,0.525542496,0.349725));
#3020=CARTESIAN_POINT('',(0.40128393,0.514429227,0.339725));
#3021=CARTESIAN_POINT('',(0.40128393,0.514429227,0.349725));
#3022=CARTESIAN_POINT('',(0.392584817,0.503781221,0.339725));
#3023=CARTESIAN_POINT('',(0.392584817,0.503781221,0.349725));
#3024=CARTESIAN_POINT('',(0.384923986,0.493440407,0.339725));
#3025=CARTESIAN_POINT('',(0.384923986,0.493440407,0.349725));
#3026=CARTESIAN_POINT('',(0.378151612,0.483504857,0.339725));
#3027=CARTESIAN_POINT('',(0.378151612,0.483504857,0.349725));
#3028=CARTESIAN_POINT('',(0.372258738,0.474035141,0.339725));
#3029=CARTESIAN_POINT('',(0.372258738,0.474035141,0.349725));
#3030=CARTESIAN_POINT('',(0.367375316,0.464861394,0.339725));
#3031=CARTESIAN_POINT('',(0.367375316,0.464861394,0.349725));
#3032=CARTESIAN_POINT('',(0.363196274,0.456021996,0.339725));
#3033=CARTESIAN_POINT('',(0.363196274,0.456021996,0.349725));
#3034=CARTESIAN_POINT('',(0.359627214,0.447432159,0.339725));
#3035=CARTESIAN_POINT('',(0.359627214,0.447432159,0.349725));
#3036=CARTESIAN_POINT('',(0.356602363,0.439041011,0.339725));
#3037=CARTESIAN_POINT('',(0.356602363,0.439041011,0.349725));
#3038=CARTESIAN_POINT('',(0.354131453,0.430869442,0.339725));
#3039=CARTESIAN_POINT('',(0.354131453,0.430869442,0.349725));
#3040=CARTESIAN_POINT('',(0.352388787,0.422877747,0.339725));
#3041=CARTESIAN_POINT('',(0.352388787,0.422877747,0.349725));
#3042=CARTESIAN_POINT('',(0.351024023,0.415171035,0.339725));
#3043=CARTESIAN_POINT('',(0.351024023,0.415171035,0.349725));
#3044=CARTESIAN_POINT('',(0.35035977,0.407646496,0.339725));
#3045=CARTESIAN_POINT('',(0.35035977,0.407646496,0.349725));
#3046=CARTESIAN_POINT('',(0.350379749,0.40271104,0.339725));
#3047=CARTESIAN_POINT('',(0.350379749,0.40271104,0.349725));
#3048=CARTESIAN_POINT('',(0.35038961,0.400275,0.339725));
#3049=CARTESIAN_POINT('',(0.35038961,0.400275,0.349725));
#3050=B_SPLINE_SURFACE_WITH_KNOTS('',3,1,((#3012,#3013),(#3014,#3015),(#3016,#3017),(#3018,#3019),(#3020,#3021),(#3022,#3023),(#3024,#3025),(#3026,#3027),(#3028,#3029),(#3030,#3031),(#3032,#3033),(#3034,#3035),(#3036,#3037),(#3038,#3039),(#3040,#3041),(#3042,#3043),(#3044,#3045),(#3046,#3047),(#3048,#3049)),.UNSPECIFIED.,.F.,.F.,.U.,(4,1,1,1,1,1,1,1,1,1,1,1,1,1,1,1,4),(2,2),(0.,0.094754085,0.183988773,0.268082341,0.346739478,0.421143376,0.490018285,0.554142546,0.613449754,0.669198845,0.7227696,0.773854677,0.823034046,0.869915864,0.91488342,0.957988207,1.),(0.,1.),.UNSPECIFIED.);
#3051=ORIENTED_EDGE('',*,*,#3006,.T.);
#3052=CARTESIAN_POINT('',(0.432370594,0.548733272,0.339725));
#3053=VERTEX_POINT('',#3052);
#3054=CARTESIAN_POINT('',(0.35038961,0.400275,0.339725));
#3055=CARTESIAN_POINT('',(0.350272245,0.429267333,0.339725));
#3056=CARTESIAN_POINT('',(0.361480561,0.457367451,0.339725));
#3057=CARTESIAN_POINT('',(0.377126256,0.481771186,0.339725));
#3058=CARTESIAN_POINT('',(0.392771952,0.50617492,0.339725));
#3059=CARTESIAN_POINT('',(0.41225762,0.527862457,0.339725));
#3060=CARTESIAN_POINT('',(0.43237013,0.548732792,0.339725));
#3061=B_SPLINE_CURVE_WITH_KNOTS('',3,(#3054,#3055,#3056,#3057,#3058,#3059,#3060),.UNSPECIFIED.,.F.,.F.,(4,3,4),(0.,0.5,1.),.UNSPECIFIED.);
#3062=EDGE_CURVE('NONE',#2995,#3053,#3061,.T.);
#3063=ORIENTED_EDGE('',*,*,#3062,.T.);
#3064=CARTESIAN_POINT('',(0.43237013,0.548732792,0.349725));
#3065=DIRECTION('',(0.,-0.,-1.));
#3066=VECTOR('',#3065,0.01);
#3067=LINE('',#3064,#3066);
#3068=EDGE_CURVE('NONE',#1018,#3053,#3067,.T.);
#3069=ORIENTED_EDGE('',*,*,#3068,.F.);
#3070=ORIENTED_EDGE('',*,*,#1027,.F.);
#3071=EDGE_LOOP('',(#3051,#3063,#3069,#3070));
#3072=FACE_BOUND('',#3071,.T.);
#3073=ADVANCED_FACE('NONE',(#3072),#3050,.F.);
#3074=CARTESIAN_POINT('',(0.521818182,0.694187338,0.339725));
#3075=CARTESIAN_POINT('',(0.521818182,0.694187338,0.349725));
#3076=CARTESIAN_POINT('',(0.521610295,0.689623676,0.339725));
#3077=CARTESIAN_POINT('',(0.521610295,0.689623676,0.349725));
#3078=CARTESIAN_POINT('',(0.521182138,0.680224533,0.339725));
#3079=CARTESIAN_POINT('',(0.521182138,0.680224533,0.349725));
#3080=CARTESIAN_POINT('',(0.517669638,0.665967826,0.339725));
#3081=CARTESIAN_POINT('',(0.517669638,0.665967826,0.349725));
#3082=CARTESIAN_POINT('',(0.512233409,0.651220053,0.339725));
#3083=CARTESIAN_POINT('',(0.512233409,0.651220053,0.349725));
#3084=CARTESIAN_POINT('',(0.506084222,0.63856817,0.339725));
#3085=CARTESIAN_POINT('',(0.506084222,0.63856817,0.349725));
#3086=CARTESIAN_POINT('',(0.499634193,0.627940658,0.339725));
#3087=CARTESIAN_POINT('',(0.499634193,0.627940658,0.349725));
#3088=CARTESIAN_POINT('',(0.49366037,0.618908602,0.339725));
#3089=CARTESIAN_POINT('',(0.49366037,0.618908602,0.349725));
#3090=CARTESIAN_POINT('',(0.486273844,0.609226328,0.339725));
#3091=CARTESIAN_POINT('',(0.486273844,0.609226328,0.349725));
#3092=CARTESIAN_POINT('',(0.477827615,0.598674103,0.339725));
#3093=CARTESIAN_POINT('',(0.477827615,0.598674103,0.349725));
#3094=CARTESIAN_POINT('',(0.468236705,0.587267013,0.339725));
#3095=CARTESIAN_POINT('',(0.468236705,0.587267013,0.349725));
#3096=CARTESIAN_POINT('',(0.457330841,0.575160421,0.339725));
#3097=CARTESIAN_POINT('',(0.457330841,0.575160421,0.349725));
#3098=CARTESIAN_POINT('',(0.445327915,0.562135404,0.339725));
#3099=CARTESIAN_POINT('',(0.445327915,0.562135404,0.349725));
#3100=CARTESIAN_POINT('',(0.436799503,0.55331422,0.339725));
#3101=CARTESIAN_POINT('',(0.436799503,0.55331422,0.349725));
#3102=CARTESIAN_POINT('',(0.43237013,0.548732792,0.339725));
#3103=CARTESIAN_POINT('',(0.43237013,0.548732792,0.349725));
#3104=B_SPLINE_SURFACE_WITH_KNOTS('',3,1,((#3074,#3075),(#3076,#3077),(#3078,#3079),(#3080,#3081),(#3082,#3083),(#3084,#3085),(#3086,#3087),(#3088,#3089),(#3090,#3091),(#3092,#3093),(#3094,#3095),(#3096,#3097),(#3098,#3099),(#3100,#3101),(#3102,#3103)),.UNSPECIFIED.,.F.,.F.,.U.,(4,1,1,1,1,1,1,1,1,1,1,1,4),(2,2),(0.,0.078256188,0.16117345,0.250647991,0.347853249,0.402013728,0.463970167,0.533633509,0.610951101,0.695984778,0.789397175,0.890619926,1.),(0.,1.),.UNSPECIFIED.);
#3105=ORIENTED_EDGE('',*,*,#3068,.T.);
#3106=CARTESIAN_POINT('',(0.521818115,0.694191364,0.339725));
#3107=VERTEX_POINT('',#3106);
#3108=CARTESIAN_POINT('',(0.432370594,0.548733272,0.339725));
#3109=CARTESIAN_POINT('',(0.452616094,0.569673777,0.339725));
#3110=CARTESIAN_POINT('',(0.472547696,0.59101399,0.339725));
#3111=CARTESIAN_POINT('',(0.490093493,0.61427019,0.339725));
#3112=CARTESIAN_POINT('',(0.498866391,0.625898289,0.339725));
#3113=CARTESIAN_POINT('',(0.506528305,0.638420957,0.339725));
#3114=CARTESIAN_POINT('',(0.512203255,0.651840372,0.339725));
#3115=CARTESIAN_POINT('',(0.51504073,0.65855008,0.339725));
#3116=CARTESIAN_POINT('',(0.517467899,0.665448079,0.339725));
#3117=CARTESIAN_POINT('',(0.519198127,0.672534014,0.339725));
#3118=CARTESIAN_POINT('',(0.520928355,0.679619949,0.339725));
#3119=CARTESIAN_POINT('',(0.52148612,0.68689772,0.339725));
#3120=CARTESIAN_POINT('',(0.521818182,0.694187338,0.339725));
#3121=B_SPLINE_CURVE_WITH_KNOTS('',3,(#3108,#3109,#3110,#3111,#3112,#3113,#3114,#3115,#3116,#3117,#3118,#3119,#3120),.UNSPECIFIED.,.F.,.F.,(4,3,3,3,4),(0.,0.49999809,0.749997135,0.874996658,0.99999618),.UNSPECIFIED.);
#3122=EDGE_CURVE('NONE',#3053,#3107,#3121,.T.);
#3123=ORIENTED_EDGE('',*,*,#3122,.T.);
#3124=CARTESIAN_POINT('',(0.521818182,0.694187338,0.349725));
#3125=DIRECTION('',(0.,-0.,-1.));
#3126=VECTOR('',#3125,0.01);
#3127=LINE('',#3124,#3126);
#3128=EDGE_CURVE('NONE',#1030,#3107,#3127,.T.);
#3129=ORIENTED_EDGE('',*,*,#3128,.F.);
#3130=ORIENTED_EDGE('',*,*,#1045,.F.);
#3131=EDGE_LOOP('',(#3105,#3123,#3129,#3130));
#3132=FACE_BOUND('',#3131,.T.);
#3133=ADVANCED_FACE('NONE',(#3132),#3104,.F.);
#3134=CARTESIAN_POINT('',(0.460535714,0.763911364,0.339725));
#3135=CARTESIAN_POINT('',(0.460535714,0.763911364,0.349725));
#3136=CARTESIAN_POINT('',(0.462648777,0.763843004,0.339725));
#3137=CARTESIAN_POINT('',(0.462648777,0.763843004,0.349725));
#3138=CARTESIAN_POINT('',(0.466812673,0.763708297,0.339725));
#3139=CARTESIAN_POINT('',(0.466812673,0.763708297,0.349725));
#3140=CARTESIAN_POINT('',(0.472945005,0.762819325,0.339725));
#3141=CARTESIAN_POINT('',(0.472945005,0.762819325,0.349725));
#3142=CARTESIAN_POINT('',(0.478805563,0.761242703,0.339725));
#3143=CARTESIAN_POINT('',(0.478805563,0.761242703,0.349725));
#3144=CARTESIAN_POINT('',(0.484448569,0.759174347,0.339725));
#3145=CARTESIAN_POINT('',(0.484448569,0.759174347,0.349725));
#3146=CARTESIAN_POINT('',(0.489755196,0.756320414,0.339725));
#3147=CARTESIAN_POINT('',(0.489755196,0.756320414,0.349725));
#3148=CARTESIAN_POINT('',(0.494904766,0.753041991,0.339725));
#3149=CARTESIAN_POINT('',(0.494904766,0.753041991,0.349725));
#3150=CARTESIAN_POINT('',(0.499685629,0.748991323,0.339725));
#3151=CARTESIAN_POINT('',(0.499685629,0.748991323,0.349725));
#3152=CARTESIAN_POINT('',(0.504222157,0.744482437,0.339725));
#3153=CARTESIAN_POINT('',(0.504222157,0.744482437,0.349725));
#3154=CARTESIAN_POINT('',(0.508335904,0.739484364,0.339725));
#3155=CARTESIAN_POINT('',(0.508335904,0.739484364,0.349725));
#3156=CARTESIAN_POINT('',(0.511940812,0.734066363,0.339725));
#3157=CARTESIAN_POINT('',(0.511940812,0.734066363,0.349725));
#3158=CARTESIAN_POINT('',(0.515018358,0.728307999,0.339725));
#3159=CARTESIAN_POINT('',(0.515018358,0.728307999,0.349725));
#3160=CARTESIAN_POINT('',(0.517586899,0.722183191,0.339725));
#3161=CARTESIAN_POINT('',(0.517586899,0.722183191,0.349725));
#3162=CARTESIAN_POINT('',(0.519398429,0.715649446,0.339725));
#3163=CARTESIAN_POINT('',(0.519398429,0.715649446,0.349725));
#3164=CARTESIAN_POINT('',(0.520770493,0.708814082,0.339725));
#3165=CARTESIAN_POINT('',(0.520770493,0.708814082,0.349725));
#3166=CARTESIAN_POINT('',(0.52173258,0.701627698,0.339725));
#3167=CARTESIAN_POINT('',(0.52173258,0.701627698,0.349725));
#3168=CARTESIAN_POINT('',(0.521789195,0.696706842,0.339725));
#3169=CARTESIAN_POINT('',(0.521789195,0.696706842,0.349725));
#3170=CARTESIAN_POINT('',(0.521818182,0.694187338,0.339725));
#3171=CARTESIAN_POINT('',(0.521818182,0.694187338,0.349725));
#3172=B_SPLINE_SURFACE_WITH_KNOTS('',3,1,((#3134,#3135),(#3136,#3137),(#3138,#3139),(#3140,#3141),(#3142,#3143),(#3144,#3145),(#3146,#3147),(#3148,#3149),(#3150,#3151),(#3152,#3153),(#3154,#3155),(#3156,#3157),(#3158,#3159),(#3160,#3161),(#3162,#3163),(#3164,#3165),(#3166,#3167),(#3168,#3169),(#3170,#3171)),.UNSPECIFIED.,.F.,.F.,.U.,(4,1,1,1,1,1,1,1,1,1,1,1,1,1,1,1,4),(2,2),(0.,0.061090075,0.120381045,0.178625759,0.236300467,0.293677388,0.352470976,0.412459511,0.474404869,0.537198732,0.599242776,0.662231199,0.72570823,0.790817229,0.857852234,0.927219584,1.),(0.,1.),.UNSPECIFIED.);
#3173=ORIENTED_EDGE('',*,*,#3128,.T.);
#3174=CARTESIAN_POINT('',(0.460531331,0.763911255,0.339725));
#3175=VERTEX_POINT('',#3174);
#3176=CARTESIAN_POINT('',(0.521818135,0.694191364,0.339725));
#3177=CARTESIAN_POINT('',(0.521718724,0.702832007,0.339725));
#3178=CARTESIAN_POINT('',(0.520688257,0.711503359,0.339725));
#3179=CARTESIAN_POINT('',(0.518208871,0.719791187,0.339725));
#3180=CARTESIAN_POINT('',(0.515729485,0.728079016,0.339725));
#3181=CARTESIAN_POINT('',(0.511430688,0.735801087,0.339725));
#3182=CARTESIAN_POINT('',(0.505871897,0.742430556,0.339725));
#3183=CARTESIAN_POINT('',(0.500313107,0.749060025,0.339725));
#3184=CARTESIAN_POINT('',(0.493455351,0.754641531,0.339725));
#3185=CARTESIAN_POINT('',(0.485685975,0.758437353,0.339725));
#3186=CARTESIAN_POINT('',(0.481801286,0.760335264,0.339725));
#3187=CARTESIAN_POINT('',(0.47765066,0.761679791,0.339725));
#3188=CARTESIAN_POINT('',(0.473423615,0.762594582,0.339725));
#3189=CARTESIAN_POINT('',(0.46919657,0.763509373,0.339725));
#3190=CARTESIAN_POINT('',(0.464859377,0.763771488,0.339725));
#3191=CARTESIAN_POINT('',(0.460535714,0.763911364,0.339725));
#3192=B_SPLINE_CURVE_WITH_KNOTS('',3,(#3176,#3177,#3178,#3179,#3180,#3181,#3182,#3183,#3184,#3185,#3186,#3187,#3188,#3189,#3190,#3191),.UNSPECIFIED.,.F.,.F.,(4,3,3,3,3,4),(0.,0.249990308,0.499980616,0.749970923,0.874966077,0.999961231),.UNSPECIFIED.);
#3193=EDGE_CURVE('NONE',#3107,#3175,#3192,.T.);
#3194=ORIENTED_EDGE('',*,*,#3193,.T.);
#3195=CARTESIAN_POINT('',(0.460535714,0.763911364,0.349725));
#3196=DIRECTION('',(0.,-0.,-1.));
#3197=VECTOR('',#3196,0.01);
#3198=LINE('',#3195,#3197);
#3199=EDGE_CURVE('NONE',#1048,#3175,#3198,.T.);
#3200=ORIENTED_EDGE('',*,*,#3199,.F.);
#3201=ORIENTED_EDGE('',*,*,#1066,.F.);
#3202=EDGE_LOOP('',(#3173,#3194,#3200,#3201));
#3203=FACE_BOUND('',#3202,.T.);
#3204=ADVANCED_FACE('NONE',(#3203),#3172,.F.);
#3205=CARTESIAN_POINT('',(0.397142857,0.680794481,0.339725));
#3206=CARTESIAN_POINT('',(0.397142857,0.680794481,0.349725));
#3207=CARTESIAN_POINT('',(0.397170669,0.684043971,0.339725));
#3208=CARTESIAN_POINT('',(0.397170669,0.684043971,0.349725));
#3209=CARTESIAN_POINT('',(0.397224785,0.690366902,0.339725));
#3210=CARTESIAN_POINT('',(0.397224785,0.690366902,0.349725));
#3211=CARTESIAN_POINT('',(0.398188402,0.699550608,0.339725));
#3212=CARTESIAN_POINT('',(0.398188402,0.699550608,0.349725));
#3213=CARTESIAN_POINT('',(0.399502397,0.708162155,0.339725));
#3214=CARTESIAN_POINT('',(0.399502397,0.708162155,0.349725));
#3215=CARTESIAN_POINT('',(0.401468218,0.716199444,0.339725));
#3216=CARTESIAN_POINT('',(0.401468218,0.716199444,0.349725));
#3217=CARTESIAN_POINT('',(0.40397834,0.723632163,0.339725));
#3218=CARTESIAN_POINT('',(0.40397834,0.723632163,0.349725));
#3219=CARTESIAN_POINT('',(0.406930423,0.730546952,0.339725));
#3220=CARTESIAN_POINT('',(0.406930423,0.730546952,0.349725));
#3221=CARTESIAN_POINT('',(0.410679301,0.736730595,0.339725));
#3222=CARTESIAN_POINT('',(0.410679301,0.736730595,0.349725));
#3223=CARTESIAN_POINT('',(0.414762393,0.742445028,0.339725));
#3224=CARTESIAN_POINT('',(0.414762393,0.742445028,0.349725));
#3225=CARTESIAN_POINT('',(0.419420121,0.747456297,0.339725));
#3226=CARTESIAN_POINT('',(0.419420121,0.747456297,0.349725));
#3227=CARTESIAN_POINT('',(0.424347935,0.75186328,0.339725));
#3228=CARTESIAN_POINT('',(0.424347935,0.75186328,0.349725));
#3229=CARTESIAN_POINT('',(0.429645102,0.755572477,0.339725));
#3230=CARTESIAN_POINT('',(0.429645102,0.755572477,0.349725));
#3231=CARTESIAN_POINT('',(0.435207936,0.758653997,0.339725));
#3232=CARTESIAN_POINT('',(0.435207936,0.758653997,0.349725));
#3233=CARTESIAN_POINT('',(0.441116573,0.76105967,0.339725));
#3234=CARTESIAN_POINT('',(0.441116573,0.76105967,0.349725));
#3235=CARTESIAN_POINT('',(0.447327793,0.762610804,0.339725));
#3236=CARTESIAN_POINT('',(0.447327793,0.762610804,0.349725));
#3237=CARTESIAN_POINT('',(0.45381008,0.763770268,0.339725));
#3238=CARTESIAN_POINT('',(0.45381008,0.763770268,0.349725));
#3239=CARTESIAN_POINT('',(0.458257418,0.763863568,0.339725));
#3240=CARTESIAN_POINT('',(0.458257418,0.763863568,0.349725));
#3241=CARTESIAN_POINT('',(0.460535714,0.763911364,0.339725));
#3242=CARTESIAN_POINT('',(0.460535714,0.763911364,0.349725));
#3243=B_SPLINE_SURFACE_WITH_KNOTS('',3,1,((#3205,#3206),(#3207,#3208),(#3209,#3210),(#3211,#3212),(#3213,#3214),(#3215,#3216),(#3217,#3218),(#3219,#3220),(#3221,#3222),(#3223,#3224),(#3225,#3226),(#3227,#3228),(#3229,#3230),(#3231,#3232),(#3233,#3234),(#3235,#3236),(#3237,#3238),(#3239,#3240),(#3241,#3242)),.UNSPECIFIED.,.F.,.F.,.U.,(4,1,1,1,1,1,1,1,1,1,1,1,1,1,1,1,4),(2,2),(0.,0.082859542,0.161229942,0.235334697,0.304981229,0.371995344,0.435354672,0.496322503,0.556106534,0.614241923,0.670477547,0.724482899,0.778857552,0.832437728,0.886685168,0.941950734,1.),(0.,1.),.UNSPECIFIED.);
#3244=ORIENTED_EDGE('',*,*,#3199,.T.);
#3245=CARTESIAN_POINT('',(0.397142857,0.680794481,0.339725));
#3246=VERTEX_POINT('',#3245);
#3247=CARTESIAN_POINT('',(0.460531331,0.763911272,0.339725));
#3248=CARTESIAN_POINT('',(0.450738302,0.763705826,0.339725));
#3249=CARTESIAN_POINT('',(0.440844292,0.761759904,0.339725));
#3250=CARTESIAN_POINT('',(0.432276449,0.756995776,0.339725));
#3251=CARTESIAN_POINT('',(0.423708607,0.752231647,0.339725));
#3252=CARTESIAN_POINT('',(0.416458043,0.745244217,0.339725));
#3253=CARTESIAN_POINT('',(0.411018422,0.737080637,0.339725));
#3254=CARTESIAN_POINT('',(0.405578801,0.728917058,0.339725));
#3255=CARTESIAN_POINT('',(0.402104491,0.719574957,0.339725));
#3256=CARTESIAN_POINT('',(0.400012032,0.709999021,0.339725));
#3257=CARTESIAN_POINT('',(0.397919572,0.700423084,0.339725));
#3258=CARTESIAN_POINT('',(0.397226769,0.690598693,0.339725));
#3259=CARTESIAN_POINT('',(0.397142857,0.680794481,0.339725));
#3260=B_SPLINE_CURVE_WITH_KNOTS('',3,(#3247,#3248,#3249,#3250,#3251,#3252,#3253,#3254,#3255,#3256,#3257,#3258,#3259),.UNSPECIFIED.,.F.,.F.,(4,3,3,3,4),(0.,0.249990692,0.499981384,0.749972076,0.999962768),.UNSPECIFIED.);
#3261=EDGE_CURVE('NONE',#3175,#3246,#3260,.T.);
#3262=ORIENTED_EDGE('',*,*,#3261,.T.);
#3263=CARTESIAN_POINT('',(0.397142857,0.680794481,0.349725));
#3264=DIRECTION('',(-0.,-0.,-1.));
#3265=VECTOR('',#3264,0.01);
#3266=LINE('',#3263,#3265);
#3267=EDGE_CURVE('NONE',#1069,#3246,#3266,.T.);
#3268=ORIENTED_EDGE('',*,*,#3267,.F.);
#3269=ORIENTED_EDGE('',*,*,#1084,.F.);
#3270=EDGE_LOOP('',(#3244,#3262,#3268,#3269));
#3271=FACE_BOUND('',#3270,.T.);
#3272=ADVANCED_FACE('NONE',(#3271),#3243,.F.);
#3273=CARTESIAN_POINT('',(0.397142857,0.680794481,0.349725));
#3274=DIRECTION('',(0.124034735,0.992277877,-0.));
#3275=DIRECTION('',(-0.992277877,0.124034735,-0.));
#3276=AXIS2_PLACEMENT_3D('',#3273,#3274,#3275);
#3277=PLANE('',#3276);
#3278=ORIENTED_EDGE('',*,*,#3267,.T.);
#3279=CARTESIAN_POINT('',(0.355584416,0.685989286,0.339725));
#3280=VERTEX_POINT('',#3279);
#3281=CARTESIAN_POINT('',(0.397142857,0.680794481,0.339725));
#3282=DIRECTION('',(-0.992277877,0.124034735,-0.));
#3283=VECTOR('',#3282,0.041881858);
#3284=LINE('',#3281,#3283);
#3285=EDGE_CURVE('NONE',#3246,#3280,#3284,.T.);
#3286=ORIENTED_EDGE('',*,*,#3285,.T.);
#3287=CARTESIAN_POINT('',(0.355584416,0.685989286,0.349725));
#3288=DIRECTION('',(-0.,-0.,-1.));
#3289=VECTOR('',#3288,0.01);
#3290=LINE('',#3287,#3289);
#3291=EDGE_CURVE('NONE',#1087,#3280,#3290,.T.);
#3292=ORIENTED_EDGE('',*,*,#3291,.F.);
#3293=ORIENTED_EDGE('',*,*,#1092,.F.);
#3294=EDGE_LOOP('',(#3278,#3286,#3292,#3293));
#3295=FACE_BOUND('',#3294,.T.);
#3296=ADVANCED_FACE('NONE',(#3295),#3277,.T.);
#3297=CARTESIAN_POINT('',(0.462077922,0.805469805,0.339725));
#3298=CARTESIAN_POINT('',(0.462077922,0.805469805,0.349725));
#3299=CARTESIAN_POINT('',(0.458340072,0.805373229,0.339725));
#3300=CARTESIAN_POINT('',(0.458340072,0.805373229,0.349725));
#3301=CARTESIAN_POINT('',(0.451027598,0.805184294,0.339725));
#3302=CARTESIAN_POINT('',(0.451027598,0.805184294,0.349725));
#3303=CARTESIAN_POINT('',(0.440311899,0.803792044,0.339725));
#3304=CARTESIAN_POINT('',(0.440311899,0.803792044,0.349725));
#3305=CARTESIAN_POINT('',(0.430175857,0.801442048,0.339725));
#3306=CARTESIAN_POINT('',(0.430175857,0.801442048,0.349725));
#3307=CARTESIAN_POINT('',(0.420537032,0.798204146,0.339725));
#3308=CARTESIAN_POINT('',(0.420537032,0.798204146,0.349725));
#3309=CARTESIAN_POINT('',(0.411568343,0.793868186,0.339725));
#3310=CARTESIAN_POINT('',(0.411568343,0.793868186,0.349725));
#3311=CARTESIAN_POINT('',(0.403084405,0.788711478,0.339725));
#3312=CARTESIAN_POINT('',(0.403084405,0.788711478,0.349725));
#3313=CARTESIAN_POINT('',(0.395182104,0.782594249,0.339725));
#3314=CARTESIAN_POINT('',(0.395182104,0.782594249,0.349725));
#3315=CARTESIAN_POINT('',(0.38787217,0.775507378,0.339725));
#3316=CARTESIAN_POINT('',(0.38787217,0.775507378,0.349725));
#3317=CARTESIAN_POINT('',(0.381195805,0.767519506,0.339725));
#3318=CARTESIAN_POINT('',(0.381195805,0.767519506,0.349725));
#3319=CARTESIAN_POINT('',(0.375208919,0.758623511,0.339725));
#3320=CARTESIAN_POINT('',(0.375208919,0.758623511,0.349725));
#3321=CARTESIAN_POINT('',(0.370157715,0.748709413,0.339725));
#3322=CARTESIAN_POINT('',(0.370157715,0.748709413,0.349725));
#3323=CARTESIAN_POINT('',(0.365639772,0.737992728,0.339725));
#3324=CARTESIAN_POINT('',(0.365639772,0.737992728,0.349725));
#3325=CARTESIAN_POINT('',(0.362048732,0.726278424,0.339725));
#3326=CARTESIAN_POINT('',(0.362048732,0.726278424,0.349725));
#3327=CARTESIAN_POINT('',(0.359023583,0.713711881,0.339725));
#3328=CARTESIAN_POINT('',(0.359023583,0.713711881,0.349725));
#3329=CARTESIAN_POINT('',(0.356843578,0.700167733,0.339725));
#3330=CARTESIAN_POINT('',(0.356843578,0.700167733,0.349725));
#3331=CARTESIAN_POINT('',(0.356012696,0.690811812,0.339725));
#3332=CARTESIAN_POINT('',(0.356012696,0.690811812,0.349725));
#3333=CARTESIAN_POINT('',(0.355584416,0.685989286,0.339725));
#3334=CARTESIAN_POINT('',(0.355584416,0.685989286,0.349725));
#3335=B_SPLINE_SURFACE_WITH_KNOTS('',3,1,((#3297,#3298),(#3299,#3300),(#3301,#3302),(#3303,#3304),(#3305,#3306),(#3307,#3308),(#3309,#3310),(#3311,#3312),(#3313,#3314),(#3315,#3316),(#3317,#3318),(#3319,#3320),(#3321,#3322),(#3323,#3324),(#3325,#3326),(#3327,#3328),(#3329,#3330),(#3331,#3332),(#3333,#3334)),.UNSPECIFIED.,.F.,.F.,.U.,(4,1,1,1,1,1,1,1,1,1,1,1,1,1,1,1,4),(2,2),(0.,0.062545622,0.122359979,0.180463411,0.236451709,0.292148118,0.346819078,0.402338508,0.459018316,0.516877756,0.576279359,0.63804983,0.702800425,0.770681376,0.842837515,0.918990305,1.),(0.,1.),.UNSPECIFIED.);
#3336=ORIENTED_EDGE('',*,*,#3291,.T.);
#3337=CARTESIAN_POINT('',(0.462082124,0.805469664,0.339725));
#3338=VERTEX_POINT('',#3337);
#3339=CARTESIAN_POINT('',(0.355584416,0.685989286,0.339725));
#3340=CARTESIAN_POINT('',(0.356906109,0.700871846,0.339725));
#3341=CARTESIAN_POINT('',(0.359012398,0.715729662,0.339725));
#3342=CARTESIAN_POINT('',(0.36325646,0.730059761,0.339725));
#3343=CARTESIAN_POINT('',(0.367500522,0.744389859,0.339725));
#3344=CARTESIAN_POINT('',(0.373912615,0.758206096,0.339725));
#3345=CARTESIAN_POINT('',(0.383251932,0.76987426,0.339725));
#3346=CARTESIAN_POINT('',(0.392591249,0.781542423,0.339725));
#3347=CARTESIAN_POINT('',(0.404704045,0.790996707,0.339725));
#3348=CARTESIAN_POINT('',(0.418365529,0.797050935,0.339725));
#3349=CARTESIAN_POINT('',(0.432027013,0.803105163,0.339725));
#3350=CARTESIAN_POINT('',(0.447137429,0.805083783,0.339725));
#3351=CARTESIAN_POINT('',(0.462077922,0.805469805,0.339725));
#3352=B_SPLINE_CURVE_WITH_KNOTS('',3,(#3339,#3340,#3341,#3342,#3343,#3344,#3345,#3346,#3347,#3348,#3349,#3350,#3351),.UNSPECIFIED.,.F.,.F.,(4,3,3,3,4),(0.,0.25,0.5,0.75,1.),.UNSPECIFIED.);
#3353=EDGE_CURVE('NONE',#3280,#3338,#3352,.T.);
#3354=ORIENTED_EDGE('',*,*,#3353,.T.);
#3355=CARTESIAN_POINT('',(0.462077922,0.805469805,0.349725));
#3356=DIRECTION('',(0.,-0.,-1.));
#3357=VECTOR('',#3356,0.01);
#3358=LINE('',#3355,#3357);
#3359=EDGE_CURVE('NONE',#1095,#3338,#3358,.T.);
#3360=ORIENTED_EDGE('',*,*,#3359,.F.);
#3361=ORIENTED_EDGE('',*,*,#1110,.F.);
#3362=EDGE_LOOP('',(#3336,#3354,#3360,#3361));
#3363=FACE_BOUND('',#3362,.T.);
#3364=ADVANCED_FACE('NONE',(#3363),#3335,.F.);
#3365=CARTESIAN_POINT('',(0.563376623,0.693375649,0.339725));
#3366=CARTESIAN_POINT('',(0.563376623,0.693375649,0.349725));
#3367=CARTESIAN_POINT('',(0.563303053,0.696951213,0.339725));
#3368=CARTESIAN_POINT('',(0.563303053,0.696951213,0.349725));
#3369=CARTESIAN_POINT('',(0.563157151,0.704042101,0.339725));
#3370=CARTESIAN_POINT('',(0.563157151,0.704042101,0.349725));
#3371=CARTESIAN_POINT('',(0.561855202,0.714532218,0.339725));
#3372=CARTESIAN_POINT('',(0.561855202,0.714532218,0.349725));
#3373=CARTESIAN_POINT('',(0.560005823,0.724771502,0.339725));
#3374=CARTESIAN_POINT('',(0.560005823,0.724771502,0.349725));
#3375=CARTESIAN_POINT('',(0.557061992,0.734641811,0.339725));
#3376=CARTESIAN_POINT('',(0.557061992,0.734641811,0.349725));
#3377=CARTESIAN_POINT('',(0.553536895,0.744292766,0.339725));
#3378=CARTESIAN_POINT('',(0.553536895,0.744292766,0.349725));
#3379=CARTESIAN_POINT('',(0.549026377,0.753594842,0.339725));
#3380=CARTESIAN_POINT('',(0.549026377,0.753594842,0.349725));
#3381=CARTESIAN_POINT('',(0.543826452,0.762651548,0.339725));
#3382=CARTESIAN_POINT('',(0.543826452,0.762651548,0.349725));
#3383=CARTESIAN_POINT('',(0.537867098,0.771312814,0.339725));
#3384=CARTESIAN_POINT('',(0.537867098,0.771312814,0.349725));
#3385=CARTESIAN_POINT('',(0.53112383,0.779335327,0.339725));
#3386=CARTESIAN_POINT('',(0.53112383,0.779335327,0.349725));
#3387=CARTESIAN_POINT('',(0.523546347,0.786385861,0.339725));
#3388=CARTESIAN_POINT('',(0.523546347,0.786385861,0.349725));
#3389=CARTESIAN_POINT('',(0.515134682,0.792277325,0.339725));
#3390=CARTESIAN_POINT('',(0.515134682,0.792277325,0.349725));
#3391=CARTESIAN_POINT('',(0.506029214,0.797188813,0.339725));
#3392=CARTESIAN_POINT('',(0.506029214,0.797188813,0.349725));
#3393=CARTESIAN_POINT('',(0.496081836,0.800919607,0.339725));
#3394=CARTESIAN_POINT('',(0.496081836,0.800919607,0.349725));
#3395=CARTESIAN_POINT('',(0.485412012,0.803600708,0.339725));
#3396=CARTESIAN_POINT('',(0.485412012,0.803600708,0.349725));
#3397=CARTESIAN_POINT('',(0.473972084,0.805120665,0.339725));
#3398=CARTESIAN_POINT('',(0.473972084,0.805120665,0.349725));
#3399=CARTESIAN_POINT('',(0.466113718,0.805351339,0.339725));
#3400=CARTESIAN_POINT('',(0.466113718,0.805351339,0.349725));
#3401=CARTESIAN_POINT('',(0.462077922,0.805469805,0.339725));
#3402=CARTESIAN_POINT('',(0.462077922,0.805469805,0.349725));
#3403=B_SPLINE_SURFACE_WITH_KNOTS('',3,1,((#3365,#3366),(#3367,#3368),(#3369,#3370),(#3371,#3372),(#3373,#3374),(#3375,#3376),(#3377,#3378),(#3379,#3380),(#3381,#3382),(#3383,#3384),(#3385,#3386),(#3387,#3388),(#3389,#3390),(#3391,#3392),(#3393,#3394),(#3395,#3396),(#3397,#3398),(#3399,#3400),(#3401,#3402)),.UNSPECIFIED.,.F.,.F.,.U.,(4,1,1,1,1,1,1,1,1,1,1,1,1,1,1,1,4),(2,2),(0.,0.063166017,0.125267829,0.186602717,0.246835363,0.30705662,0.368013806,0.429283416,0.491493755,0.553578995,0.614150461,0.673853085,0.734611131,0.796511945,0.861111519,0.928671477,1.),(0.,1.),.UNSPECIFIED.);
#3404=ORIENTED_EDGE('',*,*,#3359,.T.);
#3405=CARTESIAN_POINT('',(0.563376623,0.693375649,0.339725));
#3406=VERTEX_POINT('',#3405);
#3407=CARTESIAN_POINT('',(0.462082125,0.805469682,0.339725));
#3408=CARTESIAN_POINT('',(0.46914731,0.805262291,0.339725));
#3409=CARTESIAN_POINT('',(0.476236089,0.804952965,0.339725));
#3410=CARTESIAN_POINT('',(0.48321452,0.803778266,0.339725));
#3411=CARTESIAN_POINT('',(0.490192951,0.802603568,0.339725));
#3412=CARTESIAN_POINT('',(0.497060801,0.800707062,0.339725));
#3413=CARTESIAN_POINT('',(0.503594352,0.797990098,0.339725));
#3414=CARTESIAN_POINT('',(0.516661455,0.792556169,0.339725));
#3415=CARTESIAN_POINT('',(0.528118865,0.78350265,0.339725));
#3416=CARTESIAN_POINT('',(0.53684436,0.77235992,0.339725));
#3417=CARTESIAN_POINT('',(0.545569856,0.761217191,0.339725));
#3418=CARTESIAN_POINT('',(0.552297933,0.748541472,0.339725));
#3419=CARTESIAN_POINT('',(0.556794356,0.73511941,0.339725));
#3420=CARTESIAN_POINT('',(0.56129078,0.721697348,0.339725));
#3421=CARTESIAN_POINT('',(0.563085444,0.707527103,0.339725));
#3422=CARTESIAN_POINT('',(0.563376623,0.693375649,0.339725));
#3423=B_SPLINE_CURVE_WITH_KNOTS('',3,(#3407,#3408,#3409,#3410,#3411,#3412,#3413,#3414,#3415,#3416,#3417,#3418,#3419,#3420,#3421,#3422),.UNSPECIFIED.,.F.,.F.,(4,3,3,3,3,4),(0.,0.124996905,0.24999381,0.499987621,0.749981431,0.999975242),.UNSPECIFIED.);
#3424=EDGE_CURVE('NONE',#3338,#3406,#3423,.T.);
#3425=ORIENTED_EDGE('',*,*,#3424,.T.);
#3426=CARTESIAN_POINT('',(0.563376623,0.693375649,0.349725));
#3427=DIRECTION('',(0.,-0.,-1.));
#3428=VECTOR('',#3427,0.01);
#3429=LINE('',#3426,#3428);
#3430=EDGE_CURVE('NONE',#1113,#3406,#3429,.T.);
#3431=ORIENTED_EDGE('',*,*,#3430,.F.);
#3432=ORIENTED_EDGE('',*,*,#1131,.F.);
#3433=EDGE_LOOP('',(#3404,#3425,#3431,#3432));
#3434=FACE_BOUND('',#3433,.T.);
#3435=ADVANCED_FACE('NONE',(#3434),#3403,.F.);
#3436=CARTESIAN_POINT('',(0.469301948,0.524706818,0.339725));
#3437=CARTESIAN_POINT('',(0.469301948,0.524706818,0.349725));
#3438=CARTESIAN_POINT('',(0.473700566,0.52948175,0.339725));
#3439=CARTESIAN_POINT('',(0.473700566,0.52948175,0.349725));
#3440=CARTESIAN_POINT('',(0.4822157,0.538725378,0.339725));
#3441=CARTESIAN_POINT('',(0.4822157,0.538725378,0.349725));
#3442=CARTESIAN_POINT('',(0.494301978,0.552348356,0.339725));
#3443=CARTESIAN_POINT('',(0.494301978,0.552348356,0.349725));
#3444=CARTESIAN_POINT('',(0.505320842,0.565237975,0.339725));
#3445=CARTESIAN_POINT('',(0.505320842,0.565237975,0.349725));
#3446=CARTESIAN_POINT('',(0.515057309,0.577507899,0.339725));
#3447=CARTESIAN_POINT('',(0.515057309,0.577507899,0.349725));
#3448=CARTESIAN_POINT('',(0.52394152,0.588848961,0.339725));
#3449=CARTESIAN_POINT('',(0.52394152,0.588848961,0.349725));
#3450=CARTESIAN_POINT('',(0.531542989,0.599587299,0.339725));
#3451=CARTESIAN_POINT('',(0.531542989,0.599587299,0.349725));
#3452=CARTESIAN_POINT('',(0.538170478,0.609531579,0.339725));
#3453=CARTESIAN_POINT('',(0.538170478,0.609531579,0.349725));
#3454=CARTESIAN_POINT('',(0.543701079,0.618947615,0.339725));
#3455=CARTESIAN_POINT('',(0.543701079,0.618947615,0.349725));
#3456=CARTESIAN_POINT('',(0.548424575,0.628007261,0.339725));
#3457=CARTESIAN_POINT('',(0.548424575,0.628007261,0.349725));
#3458=CARTESIAN_POINT('',(0.552425758,0.637031116,0.339725));
#3459=CARTESIAN_POINT('',(0.552425758,0.637031116,0.349725));
#3460=CARTESIAN_POINT('',(0.555724554,0.646195322,0.339725));
#3461=CARTESIAN_POINT('',(0.555724554,0.646195322,0.349725));
#3462=CARTESIAN_POINT('',(0.558638547,0.655396497,0.339725));
#3463=CARTESIAN_POINT('',(0.558638547,0.655396497,0.349725));
#3464=CARTESIAN_POINT('',(0.560692091,0.664780776,0.339725));
#3465=CARTESIAN_POINT('',(0.560692091,0.664780776,0.349725));
#3466=CARTESIAN_POINT('',(0.562273619,0.674202859,0.339725));
#3467=CARTESIAN_POINT('',(0.562273619,0.674202859,0.349725));
#3468=CARTESIAN_POINT('',(0.563169574,0.683753339,0.339725));
#3469=CARTESIAN_POINT('',(0.563169574,0.683753339,0.349725));
#3470=CARTESIAN_POINT('',(0.563307306,0.690154223,0.339725));
#3471=CARTESIAN_POINT('',(0.563307306,0.690154223,0.349725));
#3472=CARTESIAN_POINT('',(0.563376623,0.693375649,0.339725));
#3473=CARTESIAN_POINT('',(0.563376623,0.693375649,0.349725));
#3474=B_SPLINE_SURFACE_WITH_KNOTS('',3,1,((#3436,#3437),(#3438,#3439),(#3440,#3441),(#3442,#3443),(#3444,#3445),(#3446,#3447),(#3448,#3449),(#3450,#3451),(#3452,#3453),(#3454,#3455),(#3456,#3457),(#3458,#3459),(#3460,#3461),(#3462,#3463),(#3464,#3465),(#3466,#3467),(#3468,#3469),(#3470,#3471),(#3472,#3473)),.UNSPECIFIED.,.F.,.F.,.U.,(4,1,1,1,1,1,1,1,1,1,1,1,1,1,1,1,4),(2,2),(0.,0.098308265,0.190311597,0.27577008,0.355049438,0.427493513,0.49388738,0.554228085,0.608404894,0.659164781,0.708877098,0.757743092,0.806602216,0.854908499,0.90306861,0.951216521,1.),(0.,1.),.UNSPECIFIED.);
#3475=ORIENTED_EDGE('',*,*,#3430,.T.);
#3476=CARTESIAN_POINT('',(0.469300936,0.524705741,0.339725));
#3477=VERTEX_POINT('',#3476);
#3478=CARTESIAN_POINT('',(0.563376623,0.693375649,0.339725));
#3479=CARTESIAN_POINT('',(0.563021394,0.67686685,0.339725));
#3480=CARTESIAN_POINT('',(0.560562396,0.660373619,0.339725));
#3481=CARTESIAN_POINT('',(0.555169309,0.644764466,0.339725));
#3482=CARTESIAN_POINT('',(0.549776222,0.629155312,0.339725));
#3483=CARTESIAN_POINT('',(0.541705806,0.61459332,0.339725));
#3484=CARTESIAN_POINT('',(0.532404514,0.600950074,0.339725));
#3485=CARTESIAN_POINT('',(0.513801931,0.573663582,0.339725));
#3486=CARTESIAN_POINT('',(0.491673507,0.548992326,0.339725));
#3487=CARTESIAN_POINT('',(0.469301948,0.524706818,0.339725));
#3488=B_SPLINE_CURVE_WITH_KNOTS('',3,(#3478,#3479,#3480,#3481,#3482,#3483,#3484,#3485,#3486,#3487),.UNSPECIFIED.,.F.,.F.,(4,3,3,4),(0.,0.25,0.5,1.),.UNSPECIFIED.);
#3489=EDGE_CURVE('NONE',#3406,#3477,#3488,.T.);
#3490=ORIENTED_EDGE('',*,*,#3489,.T.);
#3491=CARTESIAN_POINT('',(0.469301948,0.524706818,0.349725));
#3492=DIRECTION('',(0.,-0.,-1.));
#3493=VECTOR('',#3492,0.01);
#3494=LINE('',#3491,#3493);
#3495=EDGE_CURVE('NONE',#1134,#3477,#3494,.T.);
#3496=ORIENTED_EDGE('',*,*,#3495,.F.);
#3497=ORIENTED_EDGE('',*,*,#1146,.F.);
#3498=EDGE_LOOP('',(#3475,#3490,#3496,#3497));
#3499=FACE_BOUND('',#3498,.T.);
#3500=ADVANCED_FACE('NONE',(#3499),#3474,.F.);
#3501=CARTESIAN_POINT('',(0.407532468,0.447028247,0.339725));
#3502=CARTESIAN_POINT('',(0.407532468,0.447028247,0.349725));
#3503=CARTESIAN_POINT('',(0.40986989,0.451576355,0.339725));
#3504=CARTESIAN_POINT('',(0.40986989,0.451576355,0.349725));
#3505=CARTESIAN_POINT('',(0.414700052,0.460974785,0.339725));
#3506=CARTESIAN_POINT('',(0.414700052,0.460974785,0.349725));
#3507=CARTESIAN_POINT('',(0.421691391,0.470944066,0.339725));
#3508=CARTESIAN_POINT('',(0.421691391,0.470944066,0.349725));
#3509=CARTESIAN_POINT('',(0.427234534,0.478019541,0.339725));
#3510=CARTESIAN_POINT('',(0.427234534,0.478019541,0.349725));
#3511=CARTESIAN_POINT('',(0.430933202,0.4825203,0.339725));
#3512=CARTESIAN_POINT('',(0.430933202,0.4825203,0.349725));
#3513=CARTESIAN_POINT('',(0.43545991,0.487739637,0.339725));
#3514=CARTESIAN_POINT('',(0.43545991,0.487739637,0.349725));
#3515=CARTESIAN_POINT('',(0.440681099,0.493741884,0.339725));
#3516=CARTESIAN_POINT('',(0.440681099,0.493741884,0.349725));
#3517=CARTESIAN_POINT('',(0.44683452,0.500368485,0.339725));
#3518=CARTESIAN_POINT('',(0.44683452,0.500368485,0.349725));
#3519=CARTESIAN_POINT('',(0.453615961,0.50784229,0.339725));
#3520=CARTESIAN_POINT('',(0.453615961,0.50784229,0.349725));
#3521=CARTESIAN_POINT('',(0.461173067,0.516058085,0.339725));
#3522=CARTESIAN_POINT('',(0.461173067,0.516058085,0.349725));
#3523=CARTESIAN_POINT('',(0.466509555,0.521735848,0.339725));
#3524=CARTESIAN_POINT('',(0.466509555,0.521735848,0.349725));
#3525=CARTESIAN_POINT('',(0.469301948,0.524706818,0.339725));
#3526=CARTESIAN_POINT('',(0.469301948,0.524706818,0.349725));
#3527=B_SPLINE_SURFACE_WITH_KNOTS('',3,1,((#3501,#3502),(#3503,#3504),(#3505,#3506),(#3507,#3508),(#3509,#3510),(#3511,#3512),(#3513,#3514),(#3515,#3516),(#3517,#3518),(#3519,#3520),(#3521,#3522),(#3523,#3524),(#3525,#3526)),.UNSPECIFIED.,.F.,.F.,.U.,(4,1,1,1,1,1,1,1,1,1,4),(2,2),(0.,0.153811083,0.317842659,0.365422812,0.424454293,0.493191489,0.573420155,0.663938627,0.765415524,0.877250332,1.),(0.,1.),.UNSPECIFIED.);
#3528=ORIENTED_EDGE('',*,*,#3495,.T.);
#3529=CARTESIAN_POINT('',(0.407532468,0.447028247,0.339725));
#3530=VERTEX_POINT('',#3529);
#3531=CARTESIAN_POINT('',(0.469300936,0.524705741,0.339725));
#3532=CARTESIAN_POINT('',(0.457930717,0.512608382,0.339725));
#3533=CARTESIAN_POINT('',(0.446549557,0.50049971,0.339725));
#3534=CARTESIAN_POINT('',(0.435655982,0.487962541,0.339725));
#3535=CARTESIAN_POINT('',(0.430209195,0.481693956,0.339725));
#3536=CARTESIAN_POINT('',(0.424869686,0.475320613,0.339725));
#3537=CARTESIAN_POINT('',(0.420083588,0.468525598,0.339725));
#3538=CARTESIAN_POINT('',(0.415297491,0.461730584,0.339725));
#3539=CARTESIAN_POINT('',(0.411331645,0.454420607,0.339725));
#3540=CARTESIAN_POINT('',(0.407532468,0.447028247,0.339725));
#3541=B_SPLINE_CURVE_WITH_KNOTS('',3,(#3531,#3532,#3533,#3534,#3535,#3536,#3537,#3538,#3539,#3540),.UNSPECIFIED.,.F.,.F.,(4,3,3,4),(0.,0.499992585,0.749988878,0.99998517),.UNSPECIFIED.);
#3542=EDGE_CURVE('NONE',#3477,#3530,#3541,.T.);
#3543=ORIENTED_EDGE('',*,*,#3542,.T.);
#3544=CARTESIAN_POINT('',(0.407532468,0.447028247,0.349725));
#3545=DIRECTION('',(-0.,-0.,-1.));
#3546=VECTOR('',#3545,0.01);
#3547=LINE('',#3544,#3546);
#3548=EDGE_CURVE('NONE',#1149,#3530,#3547,.T.);
#3549=ORIENTED_EDGE('',*,*,#3548,.F.);
#3550=ORIENTED_EDGE('',*,*,#1161,.F.);
#3551=EDGE_LOOP('',(#3528,#3543,#3549,#3550));
#3552=FACE_BOUND('',#3551,.T.);
#3553=ADVANCED_FACE('NONE',(#3552),#3527,.F.);
#3554=CARTESIAN_POINT('',(0.407532468,0.447028247,0.349725));
#3555=DIRECTION('',(0.,-1.,0.));
#3556=DIRECTION('',(1.,0.,0.));
#3557=AXIS2_PLACEMENT_3D('',#3554,#3555,#3556);
#3558=PLANE('',#3557);
#3559=ORIENTED_EDGE('',*,*,#3548,.T.);
#3560=CARTESIAN_POINT('',(0.563376623,0.447028247,0.339725));
#3561=VERTEX_POINT('',#3560);
#3562=CARTESIAN_POINT('',(0.407532468,0.447028247,0.339725));
#3563=DIRECTION('',(1.,0.,-0.));
#3564=VECTOR('',#3563,0.155844156);
#3565=LINE('',#3562,#3564);
#3566=EDGE_CURVE('NONE',#3530,#3561,#3565,.T.);
#3567=ORIENTED_EDGE('',*,*,#3566,.T.);
#3568=CARTESIAN_POINT('',(0.563376623,0.447028247,0.349725));
#3569=DIRECTION('',(-0.,-0.,-1.));
#3570=VECTOR('',#3569,0.01);
#3571=LINE('',#3568,#3570);
#3572=EDGE_CURVE('NONE',#1164,#3561,#3571,.T.);
#3573=ORIENTED_EDGE('',*,*,#3572,.F.);
#3574=ORIENTED_EDGE('',*,*,#1169,.F.);
#3575=EDGE_LOOP('',(#3559,#3567,#3573,#3574));
#3576=FACE_BOUND('',#3575,.T.);
#3577=ADVANCED_FACE('NONE',(#3576),#3558,.T.);
#3578=CARTESIAN_POINT('',(0.563376623,0.447028247,0.349725));
#3579=DIRECTION('',(-1.,0.,0.));
#3580=DIRECTION('',(0.,-1.,0.));
#3581=AXIS2_PLACEMENT_3D('',#3578,#3579,#3580);
#3582=PLANE('',#3581);
#3583=ORIENTED_EDGE('',*,*,#1175,.F.);
#3584=ORIENTED_EDGE('',*,*,#3572,.T.);
#3585=CARTESIAN_POINT('',(0.563376623,0.447028247,0.339725));
#3586=DIRECTION('',(0.,-1.,0.));
#3587=VECTOR('',#3586,0.046753247);
#3588=LINE('',#3585,#3587);
#3589=EDGE_CURVE('NONE',#3561,#2987,#3588,.T.);
#3590=ORIENTED_EDGE('',*,*,#3589,.T.);
#3591=ORIENTED_EDGE('',*,*,#2992,.F.);
#3592=EDGE_LOOP('',(#3583,#3584,#3590,#3591));
#3593=FACE_BOUND('',#3592,.T.);
#3594=ADVANCED_FACE('NONE',(#3593),#3582,.T.);
#3595=CARTESIAN_POINT('',(-0.95,-0.399725,0.339725));
#3596=DIRECTION('',(0.,0.,1.));
#3597=DIRECTION('',(0.,-1.,0.));
#3598=AXIS2_PLACEMENT_3D('',#3595,#3596,#3597);
#3599=PLANE('',#3598);
#3600=ORIENTED_EDGE('',*,*,#3566,.F.);
#3601=ORIENTED_EDGE('',*,*,#3542,.F.);
#3602=ORIENTED_EDGE('',*,*,#3489,.F.);
#3603=ORIENTED_EDGE('',*,*,#3424,.F.);
#3604=ORIENTED_EDGE('',*,*,#3353,.F.);
#3605=ORIENTED_EDGE('',*,*,#3285,.F.);
#3606=ORIENTED_EDGE('',*,*,#3261,.F.);
#3607=ORIENTED_EDGE('',*,*,#3193,.F.);
#3608=ORIENTED_EDGE('',*,*,#3122,.F.);
#3609=ORIENTED_EDGE('',*,*,#3062,.F.);
#3610=ORIENTED_EDGE('',*,*,#3000,.F.);
#3611=ORIENTED_EDGE('',*,*,#3589,.F.);
#3612=EDGE_LOOP('',(#3600,#3601,#3602,#3603,#3604,#3605,#3606,#3607,#3608,#3609,#3610,#3611));
#3613=FACE_BOUND('',#3612,.T.);
#3614=ADVANCED_FACE('NONE',(#3613),#3599,.T.);
#3615=OVER_RIDING_STYLED_ITEM('',(#95),#3614,#54);
#3616=CARTESIAN_POINT('',(0.137305195,0.436638636,0.339725));
#3617=CARTESIAN_POINT('',(0.137305195,0.436638636,0.349725));
#3618=CARTESIAN_POINT('',(0.135461578,0.436705164,0.339725));
#3619=CARTESIAN_POINT('',(0.135461578,0.436705164,0.349725));
#3620=CARTESIAN_POINT('',(0.131807015,0.436837041,0.339725));
#3621=CARTESIAN_POINT('',(0.131807015,0.436837041,0.349725));
#3622=CARTESIAN_POINT('',(0.126419755,0.437767405,0.339725));
#3623=CARTESIAN_POINT('',(0.126419755,0.437767405,0.349725));
#3624=CARTESIAN_POINT('',(0.121177187,0.439212484,0.339725));
#3625=CARTESIAN_POINT('',(0.121177187,0.439212484,0.349725));
#3626=CARTESIAN_POINT('',(0.116108047,0.441347488,0.339725));
#3627=CARTESIAN_POINT('',(0.116108047,0.441347488,0.349725));
#3628=CARTESIAN_POINT('',(0.111269635,0.444125735,0.339725));
#3629=CARTESIAN_POINT('',(0.111269635,0.444125735,0.349725));
#3630=CARTESIAN_POINT('',(0.106561016,0.447429331,0.339725));
#3631=CARTESIAN_POINT('',(0.106561016,0.447429331,0.349725));
#3632=CARTESIAN_POINT('',(0.102011874,0.451308678,0.339725));
#3633=CARTESIAN_POINT('',(0.102011874,0.451308678,0.349725));
#3634=CARTESIAN_POINT('',(0.09774129,0.455893723,0.339725));
#3635=CARTESIAN_POINT('',(0.09774129,0.455893723,0.349725));
#3636=CARTESIAN_POINT('',(0.093628959,0.460989446,0.339725));
#3637=CARTESIAN_POINT('',(0.093628959,0.460989446,0.349725));
#3638=CARTESIAN_POINT('',(0.09000994,0.466828601,0.339725));
#3639=CARTESIAN_POINT('',(0.09000994,0.466828601,0.349725));
#3640=CARTESIAN_POINT('',(0.0866288,0.473220942,0.339725));
#3641=CARTESIAN_POINT('',(0.0866288,0.473220942,0.349725));
#3642=CARTESIAN_POINT('',(0.083893714,0.480355499,0.339725));
#3643=CARTESIAN_POINT('',(0.083893714,0.480355499,0.349725));
#3644=CARTESIAN_POINT('',(0.081197667,0.487969635,0.339725));
#3645=CARTESIAN_POINT('',(0.081197667,0.487969635,0.349725));
#3646=CARTESIAN_POINT('',(0.079178442,0.496308056,0.339725));
#3647=CARTESIAN_POINT('',(0.079178442,0.496308056,0.349725));
#3648=CARTESIAN_POINT('',(0.077347762,0.505206953,0.339725));
#3649=CARTESIAN_POINT('',(0.077347762,0.505206953,0.349725));
#3650=CARTESIAN_POINT('',(0.076525713,0.511388686,0.339725));
#3651=CARTESIAN_POINT('',(0.076525713,0.511388686,0.349725));
#3652=CARTESIAN_POINT('',(0.076103896,0.514560714,0.339725));
#3653=CARTESIAN_POINT('',(0.076103896,0.514560714,0.349725));
#3654=B_SPLINE_SURFACE_WITH_KNOTS('',3,1,((#3616,#3617),(#3618,#3619),(#3620,#3621),(#3622,#3623),(#3624,#3625),(#3626,#3627),(#3628,#3629),(#3630,#3631),(#3632,#3633),(#3634,#3635),(#3636,#3637),(#3638,#3639),(#3640,#3641),(#3642,#3643),(#3644,#3645),(#3646,#3647),(#3648,#3649),(#3650,#3651),(#3652,#3653)),.UNSPECIFIED.,.F.,.F.,.U.,(4,1,1,1,1,1,1,1,1,1,1,1,1,1,1,1,4),(2,2),(0.,0.050817366,0.100734162,0.150332177,0.200488118,0.251936779,0.303886026,0.358910083,0.416431435,0.476434265,0.539144724,0.605545106,0.675504556,0.74958296,0.82811069,0.91179856,1.),(0.,1.),.UNSPECIFIED.);
#3655=CARTESIAN_POINT('',(0.076103896,0.514560714,0.339725));
#3656=VERTEX_POINT('',#3655);
#3657=CARTESIAN_POINT('',(0.076103896,0.514560714,0.349725));
#3658=DIRECTION('',(-0.,-0.,-1.));
#3659=VECTOR('',#3658,0.01);
#3660=LINE('',#3657,#3659);
#3661=EDGE_CURVE('NONE',#619,#3656,#3660,.T.);
#3662=ORIENTED_EDGE('',*,*,#3661,.T.);
#3663=CARTESIAN_POINT('',(0.137307421,0.436638723,0.339725));
#3664=VERTEX_POINT('',#3663);
#3665=CARTESIAN_POINT('',(0.076103896,0.514560714,0.339725));
#3666=CARTESIAN_POINT('',(0.077299504,0.505569851,0.339725));
#3667=CARTESIAN_POINT('',(0.078776396,0.496584556,0.339725));
#3668=CARTESIAN_POINT('',(0.081366894,0.487899629,0.339725));
#3669=CARTESIAN_POINT('',(0.083957392,0.479214701,0.339725));
#3670=CARTESIAN_POINT('',(0.087429559,0.470721676,0.339725));
#3671=CARTESIAN_POINT('',(0.092360021,0.463111012,0.339725));
#3672=CARTESIAN_POINT('',(0.097290484,0.455500348,0.339725));
#3673=CARTESIAN_POINT('',(0.103837462,0.448915052,0.339725));
#3674=CARTESIAN_POINT('',(0.111509277,0.444074534,0.339725));
#3675=CARTESIAN_POINT('',(0.115345184,0.441654274,0.339725));
#3676=CARTESIAN_POINT('',(0.119496474,0.439714631,0.339725));
#3677=CARTESIAN_POINT('',(0.123865686,0.438497658,0.339725));
#3678=CARTESIAN_POINT('',(0.128234897,0.437280685,0.339725));
#3679=CARTESIAN_POINT('',(0.132770285,0.436802281,0.339725));
#3680=CARTESIAN_POINT('',(0.137305195,0.436638636,0.339725));
#3681=B_SPLINE_CURVE_WITH_KNOTS('',3,(#3665,#3666,#3667,#3668,#3669,#3670,#3671,#3672,#3673,#3674,#3675,#3676,#3677,#3678,#3679,#3680),.UNSPECIFIED.,.F.,.F.,(4,3,3,3,3,4),(0.,0.25,0.5,0.75,0.875,1.),.UNSPECIFIED.);
#3682=EDGE_CURVE('NONE',#3656,#3664,#3681,.T.);
#3683=ORIENTED_EDGE('',*,*,#3682,.T.);
#3684=CARTESIAN_POINT('',(0.137305195,0.436638636,0.349725));
#3685=DIRECTION('',(0.,-0.,-1.));
#3686=VECTOR('',#3685,0.01);
#3687=LINE('',#3684,#3686);
#3688=EDGE_CURVE('NONE',#627,#3664,#3687,.T.);
#3689=ORIENTED_EDGE('',*,*,#3688,.F.);
#3690=ORIENTED_EDGE('',*,*,#645,.F.);
#3691=EDGE_LOOP('',(#3662,#3683,#3689,#3690));
#3692=FACE_BOUND('',#3691,.T.);
#3693=ADVANCED_FACE('NONE',(#3692),#3654,.F.);
#3694=CARTESIAN_POINT('',(0.205974026,0.534203571,0.339725));
#3695=CARTESIAN_POINT('',(0.205974026,0.534203571,0.349725));
#3696=CARTESIAN_POINT('',(0.205917634,0.530521371,0.339725));
#3697=CARTESIAN_POINT('',(0.205917634,0.530521371,0.349725));
#3698=CARTESIAN_POINT('',(0.205807959,0.523359879,0.339725));
#3699=CARTESIAN_POINT('',(0.205807959,0.523359879,0.349725));
#3700=CARTESIAN_POINT('',(0.204787064,0.512925875,0.339725));
#3701=CARTESIAN_POINT('',(0.204787064,0.512925875,0.349725));
#3702=CARTESIAN_POINT('',(0.203280772,0.503073969,0.339725));
#3703=CARTESIAN_POINT('',(0.203280772,0.503073969,0.349725));
#3704=CARTESIAN_POINT('',(0.201135646,0.493791242,0.339725));
#3705=CARTESIAN_POINT('',(0.201135646,0.493791242,0.349725));
#3706=CARTESIAN_POINT('',(0.198166113,0.485154606,0.339725));
#3707=CARTESIAN_POINT('',(0.198166113,0.485154606,0.349725));
#3708=CARTESIAN_POINT('',(0.19467241,0.477090941,0.339725));
#3709=CARTESIAN_POINT('',(0.19467241,0.477090941,0.349725));
#3710=CARTESIAN_POINT('',(0.190654549,0.469545493,0.339725));
#3711=CARTESIAN_POINT('',(0.190654549,0.469545493,0.349725));
#3712=CARTESIAN_POINT('',(0.185844184,0.462784672,0.339725));
#3713=CARTESIAN_POINT('',(0.185844184,0.462784672,0.349725));
#3714=CARTESIAN_POINT('',(0.180645275,0.456710215,0.339725));
#3715=CARTESIAN_POINT('',(0.180645275,0.456710215,0.349725));
#3716=CARTESIAN_POINT('',(0.175249773,0.451310522,0.339725));
#3717=CARTESIAN_POINT('',(0.175249773,0.451310522,0.349725));
#3718=CARTESIAN_POINT('',(0.169517074,0.446802473,0.339725));
#3719=CARTESIAN_POINT('',(0.169517074,0.446802473,0.349725));
#3720=CARTESIAN_POINT('',(0.163536898,0.443136276,0.339725));
#3721=CARTESIAN_POINT('',(0.163536898,0.443136276,0.349725));
#3722=CARTESIAN_POINT('',(0.157366438,0.44014421,0.339725));
#3723=CARTESIAN_POINT('',(0.157366438,0.44014421,0.349725));
#3724=CARTESIAN_POINT('',(0.150878704,0.438135665,0.339725));
#3725=CARTESIAN_POINT('',(0.150878704,0.438135665,0.349725));
#3726=CARTESIAN_POINT('',(0.144173503,0.436863188,0.339725));
#3727=CARTESIAN_POINT('',(0.144173503,0.436863188,0.349725));
#3728=CARTESIAN_POINT('',(0.139610753,0.436714014,0.339725));
#3729=CARTESIAN_POINT('',(0.139610753,0.436714014,0.349725));
#3730=CARTESIAN_POINT('',(0.137305195,0.436638636,0.339725));
#3731=CARTESIAN_POINT('',(0.137305195,0.436638636,0.349725));
#3732=B_SPLINE_SURFACE_WITH_KNOTS('',3,1,((#3694,#3695),(#3696,#3697),(#3698,#3699),(#3700,#3701),(#3702,#3703),(#3704,#3705),(#3706,#3707),(#3708,#3709),(#3710,#3711),(#3712,#3713),(#3714,#3715),(#3716,#3717),(#3718,#3719),(#3720,#3721),(#3722,#3723),(#3724,#3725),(#3726,#3727),(#3728,#3729),(#3730,#3731)),.UNSPECIFIED.,.F.,.F.,.U.,(4,1,1,1,1,1,1,1,1,1,1,1,1,1,1,1,4),(2,2),(0.,0.083247859,0.161908332,0.23684959,0.308530346,0.377024988,0.443065337,0.507131825,0.569938368,0.630263999,0.687807373,0.742275951,0.794745606,0.846199415,0.896898287,0.947902677,1.),(0.,1.),.UNSPECIFIED.);
#3733=ORIENTED_EDGE('',*,*,#3688,.T.);
#3734=CARTESIAN_POINT('',(0.205974026,0.534203571,0.339725));
#3735=VERTEX_POINT('',#3734);
#3736=CARTESIAN_POINT('',(0.137307421,0.436638709,0.339725));
#3737=CARTESIAN_POINT('',(0.142833934,0.436819392,0.339725));
#3738=CARTESIAN_POINT('',(0.148372302,0.437422159,0.339725));
#3739=CARTESIAN_POINT('',(0.153663776,0.439036286,0.339725));
#3740=CARTESIAN_POINT('',(0.15895525,0.440650412,0.339725));
#3741=CARTESIAN_POINT('',(0.163927278,0.443210043,0.339725));
#3742=CARTESIAN_POINT('',(0.168520204,0.446288213,0.339725));
#3743=CARTESIAN_POINT('',(0.17311313,0.449366383,0.339725));
#3744=CARTESIAN_POINT('',(0.177229685,0.453119615,0.339725));
#3745=CARTESIAN_POINT('',(0.180960102,0.457201395,0.339725));
#3746=CARTESIAN_POINT('',(0.184690519,0.461283175,0.339725));
#3747=CARTESIAN_POINT('',(0.188119541,0.465660319,0.339725));
#3748=CARTESIAN_POINT('',(0.190963217,0.470401178,0.339725));
#3749=CARTESIAN_POINT('',(0.196650568,0.479882898,0.339725));
#3750=CARTESIAN_POINT('',(0.200546881,0.490412455,0.339725));
#3751=CARTESIAN_POINT('',(0.202791166,0.501242209,0.339725));
#3752=CARTESIAN_POINT('',(0.205035451,0.512071963,0.339725));
#3753=CARTESIAN_POINT('',(0.205804677,0.523145629,0.339725));
#3754=CARTESIAN_POINT('',(0.205974026,0.534203571,0.339725));
#3755=B_SPLINE_CURVE_WITH_KNOTS('',3,(#3736,#3737,#3738,#3739,#3740,#3741,#3742,#3743,#3744,#3745,#3746,#3747,#3748,#3749,#3750,#3751,#3752,#3753,#3754),.UNSPECIFIED.,.F.,.F.,(4,3,3,3,3,3,4),(0.,0.124997904,0.249995807,0.374993711,0.499991615,0.749987422,0.99998323),.UNSPECIFIED.);
#3756=EDGE_CURVE('NONE',#3664,#3735,#3755,.T.);
#3757=ORIENTED_EDGE('',*,*,#3756,.T.);
#3758=CARTESIAN_POINT('',(0.205974026,0.534203571,0.349725));
#3759=DIRECTION('',(0.,-0.,-1.));
#3760=VECTOR('',#3759,0.01);
#3761=LINE('',#3758,#3760);
#3762=EDGE_CURVE('NONE',#648,#3735,#3761,.T.);
#3763=ORIENTED_EDGE('',*,*,#3762,.F.);
#3764=ORIENTED_EDGE('',*,*,#669,.F.);
#3765=EDGE_LOOP('',(#3733,#3757,#3763,#3764));
#3766=FACE_BOUND('',#3765,.T.);
#3767=ADVANCED_FACE('NONE',(#3766),#3732,.F.);
#3768=CARTESIAN_POINT('',(0.13836039,0.623651623,0.339725));
#3769=CARTESIAN_POINT('',(0.13836039,0.623651623,0.349725));
#3770=CARTESIAN_POINT('',(0.140744158,0.623560501,0.339725));
#3771=CARTESIAN_POINT('',(0.140744158,0.623560501,0.349725));
#3772=CARTESIAN_POINT('',(0.145426721,0.623381505,0.339725));
#3773=CARTESIAN_POINT('',(0.145426721,0.623381505,0.349725));
#3774=CARTESIAN_POINT('',(0.152312235,0.622359504,0.339725));
#3775=CARTESIAN_POINT('',(0.152312235,0.622359504,0.349725));
#3776=CARTESIAN_POINT('',(0.158837162,0.620410744,0.339725));
#3777=CARTESIAN_POINT('',(0.158837162,0.620410744,0.349725));
#3778=CARTESIAN_POINT('',(0.165137135,0.617969267,0.339725));
#3779=CARTESIAN_POINT('',(0.165137135,0.617969267,0.349725));
#3780=CARTESIAN_POINT('',(0.171027534,0.614539481,0.339725));
#3781=CARTESIAN_POINT('',(0.171027534,0.614539481,0.349725));
#3782=CARTESIAN_POINT('',(0.176619724,0.610478049,0.339725));
#3783=CARTESIAN_POINT('',(0.176619724,0.610478049,0.349725));
#3784=CARTESIAN_POINT('',(0.18197085,0.605735469,0.339725));
#3785=CARTESIAN_POINT('',(0.18197085,0.605735469,0.349725));
#3786=CARTESIAN_POINT('',(0.186872171,0.600196464,0.339725));
#3787=CARTESIAN_POINT('',(0.186872171,0.600196464,0.349725));
#3788=CARTESIAN_POINT('',(0.191427346,0.594074589,0.339725));
#3789=CARTESIAN_POINT('',(0.191427346,0.594074589,0.349725));
#3790=CARTESIAN_POINT('',(0.195364388,0.587272418,0.339725));
#3791=CARTESIAN_POINT('',(0.195364388,0.587272418,0.349725));
#3792=CARTESIAN_POINT('',(0.198552049,0.579824669,0.339725));
#3793=CARTESIAN_POINT('',(0.198552049,0.579824669,0.349725));
#3794=CARTESIAN_POINT('',(0.201354953,0.571873497,0.339725));
#3795=CARTESIAN_POINT('',(0.201354953,0.571873497,0.349725));
#3796=CARTESIAN_POINT('',(0.203458273,0.563282613,0.339725));
#3797=CARTESIAN_POINT('',(0.203458273,0.563282613,0.349725));
#3798=CARTESIAN_POINT('',(0.204870066,0.554100754,0.339725));
#3799=CARTESIAN_POINT('',(0.204870066,0.554100754,0.349725));
#3800=CARTESIAN_POINT('',(0.205784376,0.544340898,0.339725));
#3801=CARTESIAN_POINT('',(0.205784376,0.544340898,0.349725));
#3802=CARTESIAN_POINT('',(0.205909702,0.537641849,0.339725));
#3803=CARTESIAN_POINT('',(0.205909702,0.537641849,0.349725));
#3804=CARTESIAN_POINT('',(0.205974026,0.534203571,0.339725));
#3805=CARTESIAN_POINT('',(0.205974026,0.534203571,0.349725));
#3806=B_SPLINE_SURFACE_WITH_KNOTS('',3,1,((#3768,#3769),(#3770,#3771),(#3772,#3773),(#3774,#3775),(#3776,#3777),(#3778,#3779),(#3780,#3781),(#3782,#3783),(#3784,#3785),(#3786,#3787),(#3788,#3789),(#3790,#3791),(#3792,#3793),(#3794,#3795),(#3796,#3797),(#3798,#3799),(#3800,#3801),(#3802,#3803),(#3804,#3805)),.UNSPECIFIED.,.F.,.F.,.U.,(4,1,1,1,1,1,1,1,1,1,1,1,1,1,1,1,4),(2,2),(0.,0.056884102,0.111740498,0.165461441,0.219030985,0.272503255,0.327496147,0.383717414,0.442672532,0.503597588,0.565475688,0.629627481,0.696571916,0.766382269,0.840228431,0.917997448,1.),(0.,1.),.UNSPECIFIED.);
#3807=ORIENTED_EDGE('',*,*,#3762,.T.);
#3808=CARTESIAN_POINT('',(0.138358626,0.623651524,0.339725));
#3809=VERTEX_POINT('',#3808);
#3810=CARTESIAN_POINT('',(0.205974026,0.534203571,0.339725));
#3811=CARTESIAN_POINT('',(0.205777924,0.5446858,0.339725));
#3812=CARTESIAN_POINT('',(0.205138068,0.555203696,0.339725));
#3813=CARTESIAN_POINT('',(0.202870381,0.565441229,0.339725));
#3814=CARTESIAN_POINT('',(0.200602694,0.575678762,0.339725));
#3815=CARTESIAN_POINT('',(0.196859233,0.585685984,0.339725));
#3816=CARTESIAN_POINT('',(0.191032158,0.594402135,0.339725));
#3817=CARTESIAN_POINT('',(0.185205082,0.603118286,0.339725));
#3818=CARTESIAN_POINT('',(0.177552008,0.610666898,0.339725));
#3819=CARTESIAN_POINT('',(0.168500178,0.615970844,0.339725));
#3820=CARTESIAN_POINT('',(0.163974263,0.618622817,0.339725));
#3821=CARTESIAN_POINT('',(0.159016894,0.62049072,0.339725));
#3822=CARTESIAN_POINT('',(0.153942627,0.621800157,0.339725));
#3823=CARTESIAN_POINT('',(0.14886836,0.623109593,0.339725));
#3824=CARTESIAN_POINT('',(0.143598602,0.623451387,0.339725));
#3825=CARTESIAN_POINT('',(0.13836039,0.623651623,0.339725));
#3826=B_SPLINE_CURVE_WITH_KNOTS('',3,(#3810,#3811,#3812,#3813,#3814,#3815,#3816,#3817,#3818,#3819,#3820,#3821,#3822,#3823,#3824,#3825),.UNSPECIFIED.,.F.,.F.,(4,3,3,3,3,4),(0.,0.25,0.5,0.75,0.875,1.),.UNSPECIFIED.);
#3827=EDGE_CURVE('NONE',#3735,#3809,#3826,.T.);
#3828=ORIENTED_EDGE('',*,*,#3827,.T.);
#3829=CARTESIAN_POINT('',(0.13836039,0.623651623,0.349725));
#3830=DIRECTION('',(0.,-0.,-1.));
#3831=VECTOR('',#3830,0.01);
#3832=LINE('',#3829,#3831);
#3833=EDGE_CURVE('NONE',#672,#3809,#3832,.T.);
#3834=ORIENTED_EDGE('',*,*,#3833,.F.);
#3835=ORIENTED_EDGE('',*,*,#690,.F.);
#3836=EDGE_LOOP('',(#3807,#3828,#3834,#3835));
#3837=FACE_BOUND('',#3836,.T.);
#3838=ADVANCED_FACE('NONE',(#3837),#3806,.F.);
#3839=CARTESIAN_POINT('',(0.081298701,0.584203571,0.339725));
#3840=CARTESIAN_POINT('',(0.081298701,0.584203571,0.349725));
#3841=CARTESIAN_POINT('',(0.082847191,0.587170733,0.339725));
#3842=CARTESIAN_POINT('',(0.082847191,0.587170733,0.349725));
#3843=CARTESIAN_POINT('',(0.085884803,0.592991294,0.339725));
#3844=CARTESIAN_POINT('',(0.085884803,0.592991294,0.349725));
#3845=CARTESIAN_POINT('',(0.091631841,0.600797274,0.339725));
#3846=CARTESIAN_POINT('',(0.091631841,0.600797274,0.349725));
#3847=CARTESIAN_POINT('',(0.098076967,0.607646045,0.339725));
#3848=CARTESIAN_POINT('',(0.098076967,0.607646045,0.349725));
#3849=CARTESIAN_POINT('',(0.105325145,0.613320993,0.339725));
#3850=CARTESIAN_POINT('',(0.105325145,0.613320993,0.349725));
#3851=CARTESIAN_POINT('',(0.113115844,0.61786801,0.339725));
#3852=CARTESIAN_POINT('',(0.113115844,0.61786801,0.349725));
#3853=CARTESIAN_POINT('',(0.121260053,0.621254059,0.339725));
#3854=CARTESIAN_POINT('',(0.121260053,0.621254059,0.349725));
#3855=CARTESIAN_POINT('',(0.129739687,0.623276884,0.339725));
#3856=CARTESIAN_POINT('',(0.129739687,0.623276884,0.349725));
#3857=CARTESIAN_POINT('',(0.135481927,0.623526497,0.339725));
#3858=CARTESIAN_POINT('',(0.135481927,0.623526497,0.349725));
#3859=CARTESIAN_POINT('',(0.13836039,0.623651623,0.339725));
#3860=CARTESIAN_POINT('',(0.13836039,0.623651623,0.349725));
#3861=B_SPLINE_SURFACE_WITH_KNOTS('',3,1,((#3839,#3840),(#3841,#3842),(#3843,#3844),(#3845,#3846),(#3847,#3848),(#3849,#3850),(#3851,#3852),(#3853,#3854),(#3855,#3856),(#3857,#3858),(#3859,#3860)),.UNSPECIFIED.,.F.,.F.,.U.,(4,1,1,1,1,1,1,1,4),(2,2),(0.,0.137053765,0.268852917,0.395965679,0.521573807,0.64486312,0.764756942,0.88207768,1.),(0.,1.),.UNSPECIFIED.);
#3862=ORIENTED_EDGE('',*,*,#3833,.T.);
#3863=CARTESIAN_POINT('',(0.081298701,0.584203571,0.339725));
#3864=VERTEX_POINT('',#3863);
#3865=CARTESIAN_POINT('',(0.138358625,0.623651547,0.339725));
#3866=CARTESIAN_POINT('',(0.135309268,0.623518992,0.339725));
#3867=CARTESIAN_POINT('',(0.13225789,0.623385157,0.339725));
#3868=CARTESIAN_POINT('',(0.129244219,0.622927463,0.339725));
#3869=CARTESIAN_POINT('',(0.126230548,0.622469768,0.339725));
#3870=CARTESIAN_POINT('',(0.12325576,0.62170825,0.339725));
#3871=CARTESIAN_POINT('',(0.120370759,0.620711033,0.339725));
#3872=CARTESIAN_POINT('',(0.114600755,0.618716598,0.339725));
#3873=CARTESIAN_POINT('',(0.109159499,0.615822774,0.339725));
#3874=CARTESIAN_POINT('',(0.104189606,0.612278807,0.339725));
#3875=CARTESIAN_POINT('',(0.099219713,0.608734841,0.339725));
#3876=CARTESIAN_POINT('',(0.094804951,0.604449464,0.339725));
#3877=CARTESIAN_POINT('',(0.090974471,0.599693975,0.339725));
#3878=CARTESIAN_POINT('',(0.087143991,0.594938487,0.339725));
#3879=CARTESIAN_POINT('',(0.084123305,0.589615975,0.339725));
#3880=CARTESIAN_POINT('',(0.081298701,0.584203571,0.339725));
#3881=B_SPLINE_CURVE_WITH_KNOTS('',3,(#3865,#3866,#3867,#3868,#3869,#3870,#3871,#3872,#3873,#3874,#3875,#3876,#3877,#3878,#3879,#3880),.UNSPECIFIED.,.F.,.F.,(4,3,3,3,3,4),(0.,0.124996987,0.249993975,0.49998795,0.749981925,0.9999759),.UNSPECIFIED.);
#3882=EDGE_CURVE('NONE',#3809,#3864,#3881,.T.);
#3883=ORIENTED_EDGE('',*,*,#3882,.T.);
#3884=CARTESIAN_POINT('',(0.081298701,0.584203571,0.349725));
#3885=DIRECTION('',(-0.,-0.,-1.));
#3886=VECTOR('',#3885,0.01);
#3887=LINE('',#3884,#3886);
#3888=EDGE_CURVE('NONE',#693,#3864,#3887,.T.);
#3889=ORIENTED_EDGE('',*,*,#3888,.F.);
#3890=ORIENTED_EDGE('',*,*,#711,.F.);
#3891=EDGE_LOOP('',(#3862,#3883,#3889,#3890));
#3892=FACE_BOUND('',#3891,.T.);
#3893=ADVANCED_FACE('NONE',(#3892),#3861,.F.);
#3894=CARTESIAN_POINT('',(0.081298701,0.584203571,0.349725));
#3895=DIRECTION('',(0.141150651,0.989988128,-0.));
#3896=DIRECTION('',(-0.989988128,0.141150651,-0.));
#3897=AXIS2_PLACEMENT_3D('',#3894,#3895,#3896);
#3898=PLANE('',#3897);
#3899=ORIENTED_EDGE('',*,*,#3888,.T.);
#3900=CARTESIAN_POINT('',(0.03974026,0.590128896,0.339725));
#3901=VERTEX_POINT('',#3900);
#3902=CARTESIAN_POINT('',(0.081298701,0.584203571,0.339725));
#3903=DIRECTION('',(-0.989988128,0.141150651,-0.));
#3904=VECTOR('',#3903,0.041978727);
#3905=LINE('',#3902,#3904);
#3906=EDGE_CURVE('NONE',#3864,#3901,#3905,.T.);
#3907=ORIENTED_EDGE('',*,*,#3906,.T.);
#3908=CARTESIAN_POINT('',(0.03974026,0.590128896,0.349725));
#3909=DIRECTION('',(-0.,-0.,-1.));
#3910=VECTOR('',#3909,0.01);
#3911=LINE('',#3908,#3910);
#3912=EDGE_CURVE('NONE',#714,#3901,#3911,.T.);
#3913=ORIENTED_EDGE('',*,*,#3912,.F.);
#3914=ORIENTED_EDGE('',*,*,#719,.F.);
#3915=EDGE_LOOP('',(#3899,#3907,#3913,#3914));
#3916=FACE_BOUND('',#3915,.T.);
#3917=ADVANCED_FACE('NONE',(#3916),#3898,.T.);
#3918=CARTESIAN_POINT('',(0.03974026,0.590128896,0.349725));
#3919=DIRECTION('',(0.988632758,-0.150350487,0.));
#3920=DIRECTION('',(0.150350487,0.988632758,-0.));
#3921=AXIS2_PLACEMENT_3D('',#3918,#3919,#3920);
#3922=PLANE('',#3921);
#3923=ORIENTED_EDGE('',*,*,#3912,.T.);
#3924=CARTESIAN_POINT('',(0.070909091,0.795080195,0.339725));
#3925=VERTEX_POINT('',#3924);
#3926=CARTESIAN_POINT('',(0.03974026,0.590128896,0.339725));
#3927=DIRECTION('',(0.150350487,0.988632758,-0.));
#3928=VECTOR('',#3927,0.207307817);
#3929=LINE('',#3926,#3928);
#3930=EDGE_CURVE('NONE',#3901,#3925,#3929,.T.);
#3931=ORIENTED_EDGE('',*,*,#3930,.T.);
#3932=CARTESIAN_POINT('',(0.070909091,0.795080195,0.349725));
#3933=DIRECTION('',(-0.,-0.,-1.));
#3934=VECTOR('',#3933,0.01);
#3935=LINE('',#3932,#3934);
#3936=EDGE_CURVE('NONE',#722,#3925,#3935,.T.);
#3937=ORIENTED_EDGE('',*,*,#3936,.F.);
#3938=ORIENTED_EDGE('',*,*,#727,.F.);
#3939=EDGE_LOOP('',(#3923,#3931,#3937,#3938));
#3940=FACE_BOUND('',#3939,.T.);
#3941=ADVANCED_FACE('NONE',(#3940),#3922,.T.);
#3942=CARTESIAN_POINT('',(0.070909091,0.795080195,0.349725));
#3943=DIRECTION('',(0.,-1.,0.));
#3944=DIRECTION('',(1.,0.,0.));
#3945=AXIS2_PLACEMENT_3D('',#3942,#3943,#3944);
#3946=PLANE('',#3945);
#3947=ORIENTED_EDGE('',*,*,#3936,.T.);
#3948=CARTESIAN_POINT('',(0.231948052,0.795080195,0.339725));
#3949=VERTEX_POINT('',#3948);
#3950=CARTESIAN_POINT('',(0.070909091,0.795080195,0.339725));
#3951=DIRECTION('',(1.,0.,-0.));
#3952=VECTOR('',#3951,0.161038961);
#3953=LINE('',#3950,#3952);
#3954=EDGE_CURVE('NONE',#3925,#3949,#3953,.T.);
#3955=ORIENTED_EDGE('',*,*,#3954,.T.);
#3956=CARTESIAN_POINT('',(0.231948052,0.795080195,0.349725));
#3957=DIRECTION('',(-0.,-0.,-1.));
#3958=VECTOR('',#3957,0.01);
#3959=LINE('',#3956,#3958);
#3960=EDGE_CURVE('NONE',#730,#3949,#3959,.T.);
#3961=ORIENTED_EDGE('',*,*,#3960,.F.);
#3962=ORIENTED_EDGE('',*,*,#735,.F.);
#3963=EDGE_LOOP('',(#3947,#3955,#3961,#3962));
#3964=FACE_BOUND('',#3963,.T.);
#3965=ADVANCED_FACE('NONE',(#3964),#3946,.T.);
#3966=CARTESIAN_POINT('',(0.231948052,0.795080195,0.349725));
#3967=DIRECTION('',(-1.,0.,0.));
#3968=DIRECTION('',(0.,-1.,0.));
#3969=AXIS2_PLACEMENT_3D('',#3966,#3967,#3968);
#3970=PLANE('',#3969);
#3971=ORIENTED_EDGE('',*,*,#3960,.T.);
#3972=CARTESIAN_POINT('',(0.231948052,0.748326948,0.339725));
#3973=VERTEX_POINT('',#3972);
#3974=CARTESIAN_POINT('',(0.231948052,0.795080195,0.339725));
#3975=DIRECTION('',(0.,-1.,0.));
#3976=VECTOR('',#3975,0.046753247);
#3977=LINE('',#3974,#3976);
#3978=EDGE_CURVE('NONE',#3949,#3973,#3977,.T.);
#3979=ORIENTED_EDGE('',*,*,#3978,.T.);
#3980=CARTESIAN_POINT('',(0.231948052,0.748326948,0.349725));
#3981=DIRECTION('',(-0.,-0.,-1.));
#3982=VECTOR('',#3981,0.01);
#3983=LINE('',#3980,#3982);
#3984=EDGE_CURVE('NONE',#738,#3973,#3983,.T.);
#3985=ORIENTED_EDGE('',*,*,#3984,.F.);
#3986=ORIENTED_EDGE('',*,*,#743,.F.);
#3987=EDGE_LOOP('',(#3971,#3979,#3985,#3986));
#3988=FACE_BOUND('',#3987,.T.);
#3989=ADVANCED_FACE('NONE',(#3988),#3970,.T.);
#3990=CARTESIAN_POINT('',(0.231948052,0.748326948,0.349725));
#3991=DIRECTION('',(0.,1.,-0.));
#3992=DIRECTION('',(-1.,0.,0.));
#3993=AXIS2_PLACEMENT_3D('',#3990,#3991,#3992);
#3994=PLANE('',#3993);
#3995=ORIENTED_EDGE('',*,*,#3984,.T.);
#3996=CARTESIAN_POINT('',(0.105730519,0.748326948,0.339725));
#3997=VERTEX_POINT('',#3996);
#3998=CARTESIAN_POINT('',(0.231948052,0.748326948,0.339725));
#3999=DIRECTION('',(-1.,0.,0.));
#4000=VECTOR('',#3999,0.126217532);
#4001=LINE('',#3998,#4000);
#4002=EDGE_CURVE('NONE',#3973,#3997,#4001,.T.);
#4003=ORIENTED_EDGE('',*,*,#4002,.T.);
#4004=CARTESIAN_POINT('',(0.105730519,0.748326948,0.349725));
#4005=DIRECTION('',(-0.,-0.,-1.));
#4006=VECTOR('',#4005,0.01);
#4007=LINE('',#4004,#4006);
#4008=EDGE_CURVE('NONE',#746,#3997,#4007,.T.);
#4009=ORIENTED_EDGE('',*,*,#4008,.F.);
#4010=ORIENTED_EDGE('',*,*,#751,.F.);
#4011=EDGE_LOOP('',(#3995,#4003,#4009,#4010));
#4012=FACE_BOUND('',#4011,.T.);
#4013=ADVANCED_FACE('NONE',(#4012),#3994,.T.);
#4014=CARTESIAN_POINT('',(0.105730519,0.748326948,0.349725));
#4015=DIRECTION('',(-0.988642464,0.150286652,-0.));
#4016=DIRECTION('',(-0.150286652,-0.988642464,0.));
#4017=AXIS2_PLACEMENT_3D('',#4014,#4015,#4016);
#4018=PLANE('',#4017);
#4019=ORIENTED_EDGE('',*,*,#4008,.T.);
#4020=CARTESIAN_POINT('',(0.090714286,0.649544481,0.339725));
#4021=VERTEX_POINT('',#4020);
#4022=CARTESIAN_POINT('',(0.105730519,0.748326948,0.339725));
#4023=DIRECTION('',(-0.150286652,-0.988642464,0.));
#4024=VECTOR('',#4023,0.099917282);
#4025=LINE('',#4022,#4024);
#4026=EDGE_CURVE('NONE',#3997,#4021,#4025,.T.);
#4027=ORIENTED_EDGE('',*,*,#4026,.T.);
#4028=CARTESIAN_POINT('',(0.090714286,0.649544481,0.349725));
#4029=DIRECTION('',(-0.,-0.,-1.));
#4030=VECTOR('',#4029,0.01);
#4031=LINE('',#4028,#4030);
#4032=EDGE_CURVE('NONE',#754,#4021,#4031,.T.);
#4033=ORIENTED_EDGE('',*,*,#4032,.F.);
#4034=ORIENTED_EDGE('',*,*,#759,.F.);
#4035=EDGE_LOOP('',(#4019,#4027,#4033,#4034));
#4036=FACE_BOUND('',#4035,.T.);
#4037=ADVANCED_FACE('NONE',(#4036),#4018,.T.);
#4038=CARTESIAN_POINT('',(0.149967532,0.665210065,0.339725));
#4039=CARTESIAN_POINT('',(0.149967532,0.665210065,0.349725));
#4040=CARTESIAN_POINT('',(0.144812623,0.665025104,0.339725));
#4041=CARTESIAN_POINT('',(0.144812623,0.665025104,0.349725));
#4042=CARTESIAN_POINT('',(0.134554479,0.664657037,0.339725));
#4043=CARTESIAN_POINT('',(0.134554479,0.664657037,0.349725));
#4044=CARTESIAN_POINT('',(0.119403804,0.661611841,0.339725));
#4045=CARTESIAN_POINT('',(0.119403804,0.661611841,0.349725));
#4046=CARTESIAN_POINT('',(0.104661329,0.656677115,0.339725));
#4047=CARTESIAN_POINT('',(0.104661329,0.656677115,0.349725));
#4048=CARTESIAN_POINT('',(0.095395945,0.65193872,0.339725));
#4049=CARTESIAN_POINT('',(0.095395945,0.65193872,0.349725));
#4050=CARTESIAN_POINT('',(0.090714286,0.649544481,0.339725));
#4051=CARTESIAN_POINT('',(0.090714286,0.649544481,0.349725));
#4052=B_SPLINE_SURFACE_WITH_KNOTS('',3,1,((#4038,#4039),(#4040,#4041),(#4042,#4043),(#4044,#4045),(#4046,#4047),(#4048,#4049),(#4050,#4051)),.UNSPECIFIED.,.F.,.F.,.U.,(4,1,1,1,4),(2,2),(0.,0.249506682,0.496512232,0.745595183,1.),(0.,1.),.UNSPECIFIED.);
#4053=ORIENTED_EDGE('',*,*,#4032,.T.);
#4054=CARTESIAN_POINT('',(0.149969673,0.665209975,0.339725));
#4055=VERTEX_POINT('',#4054);
#4056=CARTESIAN_POINT('',(0.090714286,0.649544481,0.339725));
#4057=CARTESIAN_POINT('',(0.095314886,0.651897266,0.339725));
#4058=CARTESIAN_POINT('',(0.099915486,0.654250051,0.339725));
#4059=CARTESIAN_POINT('',(0.104667508,0.656256908,0.339725));
#4060=CARTESIAN_POINT('',(0.109419529,0.658263765,0.339725));
#4061=CARTESIAN_POINT('',(0.114326722,0.65991816,0.339725));
#4062=CARTESIAN_POINT('',(0.119320178,0.661258065,0.339725));
#4063=CARTESIAN_POINT('',(0.124313635,0.66259797,0.339725));
#4064=CARTESIAN_POINT('',(0.129392934,0.663625491,0.339725));
#4065=CARTESIAN_POINT('',(0.134515132,0.664232451,0.339725));
#4066=CARTESIAN_POINT('',(0.139637329,0.66483941,0.339725));
#4067=CARTESIAN_POINT('',(0.144802431,0.665024739,0.339725));
#4068=CARTESIAN_POINT('',(0.149967532,0.665210065,0.339725));
#4069=B_SPLINE_CURVE_WITH_KNOTS('',3,(#4056,#4057,#4058,#4059,#4060,#4061,#4062,#4063,#4064,#4065,#4066,#4067,#4068),.UNSPECIFIED.,.F.,.F.,(4,3,3,3,4),(0.,0.25,0.5,0.75,1.),.UNSPECIFIED.);
#4070=EDGE_CURVE('NONE',#4021,#4055,#4069,.T.);
#4071=ORIENTED_EDGE('',*,*,#4070,.T.);
#4072=CARTESIAN_POINT('',(0.149967532,0.665210065,0.349725));
#4073=DIRECTION('',(0.,-0.,-1.));
#4074=VECTOR('',#4073,0.01);
#4075=LINE('',#4072,#4074);
#4076=EDGE_CURVE('NONE',#762,#4055,#4075,.T.);
#4077=ORIENTED_EDGE('',*,*,#4076,.F.);
#4078=ORIENTED_EDGE('',*,*,#777,.F.);
#4079=EDGE_LOOP('',(#4053,#4071,#4077,#4078));
#4080=FACE_BOUND('',#4079,.T.);
#4081=ADVANCED_FACE('NONE',(#4080),#4052,.F.);
#4082=CARTESIAN_POINT('',(0.247532468,0.536476299,0.339725));
#4083=CARTESIAN_POINT('',(0.247532468,0.536476299,0.349725));
#4084=CARTESIAN_POINT('',(0.247428846,0.541268029,0.339725));
#4085=CARTESIAN_POINT('',(0.247428846,0.541268029,0.349725));
#4086=CARTESIAN_POINT('',(0.247226484,0.5506258,0.339725));
#4087=CARTESIAN_POINT('',(0.247226484,0.5506258,0.349725));
#4088=CARTESIAN_POINT('',(0.245944268,0.564305252,0.339725));
#4089=CARTESIAN_POINT('',(0.245944268,0.564305252,0.349725));
#4090=CARTESIAN_POINT('',(0.243714088,0.577240483,0.339725));
#4091=CARTESIAN_POINT('',(0.243714088,0.577240483,0.349725));
#4092=CARTESIAN_POINT('',(0.240411755,0.589377238,0.339725));
#4093=CARTESIAN_POINT('',(0.240411755,0.589377238,0.349725));
#4094=CARTESIAN_POINT('',(0.23640286,0.600829011,0.339725));
#4095=CARTESIAN_POINT('',(0.23640286,0.600829011,0.349725));
#4096=CARTESIAN_POINT('',(0.23135073,0.611480275,0.339725));
#4097=CARTESIAN_POINT('',(0.23135073,0.611480275,0.349725));
#4098=CARTESIAN_POINT('',(0.225398001,0.621381956,0.339725));
#4099=CARTESIAN_POINT('',(0.225398001,0.621381956,0.349725));
#4100=CARTESIAN_POINT('',(0.218579731,0.630400291,0.339725));
#4101=CARTESIAN_POINT('',(0.218579731,0.630400291,0.349725));
#4102=CARTESIAN_POINT('',(0.211264674,0.63859804,0.339725));
#4103=CARTESIAN_POINT('',(0.211264674,0.63859804,0.349725));
#4104=CARTESIAN_POINT('',(0.203458773,0.645667682,0.339725));
#4105=CARTESIAN_POINT('',(0.203458773,0.645667682,0.349725));
#4106=CARTESIAN_POINT('',(0.195328406,0.651679613,0.339725));
#4107=CARTESIAN_POINT('',(0.195328406,0.651679613,0.349725));
#4108=CARTESIAN_POINT('',(0.186912926,0.656644905,0.339725));
#4109=CARTESIAN_POINT('',(0.186912926,0.656644905,0.349725));
#4110=CARTESIAN_POINT('',(0.178149358,0.660524947,0.339725));
#4111=CARTESIAN_POINT('',(0.178149358,0.660524947,0.349725));
#4112=CARTESIAN_POINT('',(0.16903311,0.663199405,0.339725));
#4113=CARTESIAN_POINT('',(0.16903311,0.663199405,0.349725));
#4114=CARTESIAN_POINT('',(0.159606686,0.664870173,0.339725));
#4115=CARTESIAN_POINT('',(0.159606686,0.664870173,0.349725));
#4116=CARTESIAN_POINT('',(0.153194065,0.665096292,0.339725));
#4117=CARTESIAN_POINT('',(0.153194065,0.665096292,0.349725));
#4118=CARTESIAN_POINT('',(0.149967532,0.665210065,0.339725));
#4119=CARTESIAN_POINT('',(0.149967532,0.665210065,0.349725));
#4120=B_SPLINE_SURFACE_WITH_KNOTS('',3,1,((#4082,#4083),(#4084,#4085),(#4086,#4087),(#4088,#4089),(#4090,#4091),(#4092,#4093),(#4094,#4095),(#4096,#4097),(#4098,#4099),(#4100,#4101),(#4102,#4103),(#4104,#4105),(#4106,#4107),(#4108,#4109),(#4110,#4111),(#4112,#4113),(#4114,#4115),(#4116,#4117),(#4118,#4119)),.UNSPECIFIED.,.F.,.F.,.U.,(4,1,1,1,1,1,1,1,1,1,1,1,1,1,1,1,4),(2,2),(0.,0.079949962,0.156134285,0.229016989,0.298662515,0.365773213,0.431200205,0.494994913,0.558195869,0.619567845,0.678054433,0.733582823,0.788012156,0.840770259,0.89304718,0.946186324,1.),(0.,1.),.UNSPECIFIED.);
#4121=ORIENTED_EDGE('',*,*,#4076,.T.);
#4122=CARTESIAN_POINT('',(0.247532468,0.536476299,0.339725));
#4123=VERTEX_POINT('',#4122);
#4124=CARTESIAN_POINT('',(0.149969674,0.665209989,0.339725));
#4125=CARTESIAN_POINT('',(0.157459385,0.66494589,0.339725));
#4126=CARTESIAN_POINT('',(0.164962906,0.664212825,0.339725));
#4127=CARTESIAN_POINT('',(0.172188947,0.662214747,0.339725));
#4128=CARTESIAN_POINT('',(0.179414987,0.660216669,0.339725));
#4129=CARTESIAN_POINT('',(0.186310805,0.657098757,0.339725));
#4130=CARTESIAN_POINT('',(0.192690199,0.653163878,0.339725));
#4131=CARTESIAN_POINT('',(0.205448988,0.64529412,0.339725));
#4132=CARTESIAN_POINT('',(0.216206587,0.63438569,0.339725));
#4133=CARTESIAN_POINT('',(0.224703759,0.622041253,0.339725));
#4134=CARTESIAN_POINT('',(0.233200931,0.609696816,0.339725));
#4135=CARTESIAN_POINT('',(0.238949159,0.595589939,0.339725));
#4136=CARTESIAN_POINT('',(0.242603043,0.581056527,0.339725));
#4137=CARTESIAN_POINT('',(0.246256927,0.566523115,0.339725));
#4138=CARTESIAN_POINT('',(0.247208448,0.551459829,0.339725));
#4139=CARTESIAN_POINT('',(0.247532468,0.536476299,0.339725));
#4140=B_SPLINE_CURVE_WITH_KNOTS('',3,(#4124,#4125,#4126,#4127,#4128,#4129,#4130,#4131,#4132,#4133,#4134,#4135,#4136,#4137,#4138,#4139),.UNSPECIFIED.,.F.,.F.,(4,3,3,3,3,4),(0.,0.124998512,0.249997024,0.499994048,0.749991072,0.999988096),.UNSPECIFIED.);
#4141=EDGE_CURVE('NONE',#4055,#4123,#4140,.T.);
#4142=ORIENTED_EDGE('',*,*,#4141,.T.);
#4143=CARTESIAN_POINT('',(0.247532468,0.536476299,0.349725));
#4144=DIRECTION('',(0.,-0.,-1.));
#4145=VECTOR('',#4144,0.01);
#4146=LINE('',#4143,#4145);
#4147=EDGE_CURVE('NONE',#780,#4123,#4146,.T.);
#4148=ORIENTED_EDGE('',*,*,#4147,.F.);
#4149=ORIENTED_EDGE('',*,*,#798,.F.);
#4150=EDGE_LOOP('',(#4121,#4142,#4148,#4149));
#4151=FACE_BOUND('',#4150,.T.);
#4152=ADVANCED_FACE('NONE',(#4151),#4120,.F.);
#4153=CARTESIAN_POINT('',(0.137711039,0.395080195,0.339725));
#4154=CARTESIAN_POINT('',(0.137711039,0.395080195,0.349725));
#4155=CARTESIAN_POINT('',(0.141804657,0.395198969,0.339725));
#4156=CARTESIAN_POINT('',(0.141804657,0.395198969,0.349725));
#4157=CARTESIAN_POINT('',(0.149823728,0.395431638,0.339725));
#4158=CARTESIAN_POINT('',(0.149823728,0.395431638,0.349725));
#4159=CARTESIAN_POINT('',(0.161516664,0.397433862,0.339725));
#4160=CARTESIAN_POINT('',(0.161516664,0.397433862,0.349725));
#4161=CARTESIAN_POINT('',(0.172563871,0.400674963,0.339725));
#4162=CARTESIAN_POINT('',(0.172563871,0.400674963,0.349725));
#4163=CARTESIAN_POINT('',(0.182964076,0.405253252,0.339725));
#4164=CARTESIAN_POINT('',(0.182964076,0.405253252,0.349725));
#4165=CARTESIAN_POINT('',(0.192701503,0.41118143,0.339725));
#4166=CARTESIAN_POINT('',(0.192701503,0.41118143,0.349725));
#4167=CARTESIAN_POINT('',(0.201842856,0.418335898,0.339725));
#4168=CARTESIAN_POINT('',(0.201842856,0.418335898,0.349725));
#4169=CARTESIAN_POINT('',(0.210238649,0.426910591,0.339725));
#4170=CARTESIAN_POINT('',(0.210238649,0.426910591,0.349725));
#4171=CARTESIAN_POINT('',(0.217953415,0.436588862,0.339725));
#4172=CARTESIAN_POINT('',(0.217953415,0.436588862,0.349725));
#4173=CARTESIAN_POINT('',(0.224873763,0.447194122,0.339725));
#4174=CARTESIAN_POINT('',(0.224873763,0.447194122,0.349725));
#4175=CARTESIAN_POINT('',(0.230976743,0.458394735,0.339725));
#4176=CARTESIAN_POINT('',(0.230976743,0.458394735,0.349725));
#4177=CARTESIAN_POINT('',(0.236127524,0.470147865,0.339725));
#4178=CARTESIAN_POINT('',(0.236127524,0.470147865,0.349725));
#4179=CARTESIAN_POINT('',(0.240239065,0.482441707,0.339725));
#4180=CARTESIAN_POINT('',(0.240239065,0.482441707,0.349725));
#4181=CARTESIAN_POINT('',(0.243489272,0.495221014,0.339725));
#4182=CARTESIAN_POINT('',(0.243489272,0.495221014,0.349725));
#4183=CARTESIAN_POINT('',(0.24585858,0.508508786,0.339725));
#4184=CARTESIAN_POINT('',(0.24585858,0.508508786,0.349725));
#4185=CARTESIAN_POINT('',(0.247239007,0.522323567,0.339725));
#4186=CARTESIAN_POINT('',(0.247239007,0.522323567,0.349725));
#4187=CARTESIAN_POINT('',(0.247433665,0.531711331,0.339725));
#4188=CARTESIAN_POINT('',(0.247433665,0.531711331,0.349725));
#4189=CARTESIAN_POINT('',(0.247532468,0.536476299,0.339725));
#4190=CARTESIAN_POINT('',(0.247532468,0.536476299,0.349725));
#4191=B_SPLINE_SURFACE_WITH_KNOTS('',3,1,((#4153,#4154),(#4155,#4156),(#4157,#4158),(#4159,#4160),(#4161,#4162),(#4163,#4164),(#4165,#4166),(#4167,#4168),(#4169,#4170),(#4171,#4172),(#4173,#4174),(#4175,#4176),(#4177,#4178),(#4179,#4180),(#4181,#4182),(#4183,#4184),(#4185,#4186),(#4187,#4188),(#4189,#4190)),.UNSPECIFIED.,.F.,.F.,.U.,(4,1,1,1,1,1,1,1,1,1,1,1,1,1,1,1,4),(2,2),(0.,0.061412394,0.120301969,0.177486297,0.233857192,0.290345009,0.348193234,0.407640357,0.470053146,0.533697236,0.597486295,0.661321881,0.726051698,0.791851836,0.859091408,0.928478715,1.),(0.,1.),.UNSPECIFIED.);
#4192=ORIENTED_EDGE('',*,*,#4147,.T.);
#4193=CARTESIAN_POINT('',(0.137707029,0.395080329,0.339725));
#4194=VERTEX_POINT('',#4193);
#4195=CARTESIAN_POINT('',(0.247532468,0.536476299,0.339725));
#4196=CARTESIAN_POINT('',(0.247187106,0.51982053,0.339725));
#4197=CARTESIAN_POINT('',(0.245626216,0.503129665,0.339725));
#4198=CARTESIAN_POINT('',(0.241354496,0.487028228,0.339725));
#4199=CARTESIAN_POINT('',(0.237082775,0.470926791,0.339725));
#4200=CARTESIAN_POINT('',(0.230313097,0.455474941,0.339725));
#4201=CARTESIAN_POINT('',(0.221143896,0.441565321,0.339725));
#4202=CARTESIAN_POINT('',(0.211974696,0.427655701,0.339725));
#4203=CARTESIAN_POINT('',(0.200153184,0.415264266,0.339725));
#4204=CARTESIAN_POINT('',(0.185674514,0.40701555,0.339725));
#4205=CARTESIAN_POINT('',(0.178435178,0.402891192,0.339725));
#4206=CARTESIAN_POINT('',(0.170590041,0.399857633,0.339725));
#4207=CARTESIAN_POINT('',(0.162489147,0.397894621,0.339725));
#4208=CARTESIAN_POINT('',(0.154388252,0.395931609,0.339725));
#4209=CARTESIAN_POINT('',(0.14604327,0.39532195,0.339725));
#4210=CARTESIAN_POINT('',(0.137711039,0.395080195,0.339725));
#4211=B_SPLINE_CURVE_WITH_KNOTS('',3,(#4195,#4196,#4197,#4198,#4199,#4200,#4201,#4202,#4203,#4204,#4205,#4206,#4207,#4208,#4209,#4210),.UNSPECIFIED.,.F.,.F.,(4,3,3,3,3,4),(0.,0.25,0.5,0.75,0.875,1.),.UNSPECIFIED.);
#4212=EDGE_CURVE('NONE',#4123,#4194,#4211,.T.);
#4213=ORIENTED_EDGE('',*,*,#4212,.T.);
#4214=CARTESIAN_POINT('',(0.137711039,0.395080195,0.349725));
#4215=DIRECTION('',(0.,-0.,-1.));
#4216=VECTOR('',#4215,0.01);
#4217=LINE('',#4214,#4216);
#4218=EDGE_CURVE('NONE',#801,#4194,#4217,.T.);
#4219=ORIENTED_EDGE('',*,*,#4218,.F.);
#4220=ORIENTED_EDGE('',*,*,#819,.F.);
#4221=EDGE_LOOP('',(#4192,#4213,#4219,#4220));
#4222=FACE_BOUND('',#4221,.T.);
#4223=ADVANCED_FACE('NONE',(#4222),#4191,.F.);
#4224=CARTESIAN_POINT('',(0.034545455,0.509365909,0.339725));
#4225=CARTESIAN_POINT('',(0.034545455,0.509365909,0.349725));
#4226=CARTESIAN_POINT('',(0.034939897,0.505001666,0.339725));
#4227=CARTESIAN_POINT('',(0.034939897,0.505001666,0.349725));
#4228=CARTESIAN_POINT('',(0.035710471,0.49647578,0.339725));
#4229=CARTESIAN_POINT('',(0.035710471,0.49647578,0.349725));
#4230=CARTESIAN_POINT('',(0.03793549,0.484137945,0.339725));
#4231=CARTESIAN_POINT('',(0.03793549,0.484137945,0.349725));
#4232=CARTESIAN_POINT('',(0.040862709,0.472528618,0.339725));
#4233=CARTESIAN_POINT('',(0.040862709,0.472528618,0.349725));
#4234=CARTESIAN_POINT('',(0.044481747,0.461616713,0.339725));
#4235=CARTESIAN_POINT('',(0.044481747,0.461616713,0.349725));
#4236=CARTESIAN_POINT('',(0.048951182,0.451417602,0.339725));
#4237=CARTESIAN_POINT('',(0.048951182,0.451417602,0.349725));
#4238=CARTESIAN_POINT('',(0.054254345,0.441977307,0.339725));
#4239=CARTESIAN_POINT('',(0.054254345,0.441977307,0.349725));
#4240=CARTESIAN_POINT('',(0.06027105,0.433217831,0.339725));
#4241=CARTESIAN_POINT('',(0.06027105,0.433217831,0.349725));
#4242=CARTESIAN_POINT('',(0.067072973,0.42529871,0.339725));
#4243=CARTESIAN_POINT('',(0.067072973,0.42529871,0.349725));
#4244=CARTESIAN_POINT('',(0.074475577,0.418246259,0.339725));
#4245=CARTESIAN_POINT('',(0.074475577,0.418246259,0.349725));
#4246=CARTESIAN_POINT('',(0.082265416,0.412021518,0.339725));
#4247=CARTESIAN_POINT('',(0.082265416,0.412021518,0.349725));
#4248=CARTESIAN_POINT('',(0.09053234,0.406810529,0.339725));
#4249=CARTESIAN_POINT('',(0.09053234,0.406810529,0.349725));
#4250=CARTESIAN_POINT('',(0.099159054,0.402463863,0.339725));
#4251=CARTESIAN_POINT('',(0.099159054,0.402463863,0.349725));
#4252=CARTESIAN_POINT('',(0.108227905,0.399122386,0.339725));
#4253=CARTESIAN_POINT('',(0.108227905,0.399122386,0.349725));
#4254=CARTESIAN_POINT('',(0.117698663,0.396767927,0.339725));
#4255=CARTESIAN_POINT('',(0.117698663,0.396767927,0.349725));
#4256=CARTESIAN_POINT('',(0.127577338,0.395370398,0.339725));
#4257=CARTESIAN_POINT('',(0.127577338,0.395370398,0.349725));
#4258=CARTESIAN_POINT('',(0.134297469,0.395177951,0.339725));
#4259=CARTESIAN_POINT('',(0.134297469,0.395177951,0.349725));
#4260=CARTESIAN_POINT('',(0.137711039,0.395080195,0.339725));
#4261=CARTESIAN_POINT('',(0.137711039,0.395080195,0.349725));
#4262=B_SPLINE_SURFACE_WITH_KNOTS('',3,1,((#4224,#4225),(#4226,#4227),(#4228,#4229),(#4230,#4231),(#4232,#4233),(#4234,#4235),(#4236,#4237),(#4238,#4239),(#4240,#4241),(#4242,#4243),(#4244,#4245),(#4246,#4247),(#4248,#4249),(#4250,#4251),(#4252,#4253),(#4254,#4255),(#4256,#4257),(#4258,#4259),(#4260,#4261)),.UNSPECIFIED.,.F.,.F.,.U.,(4,1,1,1,1,1,1,1,1,1,1,1,1,1,1,1,4),(2,2),(0.,0.076892323,0.150215088,0.219791869,0.286928274,0.351790059,0.414944353,0.476733729,0.53803747,0.597832365,0.65598632,0.712776329,0.769063619,0.82526468,0.882054688,0.94008827,1.),(0.,1.),.UNSPECIFIED.);
#4263=ORIENTED_EDGE('',*,*,#4218,.T.);
#4264=CARTESIAN_POINT('',(0.034545455,0.509365909,0.339725));
#4265=VERTEX_POINT('',#4264);
#4266=CARTESIAN_POINT('',(0.137707028,0.39508031,0.339725));
#4267=CARTESIAN_POINT('',(0.130593313,0.395284028,0.339725));
#4268=CARTESIAN_POINT('',(0.123455017,0.395732475,0.339725));
#4269=CARTESIAN_POINT('',(0.116479761,0.397185572,0.339725));
#4270=CARTESIAN_POINT('',(0.109504504,0.398638669,0.339725));
#4271=CARTESIAN_POINT('',(0.102695616,0.400902515,0.339725));
#4272=CARTESIAN_POINT('',(0.096273101,0.403983721,0.339725));
#4273=CARTESIAN_POINT('',(0.083428071,0.410146133,0.339725));
#4274=CARTESIAN_POINT('',(0.072066183,0.419276601,0.339725));
#4275=CARTESIAN_POINT('',(0.062927656,0.430208411,0.339725));
#4276=CARTESIAN_POINT('',(0.05378913,0.441140221,0.339725));
#4277=CARTESIAN_POINT('',(0.04703764,0.453975313,0.339725));
#4278=CARTESIAN_POINT('',(0.042571009,0.467502795,0.339725));
#4279=CARTESIAN_POINT('',(0.038104378,0.481030276,0.339725));
#4280=CARTESIAN_POINT('',(0.035827905,0.495176446,0.339725));
#4281=CARTESIAN_POINT('',(0.034545455,0.509365909,0.339725));
#4282=B_SPLINE_CURVE_WITH_KNOTS('',3,(#4266,#4267,#4268,#4269,#4270,#4271,#4272,#4273,#4274,#4275,#4276,#4277,#4278,#4279,#4280,#4281),.UNSPECIFIED.,.F.,.F.,(4,3,3,3,3,4),(0.,0.124997067,0.249994134,0.499988268,0.749982403,0.999976537),.UNSPECIFIED.);
#4283=EDGE_CURVE('NONE',#4194,#4265,#4282,.T.);
#4284=ORIENTED_EDGE('',*,*,#4283,.T.);
#4285=CARTESIAN_POINT('',(0.034545455,0.509365909,0.349725));
#4286=DIRECTION('',(-0.,-0.,-1.));
#4287=VECTOR('',#4286,0.01);
#4288=LINE('',#4285,#4287);
#4289=EDGE_CURVE('NONE',#617,#4265,#4288,.T.);
#4290=ORIENTED_EDGE('',*,*,#4289,.F.);
#4291=ORIENTED_EDGE('',*,*,#838,.F.);
#4292=EDGE_LOOP('',(#4263,#4284,#4290,#4291));
#4293=FACE_BOUND('',#4292,.T.);
#4294=ADVANCED_FACE('NONE',(#4293),#4262,.F.);
#4295=CARTESIAN_POINT('',(0.034545455,0.509365909,0.349725));
#4296=DIRECTION('',(0.124034735,-0.992277877,0.));
#4297=DIRECTION('',(0.992277877,0.124034735,-0.));
#4298=AXIS2_PLACEMENT_3D('',#4295,#4296,#4297);
#4299=PLANE('',#4298);
#4300=ORIENTED_EDGE('',*,*,#624,.F.);
#4301=ORIENTED_EDGE('',*,*,#4289,.T.);
#4302=CARTESIAN_POINT('',(0.034545455,0.509365909,0.339725));
#4303=DIRECTION('',(0.992277877,0.124034735,-0.));
#4304=VECTOR('',#4303,0.041881858);
#4305=LINE('',#4302,#4304);
#4306=EDGE_CURVE('NONE',#4265,#3656,#4305,.T.);
#4307=ORIENTED_EDGE('',*,*,#4306,.T.);
#4308=ORIENTED_EDGE('',*,*,#3661,.F.);
#4309=EDGE_LOOP('',(#4300,#4301,#4307,#4308));
#4310=FACE_BOUND('',#4309,.T.);
#4311=ADVANCED_FACE('NONE',(#4310),#4299,.T.);
#4312=CARTESIAN_POINT('',(-0.95,-0.399725,0.339725));
#4313=DIRECTION('',(0.,0.,1.));
#4314=DIRECTION('',(0.,-1.,0.));
#4315=AXIS2_PLACEMENT_3D('',#4312,#4313,#4314);
#4316=PLANE('',#4315);
#4317=ORIENTED_EDGE('',*,*,#4283,.F.);
#4318=ORIENTED_EDGE('',*,*,#4212,.F.);
#4319=ORIENTED_EDGE('',*,*,#4141,.F.);
#4320=ORIENTED_EDGE('',*,*,#4070,.F.);
#4321=ORIENTED_EDGE('',*,*,#4026,.F.);
#4322=ORIENTED_EDGE('',*,*,#4002,.F.);
#4323=ORIENTED_EDGE('',*,*,#3978,.F.);
#4324=ORIENTED_EDGE('',*,*,#3954,.F.);
#4325=ORIENTED_EDGE('',*,*,#3930,.F.);
#4326=ORIENTED_EDGE('',*,*,#3906,.F.);
#4327=ORIENTED_EDGE('',*,*,#3882,.F.);
#4328=ORIENTED_EDGE('',*,*,#3827,.F.);
#4329=ORIENTED_EDGE('',*,*,#3756,.F.);
#4330=ORIENTED_EDGE('',*,*,#3682,.F.);
#4331=ORIENTED_EDGE('',*,*,#4306,.F.);
#4332=EDGE_LOOP('',(#4317,#4318,#4319,#4320,#4321,#4322,#4323,#4324,#4325,#4326,#4327,#4328,#4329,#4330,#4331));
#4333=FACE_BOUND('',#4332,.T.);
#4334=ADVANCED_FACE('NONE',(#4333),#4316,.T.);
#4335=OVER_RIDING_STYLED_ITEM('',(#95),#4334,#54);
#4336=CARTESIAN_POINT('',(-0.068311688,0.400275,0.349725));
#4337=DIRECTION('',(0.,1.,-0.));
#4338=DIRECTION('',(-1.,0.,0.));
#4339=AXIS2_PLACEMENT_3D('',#4336,#4337,#4338);
#4340=PLANE('',#4339);
#4341=CARTESIAN_POINT('',(-0.068311688,0.400275,0.339725));
#4342=VERTEX_POINT('',#4341);
#4343=CARTESIAN_POINT('',(-0.068311688,0.400275,0.349725));
#4344=DIRECTION('',(-0.,-0.,-1.));
#4345=VECTOR('',#4344,0.01);
#4346=LINE('',#4343,#4345);
#4347=EDGE_CURVE('NONE',#1180,#4342,#4346,.T.);
#4348=ORIENTED_EDGE('',*,*,#4347,.T.);
#4349=CARTESIAN_POINT('',(-0.281298701,0.400275,0.339725));
#4350=VERTEX_POINT('',#4349);
#4351=CARTESIAN_POINT('',(-0.068311688,0.400275,0.339725));
#4352=DIRECTION('',(-1.,0.,0.));
#4353=VECTOR('',#4352,0.212987013);
#4354=LINE('',#4351,#4353);
#4355=EDGE_CURVE('NONE',#4342,#4350,#4354,.T.);
#4356=ORIENTED_EDGE('',*,*,#4355,.T.);
#4357=CARTESIAN_POINT('',(-0.281298701,0.400275,0.349725));
#4358=DIRECTION('',(-0.,-0.,-1.));
#4359=VECTOR('',#4358,0.01);
#4360=LINE('',#4357,#4359);
#4361=EDGE_CURVE('NONE',#1182,#4350,#4360,.T.);
#4362=ORIENTED_EDGE('',*,*,#4361,.F.);
#4363=ORIENTED_EDGE('',*,*,#1187,.F.);
#4364=EDGE_LOOP('',(#4348,#4356,#4362,#4363));
#4365=FACE_BOUND('',#4364,.T.);
#4366=ADVANCED_FACE('NONE',(#4365),#4340,.T.);
#4367=CARTESIAN_POINT('',(-0.199318182,0.548732792,0.339725));
#4368=CARTESIAN_POINT('',(-0.199318182,0.548732792,0.349725));
#4369=CARTESIAN_POINT('',(-0.203129667,0.544777693,0.339725));
#4370=CARTESIAN_POINT('',(-0.203129667,0.544777693,0.349725));
#4371=CARTESIAN_POINT('',(-0.210530619,0.537097879,0.339725));
#4372=CARTESIAN_POINT('',(-0.210530619,0.537097879,0.349725));
#4373=CARTESIAN_POINT('',(-0.220925183,0.525542496,0.339725));
#4374=CARTESIAN_POINT('',(-0.220925183,0.525542496,0.349725));
#4375=CARTESIAN_POINT('',(-0.230404381,0.514429227,0.339725));
#4376=CARTESIAN_POINT('',(-0.230404381,0.514429227,0.349725));
#4377=CARTESIAN_POINT('',(-0.239103495,0.503781221,0.339725));
#4378=CARTESIAN_POINT('',(-0.239103495,0.503781221,0.349725));
#4379=CARTESIAN_POINT('',(-0.246764325,0.493440407,0.339725));
#4380=CARTESIAN_POINT('',(-0.246764325,0.493440407,0.349725));
#4381=CARTESIAN_POINT('',(-0.253536699,0.483504857,0.339725));
#4382=CARTESIAN_POINT('',(-0.253536699,0.483504857,0.349725));
#4383=CARTESIAN_POINT('',(-0.259429574,0.474035141,0.339725));
#4384=CARTESIAN_POINT('',(-0.259429574,0.474035141,0.349725));
#4385=CARTESIAN_POINT('',(-0.264312995,0.464861394,0.339725));
#4386=CARTESIAN_POINT('',(-0.264312995,0.464861394,0.349725));
#4387=CARTESIAN_POINT('',(-0.268492038,0.456021996,0.339725));
#4388=CARTESIAN_POINT('',(-0.268492038,0.456021996,0.349725));
#4389=CARTESIAN_POINT('',(-0.272061097,0.447432159,0.339725));
#4390=CARTESIAN_POINT('',(-0.272061097,0.447432159,0.349725));
#4391=CARTESIAN_POINT('',(-0.275085949,0.439041011,0.339725));
#4392=CARTESIAN_POINT('',(-0.275085949,0.439041011,0.349725));
#4393=CARTESIAN_POINT('',(-0.277556859,0.430869442,0.339725));
#4394=CARTESIAN_POINT('',(-0.277556859,0.430869442,0.349725));
#4395=CARTESIAN_POINT('',(-0.279299524,0.422877747,0.339725));
#4396=CARTESIAN_POINT('',(-0.279299524,0.422877747,0.349725));
#4397=CARTESIAN_POINT('',(-0.280664289,0.415171035,0.339725));
#4398=CARTESIAN_POINT('',(-0.280664289,0.415171035,0.349725));
#4399=CARTESIAN_POINT('',(-0.281328542,0.407646496,0.339725));
#4400=CARTESIAN_POINT('',(-0.281328542,0.407646496,0.349725));
#4401=CARTESIAN_POINT('',(-0.281308563,0.40271104,0.339725));
#4402=CARTESIAN_POINT('',(-0.281308563,0.40271104,0.349725));
#4403=CARTESIAN_POINT('',(-0.281298701,0.400275,0.339725));
#4404=CARTESIAN_POINT('',(-0.281298701,0.400275,0.349725));
#4405=B_SPLINE_SURFACE_WITH_KNOTS('',3,1,((#4367,#4368),(#4369,#4370),(#4371,#4372),(#4373,#4374),(#4375,#4376),(#4377,#4378),(#4379,#4380),(#4381,#4382),(#4383,#4384),(#4385,#4386),(#4387,#4388),(#4389,#4390),(#4391,#4392),(#4393,#4394),(#4395,#4396),(#4397,#4398),(#4399,#4400),(#4401,#4402),(#4403,#4404)),.UNSPECIFIED.,.F.,.F.,.U.,(4,1,1,1,1,1,1,1,1,1,1,1,1,1,1,1,4),(2,2),(0.,0.094754085,0.183988773,0.268082341,0.346739478,0.421143376,0.490018285,0.554142546,0.613449754,0.669198845,0.7227696,0.773854677,0.823034046,0.869915864,0.91488342,0.957988207,1.),(0.,1.),.UNSPECIFIED.);
#4406=ORIENTED_EDGE('',*,*,#4361,.T.);
#4407=CARTESIAN_POINT('',(-0.199317718,0.548733272,0.339725));
#4408=VERTEX_POINT('',#4407);
#4409=CARTESIAN_POINT('',(-0.281298701,0.400275,0.339725));
#4410=CARTESIAN_POINT('',(-0.281416066,0.429267333,0.339725));
#4411=CARTESIAN_POINT('',(-0.270207751,0.457367451,0.339725));
#4412=CARTESIAN_POINT('',(-0.254562055,0.481771186,0.339725));
#4413=CARTESIAN_POINT('',(-0.23891636,0.50617492,0.339725));
#4414=CARTESIAN_POINT('',(-0.219430691,0.527862457,0.339725));
#4415=CARTESIAN_POINT('',(-0.199318182,0.548732792,0.339725));
#4416=B_SPLINE_CURVE_WITH_KNOTS('',3,(#4409,#4410,#4411,#4412,#4413,#4414,#4415),.UNSPECIFIED.,.F.,.F.,(4,3,4),(0.,0.5,1.),.UNSPECIFIED.);
#4417=EDGE_CURVE('NONE',#4350,#4408,#4416,.T.);
#4418=ORIENTED_EDGE('',*,*,#4417,.T.);
#4419=CARTESIAN_POINT('',(-0.199318182,0.548732792,0.349725));
#4420=DIRECTION('',(0.,-0.,-1.));
#4421=VECTOR('',#4420,0.01);
#4422=LINE('',#4419,#4421);
#4423=EDGE_CURVE('NONE',#1190,#4408,#4422,.T.);
#4424=ORIENTED_EDGE('',*,*,#4423,.F.);
#4425=ORIENTED_EDGE('',*,*,#1199,.F.);
#4426=EDGE_LOOP('',(#4406,#4418,#4424,#4425));
#4427=FACE_BOUND('',#4426,.T.);
#4428=ADVANCED_FACE('NONE',(#4427),#4405,.F.);
#4429=CARTESIAN_POINT('',(-0.10987013,0.694187338,0.339725));
#4430=CARTESIAN_POINT('',(-0.10987013,0.694187338,0.349725));
#4431=CARTESIAN_POINT('',(-0.110078017,0.689623676,0.339725));
#4432=CARTESIAN_POINT('',(-0.110078017,0.689623676,0.349725));
#4433=CARTESIAN_POINT('',(-0.110506173,0.680224533,0.339725));
#4434=CARTESIAN_POINT('',(-0.110506173,0.680224533,0.349725));
#4435=CARTESIAN_POINT('',(-0.114018673,0.665967826,0.339725));
#4436=CARTESIAN_POINT('',(-0.114018673,0.665967826,0.349725));
#4437=CARTESIAN_POINT('',(-0.119454903,0.651220053,0.339725));
#4438=CARTESIAN_POINT('',(-0.119454903,0.651220053,0.349725));
#4439=CARTESIAN_POINT('',(-0.12560409,0.63856817,0.339725));
#4440=CARTESIAN_POINT('',(-0.12560409,0.63856817,0.349725));
#4441=CARTESIAN_POINT('',(-0.132054119,0.627940658,0.339725));
#4442=CARTESIAN_POINT('',(-0.132054119,0.627940658,0.349725));
#4443=CARTESIAN_POINT('',(-0.138027941,0.618908602,0.339725));
#4444=CARTESIAN_POINT('',(-0.138027941,0.618908602,0.349725));
#4445=CARTESIAN_POINT('',(-0.145414468,0.609226328,0.339725));
#4446=CARTESIAN_POINT('',(-0.145414468,0.609226328,0.349725));
#4447=CARTESIAN_POINT('',(-0.153860697,0.598674103,0.339725));
#4448=CARTESIAN_POINT('',(-0.153860697,0.598674103,0.349725));
#4449=CARTESIAN_POINT('',(-0.163451606,0.587267013,0.339725));
#4450=CARTESIAN_POINT('',(-0.163451606,0.587267013,0.349725));
#4451=CARTESIAN_POINT('',(-0.17435747,0.575160421,0.339725));
#4452=CARTESIAN_POINT('',(-0.17435747,0.575160421,0.349725));
#4453=CARTESIAN_POINT('',(-0.186360397,0.562135404,0.339725));
#4454=CARTESIAN_POINT('',(-0.186360397,0.562135404,0.349725));
#4455=CARTESIAN_POINT('',(-0.194888809,0.55331422,0.339725));
#4456=CARTESIAN_POINT('',(-0.194888809,0.55331422,0.349725));
#4457=CARTESIAN_POINT('',(-0.199318182,0.548732792,0.339725));
#4458=CARTESIAN_POINT('',(-0.199318182,0.548732792,0.349725));
#4459=B_SPLINE_SURFACE_WITH_KNOTS('',3,1,((#4429,#4430),(#4431,#4432),(#4433,#4434),(#4435,#4436),(#4437,#4438),(#4439,#4440),(#4441,#4442),(#4443,#4444),(#4445,#4446),(#4447,#4448),(#4449,#4450),(#4451,#4452),(#4453,#4454),(#4455,#4456),(#4457,#4458)),.UNSPECIFIED.,.F.,.F.,.U.,(4,1,1,1,1,1,1,1,1,1,1,1,4),(2,2),(0.,0.078256188,0.16117345,0.250647991,0.347853249,0.402013728,0.463970167,0.533633509,0.610951101,0.695984778,0.789397175,0.890619926,1.),(0.,1.),.UNSPECIFIED.);
#4460=ORIENTED_EDGE('',*,*,#4423,.T.);
#4461=CARTESIAN_POINT('',(-0.109870197,0.694191364,0.339725));
#4462=VERTEX_POINT('',#4461);
#4463=CARTESIAN_POINT('',(-0.199317718,0.548733272,0.339725));
#4464=CARTESIAN_POINT('',(-0.179072218,0.569673777,0.339725));
#4465=CARTESIAN_POINT('',(-0.159140616,0.59101399,0.339725));
#4466=CARTESIAN_POINT('',(-0.141594819,0.61427019,0.339725));
#4467=CARTESIAN_POINT('',(-0.13282192,0.625898289,0.339725));
#4468=CARTESIAN_POINT('',(-0.125160007,0.638420957,0.339725));
#4469=CARTESIAN_POINT('',(-0.119485057,0.651840372,0.339725));
#4470=CARTESIAN_POINT('',(-0.116647582,0.65855008,0.339725));
#4471=CARTESIAN_POINT('',(-0.114220413,0.665448079,0.339725));
#4472=CARTESIAN_POINT('',(-0.112490185,0.672534014,0.339725));
#4473=CARTESIAN_POINT('',(-0.110759957,0.679619949,0.339725));
#4474=CARTESIAN_POINT('',(-0.110202192,0.68689772,0.339725));
#4475=CARTESIAN_POINT('',(-0.10987013,0.694187338,0.339725));
#4476=B_SPLINE_CURVE_WITH_KNOTS('',3,(#4463,#4464,#4465,#4466,#4467,#4468,#4469,#4470,#4471,#4472,#4473,#4474,#4475),.UNSPECIFIED.,.F.,.F.,(4,3,3,3,4),(0.,0.49999809,0.749997135,0.874996658,0.99999618),.UNSPECIFIED.);
#4477=EDGE_CURVE('NONE',#4408,#4462,#4476,.T.);
#4478=ORIENTED_EDGE('',*,*,#4477,.T.);
#4479=CARTESIAN_POINT('',(-0.10987013,0.694187338,0.349725));
#4480=DIRECTION('',(0.,-0.,-1.));
#4481=VECTOR('',#4480,0.01);
#4482=LINE('',#4479,#4481);
#4483=EDGE_CURVE('NONE',#1202,#4462,#4482,.T.);
#4484=ORIENTED_EDGE('',*,*,#4483,.F.);
#4485=ORIENTED_EDGE('',*,*,#1217,.F.);
#4486=EDGE_LOOP('',(#4460,#4478,#4484,#4485));
#4487=FACE_BOUND('',#4486,.T.);
#4488=ADVANCED_FACE('NONE',(#4487),#4459,.F.);
#4489=CARTESIAN_POINT('',(-0.171152597,0.763911364,0.339725));
#4490=CARTESIAN_POINT('',(-0.171152597,0.763911364,0.349725));
#4491=CARTESIAN_POINT('',(-0.169039535,0.763843004,0.339725));
#4492=CARTESIAN_POINT('',(-0.169039535,0.763843004,0.349725));
#4493=CARTESIAN_POINT('',(-0.164875639,0.763708297,0.339725));
#4494=CARTESIAN_POINT('',(-0.164875639,0.763708297,0.349725));
#4495=CARTESIAN_POINT('',(-0.158743307,0.762819325,0.339725));
#4496=CARTESIAN_POINT('',(-0.158743307,0.762819325,0.349725));
#4497=CARTESIAN_POINT('',(-0.152882749,0.761242703,0.339725));
#4498=CARTESIAN_POINT('',(-0.152882749,0.761242703,0.349725));
#4499=CARTESIAN_POINT('',(-0.147239743,0.759174347,0.339725));
#4500=CARTESIAN_POINT('',(-0.147239743,0.759174347,0.349725));
#4501=CARTESIAN_POINT('',(-0.141933115,0.756320414,0.339725));
#4502=CARTESIAN_POINT('',(-0.141933115,0.756320414,0.349725));
#4503=CARTESIAN_POINT('',(-0.136783546,0.753041991,0.339725));
#4504=CARTESIAN_POINT('',(-0.136783546,0.753041991,0.349725));
#4505=CARTESIAN_POINT('',(-0.132002682,0.748991323,0.339725));
#4506=CARTESIAN_POINT('',(-0.132002682,0.748991323,0.349725));
#4507=CARTESIAN_POINT('',(-0.127466155,0.744482437,0.339725));
#4508=CARTESIAN_POINT('',(-0.127466155,0.744482437,0.349725));
#4509=CARTESIAN_POINT('',(-0.123352407,0.739484364,0.339725));
#4510=CARTESIAN_POINT('',(-0.123352407,0.739484364,0.349725));
#4511=CARTESIAN_POINT('',(-0.1197475,0.734066363,0.339725));
#4512=CARTESIAN_POINT('',(-0.1197475,0.734066363,0.349725));
#4513=CARTESIAN_POINT('',(-0.116669954,0.728307999,0.339725));
#4514=CARTESIAN_POINT('',(-0.116669954,0.728307999,0.349725));
#4515=CARTESIAN_POINT('',(-0.114101413,0.722183191,0.339725));
#4516=CARTESIAN_POINT('',(-0.114101413,0.722183191,0.349725));
#4517=CARTESIAN_POINT('',(-0.112289883,0.715649446,0.339725));
#4518=CARTESIAN_POINT('',(-0.112289883,0.715649446,0.349725));
#4519=CARTESIAN_POINT('',(-0.110917819,0.708814082,0.339725));
#4520=CARTESIAN_POINT('',(-0.110917819,0.708814082,0.349725));
#4521=CARTESIAN_POINT('',(-0.109955732,0.701627698,0.339725));
#4522=CARTESIAN_POINT('',(-0.109955732,0.701627698,0.349725));
#4523=CARTESIAN_POINT('',(-0.109899117,0.696706842,0.339725));
#4524=CARTESIAN_POINT('',(-0.109899117,0.696706842,0.349725));
#4525=CARTESIAN_POINT('',(-0.10987013,0.694187338,0.339725));
#4526=CARTESIAN_POINT('',(-0.10987013,0.694187338,0.349725));
#4527=B_SPLINE_SURFACE_WITH_KNOTS('',3,1,((#4489,#4490),(#4491,#4492),(#4493,#4494),(#4495,#4496),(#4497,#4498),(#4499,#4500),(#4501,#4502),(#4503,#4504),(#4505,#4506),(#4507,#4508),(#4509,#4510),(#4511,#4512),(#4513,#4514),(#4515,#4516),(#4517,#4518),(#4519,#4520),(#4521,#4522),(#4523,#4524),(#4525,#4526)),.UNSPECIFIED.,.F.,.F.,.U.,(4,1,1,1,1,1,1,1,1,1,1,1,1,1,1,1,4),(2,2),(0.,0.061090075,0.120381045,0.178625759,0.236300467,0.293677388,0.352470976,0.412459511,0.474404869,0.537198732,0.599242776,0.662231199,0.72570823,0.790817229,0.857852234,0.927219584,1.),(0.,1.),.UNSPECIFIED.);
#4528=ORIENTED_EDGE('',*,*,#4483,.T.);
#4529=CARTESIAN_POINT('',(-0.171156981,0.763911255,0.339725));
#4530=VERTEX_POINT('',#4529);
#4531=CARTESIAN_POINT('',(-0.109870176,0.694191364,0.339725));
#4532=CARTESIAN_POINT('',(-0.109969587,0.702832007,0.339725));
#4533=CARTESIAN_POINT('',(-0.111000054,0.711503359,0.339725));
#4534=CARTESIAN_POINT('',(-0.11347944,0.719791187,0.339725));
#4535=CARTESIAN_POINT('',(-0.115958827,0.728079016,0.339725));
#4536=CARTESIAN_POINT('',(-0.120257624,0.735801087,0.339725));
#4537=CARTESIAN_POINT('',(-0.125816414,0.742430556,0.339725));
#4538=CARTESIAN_POINT('',(-0.131375205,0.749060025,0.339725));
#4539=CARTESIAN_POINT('',(-0.13823296,0.754641531,0.339725));
#4540=CARTESIAN_POINT('',(-0.146002337,0.758437353,0.339725));
#4541=CARTESIAN_POINT('',(-0.149887026,0.760335264,0.339725));
#4542=CARTESIAN_POINT('',(-0.154037652,0.761679791,0.339725));
#4543=CARTESIAN_POINT('',(-0.158264697,0.762594582,0.339725));
#4544=CARTESIAN_POINT('',(-0.162491742,0.763509373,0.339725));
#4545=CARTESIAN_POINT('',(-0.166828935,0.763771488,0.339725));
#4546=CARTESIAN_POINT('',(-0.171152597,0.763911364,0.339725));
#4547=B_SPLINE_CURVE_WITH_KNOTS('',3,(#4531,#4532,#4533,#4534,#4535,#4536,#4537,#4538,#4539,#4540,#4541,#4542,#4543,#4544,#4545,#4546),.UNSPECIFIED.,.F.,.F.,(4,3,3,3,3,4),(0.,0.249990308,0.499980616,0.749970923,0.874966077,0.999961231),.UNSPECIFIED.);
#4548=EDGE_CURVE('NONE',#4462,#4530,#4547,.T.);
#4549=ORIENTED_EDGE('',*,*,#4548,.T.);
#4550=CARTESIAN_POINT('',(-0.171152597,0.763911364,0.349725));
#4551=DIRECTION('',(0.,-0.,-1.));
#4552=VECTOR('',#4551,0.01);
#4553=LINE('',#4550,#4552);
#4554=EDGE_CURVE('NONE',#1220,#4530,#4553,.T.);
#4555=ORIENTED_EDGE('',*,*,#4554,.F.);
#4556=ORIENTED_EDGE('',*,*,#1238,.F.);
#4557=EDGE_LOOP('',(#4528,#4549,#4555,#4556));
#4558=FACE_BOUND('',#4557,.T.);
#4559=ADVANCED_FACE('NONE',(#4558),#4527,.F.);
#4560=CARTESIAN_POINT('',(-0.234545455,0.680794481,0.339725));
#4561=CARTESIAN_POINT('',(-0.234545455,0.680794481,0.349725));
#4562=CARTESIAN_POINT('',(-0.234517643,0.684043971,0.339725));
#4563=CARTESIAN_POINT('',(-0.234517643,0.684043971,0.349725));
#4564=CARTESIAN_POINT('',(-0.234463526,0.690366902,0.339725));
#4565=CARTESIAN_POINT('',(-0.234463526,0.690366902,0.349725));
#4566=CARTESIAN_POINT('',(-0.233499909,0.699550608,0.339725));
#4567=CARTESIAN_POINT('',(-0.233499909,0.699550608,0.349725));
#4568=CARTESIAN_POINT('',(-0.232185915,0.708162155,0.339725));
#4569=CARTESIAN_POINT('',(-0.232185915,0.708162155,0.349725));
#4570=CARTESIAN_POINT('',(-0.230220094,0.716199444,0.339725));
#4571=CARTESIAN_POINT('',(-0.230220094,0.716199444,0.349725));
#4572=CARTESIAN_POINT('',(-0.227709972,0.723632163,0.339725));
#4573=CARTESIAN_POINT('',(-0.227709972,0.723632163,0.349725));
#4574=CARTESIAN_POINT('',(-0.224757888,0.730546952,0.339725));
#4575=CARTESIAN_POINT('',(-0.224757888,0.730546952,0.349725));
#4576=CARTESIAN_POINT('',(-0.221009011,0.736730595,0.339725));
#4577=CARTESIAN_POINT('',(-0.221009011,0.736730595,0.349725));
#4578=CARTESIAN_POINT('',(-0.216925919,0.742445028,0.339725));
#4579=CARTESIAN_POINT('',(-0.216925919,0.742445028,0.349725));
#4580=CARTESIAN_POINT('',(-0.21226819,0.747456297,0.339725));
#4581=CARTESIAN_POINT('',(-0.21226819,0.747456297,0.349725));
#4582=CARTESIAN_POINT('',(-0.207340376,0.75186328,0.339725));
#4583=CARTESIAN_POINT('',(-0.207340376,0.75186328,0.349725));
#4584=CARTESIAN_POINT('',(-0.20204321,0.755572477,0.339725));
#4585=CARTESIAN_POINT('',(-0.20204321,0.755572477,0.349725));
#4586=CARTESIAN_POINT('',(-0.196480376,0.758653997,0.339725));
#4587=CARTESIAN_POINT('',(-0.196480376,0.758653997,0.349725));
#4588=CARTESIAN_POINT('',(-0.190571739,0.76105967,0.339725));
#4589=CARTESIAN_POINT('',(-0.190571739,0.76105967,0.349725));
#4590=CARTESIAN_POINT('',(-0.184360518,0.762610804,0.339725));
#4591=CARTESIAN_POINT('',(-0.184360518,0.762610804,0.349725));
#4592=CARTESIAN_POINT('',(-0.177878232,0.763770268,0.339725));
#4593=CARTESIAN_POINT('',(-0.177878232,0.763770268,0.349725));
#4594=CARTESIAN_POINT('',(-0.173430894,0.763863568,0.339725));
#4595=CARTESIAN_POINT('',(-0.173430894,0.763863568,0.349725));
#4596=CARTESIAN_POINT('',(-0.171152597,0.763911364,0.339725));
#4597=CARTESIAN_POINT('',(-0.171152597,0.763911364,0.349725));
#4598=B_SPLINE_SURFACE_WITH_KNOTS('',3,1,((#4560,#4561),(#4562,#4563),(#4564,#4565),(#4566,#4567),(#4568,#4569),(#4570,#4571),(#4572,#4573),(#4574,#4575),(#4576,#4577),(#4578,#4579),(#4580,#4581),(#4582,#4583),(#4584,#4585),(#4586,#4587),(#4588,#4589),(#4590,#4591),(#4592,#4593),(#4594,#4595),(#4596,#4597)),.UNSPECIFIED.,.F.,.F.,.U.,(4,1,1,1,1,1,1,1,1,1,1,1,1,1,1,1,4),(2,2),(0.,0.082859542,0.161229942,0.235334697,0.304981229,0.371995344,0.435354672,0.496322503,0.556106534,0.614241923,0.670477547,0.724482899,0.778857552,0.832437728,0.886685168,0.941950734,1.),(0.,1.),.UNSPECIFIED.);
#4599=ORIENTED_EDGE('',*,*,#4554,.T.);
#4600=CARTESIAN_POINT('',(-0.234545455,0.680794481,0.339725));
#4601=VERTEX_POINT('',#4600);
#4602=CARTESIAN_POINT('',(-0.171156981,0.763911272,0.339725));
#4603=CARTESIAN_POINT('',(-0.180950009,0.763705826,0.339725));
#4604=CARTESIAN_POINT('',(-0.19084402,0.761759904,0.339725));
#4605=CARTESIAN_POINT('',(-0.199411863,0.756995776,0.339725));
#4606=CARTESIAN_POINT('',(-0.207979705,0.752231647,0.339725));
#4607=CARTESIAN_POINT('',(-0.215230269,0.745244217,0.339725));
#4608=CARTESIAN_POINT('',(-0.22066989,0.737080637,0.339725));
#4609=CARTESIAN_POINT('',(-0.22610951,0.728917058,0.339725));
#4610=CARTESIAN_POINT('',(-0.229583821,0.719574957,0.339725));
#4611=CARTESIAN_POINT('',(-0.23167628,0.709999021,0.339725));
#4612=CARTESIAN_POINT('',(-0.233768739,0.700423084,0.339725));
#4613=CARTESIAN_POINT('',(-0.234461542,0.690598693,0.339725));
#4614=CARTESIAN_POINT('',(-0.234545455,0.680794481,0.339725));
#4615=B_SPLINE_CURVE_WITH_KNOTS('',3,(#4602,#4603,#4604,#4605,#4606,#4607,#4608,#4609,#4610,#4611,#4612,#4613,#4614),.UNSPECIFIED.,.F.,.F.,(4,3,3,3,4),(0.,0.249990692,0.499981384,0.749972076,0.999962768),.UNSPECIFIED.);
#4616=EDGE_CURVE('NONE',#4530,#4601,#4615,.T.);
#4617=ORIENTED_EDGE('',*,*,#4616,.T.);
#4618=CARTESIAN_POINT('',(-0.234545455,0.680794481,0.349725));
#4619=DIRECTION('',(-0.,-0.,-1.));
#4620=VECTOR('',#4619,0.01);
#4621=LINE('',#4618,#4620);
#4622=EDGE_CURVE('NONE',#1241,#4601,#4621,.T.);
#4623=ORIENTED_EDGE('',*,*,#4622,.F.);
#4624=ORIENTED_EDGE('',*,*,#1256,.F.);
#4625=EDGE_LOOP('',(#4599,#4617,#4623,#4624));
#4626=FACE_BOUND('',#4625,.T.);
#4627=ADVANCED_FACE('NONE',(#4626),#4598,.F.);
#4628=CARTESIAN_POINT('',(-0.234545455,0.680794481,0.349725));
#4629=DIRECTION('',(0.124034735,0.992277877,-0.));
#4630=DIRECTION('',(-0.992277877,0.124034735,-0.));
#4631=AXIS2_PLACEMENT_3D('',#4628,#4629,#4630);
#4632=PLANE('',#4631);
#4633=ORIENTED_EDGE('',*,*,#4622,.T.);
#4634=CARTESIAN_POINT('',(-0.276103896,0.685989286,0.339725));
#4635=VERTEX_POINT('',#4634);
#4636=CARTESIAN_POINT('',(-0.234545455,0.680794481,0.339725));
#4637=DIRECTION('',(-0.992277877,0.124034735,-0.));
#4638=VECTOR('',#4637,0.041881858);
#4639=LINE('',#4636,#4638);
#4640=EDGE_CURVE('NONE',#4601,#4635,#4639,.T.);
#4641=ORIENTED_EDGE('',*,*,#4640,.T.);
#4642=CARTESIAN_POINT('',(-0.276103896,0.685989286,0.349725));
#4643=DIRECTION('',(-0.,-0.,-1.));
#4644=VECTOR('',#4643,0.01);
#4645=LINE('',#4642,#4644);
#4646=EDGE_CURVE('NONE',#1259,#4635,#4645,.T.);
#4647=ORIENTED_EDGE('',*,*,#4646,.F.);
#4648=ORIENTED_EDGE('',*,*,#1264,.F.);
#4649=EDGE_LOOP('',(#4633,#4641,#4647,#4648));
#4650=FACE_BOUND('',#4649,.T.);
#4651=ADVANCED_FACE('NONE',(#4650),#4632,.T.);
#4652=CARTESIAN_POINT('',(-0.16961039,0.805469805,0.339725));
#4653=CARTESIAN_POINT('',(-0.16961039,0.805469805,0.349725));
#4654=CARTESIAN_POINT('',(-0.173348239,0.805373229,0.339725));
#4655=CARTESIAN_POINT('',(-0.173348239,0.805373229,0.349725));
#4656=CARTESIAN_POINT('',(-0.180660713,0.805184294,0.339725));
#4657=CARTESIAN_POINT('',(-0.180660713,0.805184294,0.349725));
#4658=CARTESIAN_POINT('',(-0.191376412,0.803792044,0.339725));
#4659=CARTESIAN_POINT('',(-0.191376412,0.803792044,0.349725));
#4660=CARTESIAN_POINT('',(-0.201512454,0.801442048,0.339725));
#4661=CARTESIAN_POINT('',(-0.201512454,0.801442048,0.349725));
#4662=CARTESIAN_POINT('',(-0.21115128,0.798204146,0.339725));
#4663=CARTESIAN_POINT('',(-0.21115128,0.798204146,0.349725));
#4664=CARTESIAN_POINT('',(-0.220119968,0.793868186,0.339725));
#4665=CARTESIAN_POINT('',(-0.220119968,0.793868186,0.349725));
#4666=CARTESIAN_POINT('',(-0.228603907,0.788711478,0.339725));
#4667=CARTESIAN_POINT('',(-0.228603907,0.788711478,0.349725));
#4668=CARTESIAN_POINT('',(-0.236506208,0.782594249,0.339725));
#4669=CARTESIAN_POINT('',(-0.236506208,0.782594249,0.349725));
#4670=CARTESIAN_POINT('',(-0.243816141,0.775507378,0.339725));
#4671=CARTESIAN_POINT('',(-0.243816141,0.775507378,0.349725));
#4672=CARTESIAN_POINT('',(-0.250492507,0.767519506,0.339725));
#4673=CARTESIAN_POINT('',(-0.250492507,0.767519506,0.349725));
#4674=CARTESIAN_POINT('',(-0.256479393,0.758623511,0.339725));
#4675=CARTESIAN_POINT('',(-0.256479393,0.758623511,0.349725));
#4676=CARTESIAN_POINT('',(-0.261530596,0.748709413,0.339725));
#4677=CARTESIAN_POINT('',(-0.261530596,0.748709413,0.349725));
#4678=CARTESIAN_POINT('',(-0.266048539,0.737992728,0.339725));
#4679=CARTESIAN_POINT('',(-0.266048539,0.737992728,0.349725));
#4680=CARTESIAN_POINT('',(-0.26963958,0.726278424,0.339725));
#4681=CARTESIAN_POINT('',(-0.26963958,0.726278424,0.349725));
#4682=CARTESIAN_POINT('',(-0.272664729,0.713711881,0.339725));
#4683=CARTESIAN_POINT('',(-0.272664729,0.713711881,0.349725));
#4684=CARTESIAN_POINT('',(-0.274844734,0.700167733,0.339725));
#4685=CARTESIAN_POINT('',(-0.274844734,0.700167733,0.349725));
#4686=CARTESIAN_POINT('',(-0.275675616,0.690811812,0.339725));
#4687=CARTESIAN_POINT('',(-0.275675616,0.690811812,0.349725));
#4688=CARTESIAN_POINT('',(-0.276103896,0.685989286,0.339725));
#4689=CARTESIAN_POINT('',(-0.276103896,0.685989286,0.349725));
#4690=B_SPLINE_SURFACE_WITH_KNOTS('',3,1,((#4652,#4653),(#4654,#4655),(#4656,#4657),(#4658,#4659),(#4660,#4661),(#4662,#4663),(#4664,#4665),(#4666,#4667),(#4668,#4669),(#4670,#4671),(#4672,#4673),(#4674,#4675),(#4676,#4677),(#4678,#4679),(#4680,#4681),(#4682,#4683),(#4684,#4685),(#4686,#4687),(#4688,#4689)),.UNSPECIFIED.,.F.,.F.,.U.,(4,1,1,1,1,1,1,1,1,1,1,1,1,1,1,1,4),(2,2),(0.,0.062545622,0.122359979,0.180463411,0.236451709,0.292148118,0.346819078,0.402338508,0.459018316,0.516877756,0.576279359,0.63804983,0.702800425,0.770681376,0.842837515,0.918990305,1.),(0.,1.),.UNSPECIFIED.);
#4691=ORIENTED_EDGE('',*,*,#4646,.T.);
#4692=CARTESIAN_POINT('',(-0.169606188,0.805469664,0.339725));
#4693=VERTEX_POINT('',#4692);
#4694=CARTESIAN_POINT('',(-0.276103896,0.685989286,0.339725));
#4695=CARTESIAN_POINT('',(-0.274782203,0.700871846,0.339725));
#4696=CARTESIAN_POINT('',(-0.272675914,0.715729662,0.339725));
#4697=CARTESIAN_POINT('',(-0.268431852,0.730059761,0.339725));
#4698=CARTESIAN_POINT('',(-0.264187789,0.744389859,0.339725));
#4699=CARTESIAN_POINT('',(-0.257775697,0.758206096,0.339725));
#4700=CARTESIAN_POINT('',(-0.24843638,0.76987426,0.339725));
#4701=CARTESIAN_POINT('',(-0.239097063,0.781542423,0.339725));
#4702=CARTESIAN_POINT('',(-0.226984267,0.790996707,0.339725));
#4703=CARTESIAN_POINT('',(-0.213322783,0.797050935,0.339725));
#4704=CARTESIAN_POINT('',(-0.199661298,0.803105163,0.339725));
#4705=CARTESIAN_POINT('',(-0.184550883,0.805083783,0.339725));
#4706=CARTESIAN_POINT('',(-0.16961039,0.805469805,0.339725));
#4707=B_SPLINE_CURVE_WITH_KNOTS('',3,(#4694,#4695,#4696,#4697,#4698,#4699,#4700,#4701,#4702,#4703,#4704,#4705,#4706),.UNSPECIFIED.,.F.,.F.,(4,3,3,3,4),(0.,0.25,0.5,0.75,1.),.UNSPECIFIED.);
#4708=EDGE_CURVE('NONE',#4635,#4693,#4707,.T.);
#4709=ORIENTED_EDGE('',*,*,#4708,.T.);
#4710=CARTESIAN_POINT('',(-0.16961039,0.805469805,0.349725));
#4711=DIRECTION('',(0.,-0.,-1.));
#4712=VECTOR('',#4711,0.01);
#4713=LINE('',#4710,#4712);
#4714=EDGE_CURVE('NONE',#1267,#4693,#4713,.T.);
#4715=ORIENTED_EDGE('',*,*,#4714,.F.);
#4716=ORIENTED_EDGE('',*,*,#1282,.F.);
#4717=EDGE_LOOP('',(#4691,#4709,#4715,#4716));
#4718=FACE_BOUND('',#4717,.T.);
#4719=ADVANCED_FACE('NONE',(#4718),#4690,.F.);
#4720=CARTESIAN_POINT('',(-0.068311688,0.693375649,0.339725));
#4721=CARTESIAN_POINT('',(-0.068311688,0.693375649,0.349725));
#4722=CARTESIAN_POINT('',(-0.068385259,0.696951213,0.339725));
#4723=CARTESIAN_POINT('',(-0.068385259,0.696951213,0.349725));
#4724=CARTESIAN_POINT('',(-0.06853116,0.704042101,0.339725));
#4725=CARTESIAN_POINT('',(-0.06853116,0.704042101,0.349725));
#4726=CARTESIAN_POINT('',(-0.06983311,0.714532218,0.339725));
#4727=CARTESIAN_POINT('',(-0.06983311,0.714532218,0.349725));
#4728=CARTESIAN_POINT('',(-0.071682489,0.724771502,0.339725));
#4729=CARTESIAN_POINT('',(-0.071682489,0.724771502,0.349725));
#4730=CARTESIAN_POINT('',(-0.07462632,0.734641811,0.339725));
#4731=CARTESIAN_POINT('',(-0.07462632,0.734641811,0.349725));
#4732=CARTESIAN_POINT('',(-0.078151417,0.744292766,0.339725));
#4733=CARTESIAN_POINT('',(-0.078151417,0.744292766,0.349725));
#4734=CARTESIAN_POINT('',(-0.082661935,0.753594842,0.339725));
#4735=CARTESIAN_POINT('',(-0.082661935,0.753594842,0.349725));
#4736=CARTESIAN_POINT('',(-0.08786186,0.762651548,0.339725));
#4737=CARTESIAN_POINT('',(-0.08786186,0.762651548,0.349725));
#4738=CARTESIAN_POINT('',(-0.093821213,0.771312814,0.339725));
#4739=CARTESIAN_POINT('',(-0.093821213,0.771312814,0.349725));
#4740=CARTESIAN_POINT('',(-0.100564482,0.779335327,0.339725));
#4741=CARTESIAN_POINT('',(-0.100564482,0.779335327,0.349725));
#4742=CARTESIAN_POINT('',(-0.108141964,0.786385861,0.339725));
#4743=CARTESIAN_POINT('',(-0.108141964,0.786385861,0.349725));
#4744=CARTESIAN_POINT('',(-0.11655363,0.792277325,0.339725));
#4745=CARTESIAN_POINT('',(-0.11655363,0.792277325,0.349725));
#4746=CARTESIAN_POINT('',(-0.125659097,0.797188813,0.339725));
#4747=CARTESIAN_POINT('',(-0.125659097,0.797188813,0.349725));
#4748=CARTESIAN_POINT('',(-0.135606476,0.800919607,0.339725));
#4749=CARTESIAN_POINT('',(-0.135606476,0.800919607,0.349725));
#4750=CARTESIAN_POINT('',(-0.1462763,0.803600708,0.339725));
#4751=CARTESIAN_POINT('',(-0.1462763,0.803600708,0.349725));
#4752=CARTESIAN_POINT('',(-0.157716228,0.805120665,0.339725));
#4753=CARTESIAN_POINT('',(-0.157716228,0.805120665,0.349725));
#4754=CARTESIAN_POINT('',(-0.165574593,0.805351339,0.339725));
#4755=CARTESIAN_POINT('',(-0.165574593,0.805351339,0.349725));
#4756=CARTESIAN_POINT('',(-0.16961039,0.805469805,0.339725));
#4757=CARTESIAN_POINT('',(-0.16961039,0.805469805,0.349725));
#4758=B_SPLINE_SURFACE_WITH_KNOTS('',3,1,((#4720,#4721),(#4722,#4723),(#4724,#4725),(#4726,#4727),(#4728,#4729),(#4730,#4731),(#4732,#4733),(#4734,#4735),(#4736,#4737),(#4738,#4739),(#4740,#4741),(#4742,#4743),(#4744,#4745),(#4746,#4747),(#4748,#4749),(#4750,#4751),(#4752,#4753),(#4754,#4755),(#4756,#4757)),.UNSPECIFIED.,.F.,.F.,.U.,(4,1,1,1,1,1,1,1,1,1,1,1,1,1,1,1,4),(2,2),(0.,0.063166017,0.125267829,0.186602717,0.246835363,0.30705662,0.368013806,0.429283416,0.491493755,0.553578995,0.614150461,0.673853085,0.734611131,0.796511945,0.861111519,0.928671477,1.),(0.,1.),.UNSPECIFIED.);
#4759=ORIENTED_EDGE('',*,*,#4714,.T.);
#4760=CARTESIAN_POINT('',(-0.068311688,0.693375649,0.339725));
#4761=VERTEX_POINT('',#4760);
#4762=CARTESIAN_POINT('',(-0.169606187,0.805469682,0.339725));
#4763=CARTESIAN_POINT('',(-0.162541002,0.805262291,0.339725));
#4764=CARTESIAN_POINT('',(-0.155452222,0.804952965,0.339725));
#4765=CARTESIAN_POINT('',(-0.148473792,0.803778266,0.339725));
#4766=CARTESIAN_POINT('',(-0.141495361,0.802603568,0.339725));
#4767=CARTESIAN_POINT('',(-0.134627511,0.800707062,0.339725));
#4768=CARTESIAN_POINT('',(-0.128093959,0.797990098,0.339725));
#4769=CARTESIAN_POINT('',(-0.115026856,0.792556169,0.339725));
#4770=CARTESIAN_POINT('',(-0.103569447,0.78350265,0.339725));
#4771=CARTESIAN_POINT('',(-0.094843951,0.77235992,0.339725));
#4772=CARTESIAN_POINT('',(-0.086118456,0.761217191,0.339725));
#4773=CARTESIAN_POINT('',(-0.079390378,0.748541472,0.339725));
#4774=CARTESIAN_POINT('',(-0.074893955,0.73511941,0.339725));
#4775=CARTESIAN_POINT('',(-0.070397532,0.721697348,0.339725));
#4776=CARTESIAN_POINT('',(-0.068602867,0.707527103,0.339725));
#4777=CARTESIAN_POINT('',(-0.068311688,0.693375649,0.339725));
#4778=B_SPLINE_CURVE_WITH_KNOTS('',3,(#4762,#4763,#4764,#4765,#4766,#4767,#4768,#4769,#4770,#4771,#4772,#4773,#4774,#4775,#4776,#4777),.UNSPECIFIED.,.F.,.F.,(4,3,3,3,3,4),(0.,0.124996905,0.24999381,0.499987621,0.749981431,0.999975242),.UNSPECIFIED.);
#4779=EDGE_CURVE('NONE',#4693,#4761,#4778,.T.);
#4780=ORIENTED_EDGE('',*,*,#4779,.T.);
#4781=CARTESIAN_POINT('',(-0.068311688,0.693375649,0.349725));
#4782=DIRECTION('',(0.,-0.,-1.));
#4783=VECTOR('',#4782,0.01);
#4784=LINE('',#4781,#4783);
#4785=EDGE_CURVE('NONE',#1285,#4761,#4784,.T.);
#4786=ORIENTED_EDGE('',*,*,#4785,.F.);
#4787=ORIENTED_EDGE('',*,*,#1303,.F.);
#4788=EDGE_LOOP('',(#4759,#4780,#4786,#4787));
#4789=FACE_BOUND('',#4788,.T.);
#4790=ADVANCED_FACE('NONE',(#4789),#4758,.F.);
#4791=CARTESIAN_POINT('',(-0.162386364,0.524706818,0.339725));
#4792=CARTESIAN_POINT('',(-0.162386364,0.524706818,0.349725));
#4793=CARTESIAN_POINT('',(-0.157987745,0.52948175,0.339725));
#4794=CARTESIAN_POINT('',(-0.157987745,0.52948175,0.349725));
#4795=CARTESIAN_POINT('',(-0.149472611,0.538725378,0.339725));
#4796=CARTESIAN_POINT('',(-0.149472611,0.538725378,0.349725));
#4797=CARTESIAN_POINT('',(-0.137386334,0.552348356,0.339725));
#4798=CARTESIAN_POINT('',(-0.137386334,0.552348356,0.349725));
#4799=CARTESIAN_POINT('',(-0.12636747,0.565237975,0.339725));
#4800=CARTESIAN_POINT('',(-0.12636747,0.565237975,0.349725));
#4801=CARTESIAN_POINT('',(-0.116631002,0.577507899,0.339725));
#4802=CARTESIAN_POINT('',(-0.116631002,0.577507899,0.349725));
#4803=CARTESIAN_POINT('',(-0.107746792,0.588848961,0.339725));
#4804=CARTESIAN_POINT('',(-0.107746792,0.588848961,0.349725));
#4805=CARTESIAN_POINT('',(-0.100145322,0.599587299,0.339725));
#4806=CARTESIAN_POINT('',(-0.100145322,0.599587299,0.349725));
#4807=CARTESIAN_POINT('',(-0.093517833,0.609531579,0.339725));
#4808=CARTESIAN_POINT('',(-0.093517833,0.609531579,0.349725));
#4809=CARTESIAN_POINT('',(-0.087987233,0.618947615,0.339725));
#4810=CARTESIAN_POINT('',(-0.087987233,0.618947615,0.349725));
#4811=CARTESIAN_POINT('',(-0.083263737,0.628007261,0.339725));
#4812=CARTESIAN_POINT('',(-0.083263737,0.628007261,0.349725));
#4813=CARTESIAN_POINT('',(-0.079262553,0.637031116,0.339725));
#4814=CARTESIAN_POINT('',(-0.079262553,0.637031116,0.349725));
#4815=CARTESIAN_POINT('',(-0.075963758,0.646195322,0.339725));
#4816=CARTESIAN_POINT('',(-0.075963758,0.646195322,0.349725));
#4817=CARTESIAN_POINT('',(-0.073049765,0.655396497,0.339725));
#4818=CARTESIAN_POINT('',(-0.073049765,0.655396497,0.349725));
#4819=CARTESIAN_POINT('',(-0.070996221,0.664780776,0.339725));
#4820=CARTESIAN_POINT('',(-0.070996221,0.664780776,0.349725));
#4821=CARTESIAN_POINT('',(-0.069414693,0.674202859,0.339725));
#4822=CARTESIAN_POINT('',(-0.069414693,0.674202859,0.349725));
#4823=CARTESIAN_POINT('',(-0.068518737,0.683753339,0.339725));
#4824=CARTESIAN_POINT('',(-0.068518737,0.683753339,0.349725));
#4825=CARTESIAN_POINT('',(-0.068381006,0.690154223,0.339725));
#4826=CARTESIAN_POINT('',(-0.068381006,0.690154223,0.349725));
#4827=CARTESIAN_POINT('',(-0.068311688,0.693375649,0.339725));
#4828=CARTESIAN_POINT('',(-0.068311688,0.693375649,0.349725));
#4829=B_SPLINE_SURFACE_WITH_KNOTS('',3,1,((#4791,#4792),(#4793,#4794),(#4795,#4796),(#4797,#4798),(#4799,#4800),(#4801,#4802),(#4803,#4804),(#4805,#4806),(#4807,#4808),(#4809,#4810),(#4811,#4812),(#4813,#4814),(#4815,#4816),(#4817,#4818),(#4819,#4820),(#4821,#4822),(#4823,#4824),(#4825,#4826),(#4827,#4828)),.UNSPECIFIED.,.F.,.F.,.U.,(4,1,1,1,1,1,1,1,1,1,1,1,1,1,1,1,4),(2,2),(0.,0.098308265,0.190311597,0.27577008,0.355049438,0.427493513,0.49388738,0.554228085,0.608404894,0.659164781,0.708877098,0.757743092,0.806602216,0.854908499,0.90306861,0.951216521,1.),(0.,1.),.UNSPECIFIED.);
#4830=ORIENTED_EDGE('',*,*,#4785,.T.);
#4831=CARTESIAN_POINT('',(-0.162387376,0.524705741,0.339725));
#4832=VERTEX_POINT('',#4831);
#4833=CARTESIAN_POINT('',(-0.068311688,0.693375649,0.339725));
#4834=CARTESIAN_POINT('',(-0.068666918,0.67686685,0.339725));
#4835=CARTESIAN_POINT('',(-0.071125915,0.660373619,0.339725));
#4836=CARTESIAN_POINT('',(-0.076519003,0.644764466,0.339725));
#4837=CARTESIAN_POINT('',(-0.08191209,0.629155312,0.339725));
#4838=CARTESIAN_POINT('',(-0.089982506,0.61459332,0.339725));
#4839=CARTESIAN_POINT('',(-0.099283798,0.600950074,0.339725));
#4840=CARTESIAN_POINT('',(-0.117886381,0.573663582,0.339725));
#4841=CARTESIAN_POINT('',(-0.140014805,0.548992326,0.339725));
#4842=CARTESIAN_POINT('',(-0.162386364,0.524706818,0.339725));
#4843=B_SPLINE_CURVE_WITH_KNOTS('',3,(#4833,#4834,#4835,#4836,#4837,#4838,#4839,#4840,#4841,#4842),.UNSPECIFIED.,.F.,.F.,(4,3,3,4),(0.,0.25,0.5,1.),.UNSPECIFIED.);
#4844=EDGE_CURVE('NONE',#4761,#4832,#4843,.T.);
#4845=ORIENTED_EDGE('',*,*,#4844,.T.);
#4846=CARTESIAN_POINT('',(-0.162386364,0.524706818,0.349725));
#4847=DIRECTION('',(0.,-0.,-1.));
#4848=VECTOR('',#4847,0.01);
#4849=LINE('',#4846,#4848);
#4850=EDGE_CURVE('NONE',#1306,#4832,#4849,.T.);
#4851=ORIENTED_EDGE('',*,*,#4850,.F.);
#4852=ORIENTED_EDGE('',*,*,#1318,.F.);
#4853=EDGE_LOOP('',(#4830,#4845,#4851,#4852));
#4854=FACE_BOUND('',#4853,.T.);
#4855=ADVANCED_FACE('NONE',(#4854),#4829,.F.);
#4856=CARTESIAN_POINT('',(-0.224155844,0.447028247,0.339725));
#4857=CARTESIAN_POINT('',(-0.224155844,0.447028247,0.349725));
#4858=CARTESIAN_POINT('',(-0.221818422,0.451576355,0.339725));
#4859=CARTESIAN_POINT('',(-0.221818422,0.451576355,0.349725));
#4860=CARTESIAN_POINT('',(-0.21698826,0.460974785,0.339725));
#4861=CARTESIAN_POINT('',(-0.21698826,0.460974785,0.349725));
#4862=CARTESIAN_POINT('',(-0.209996921,0.470944066,0.339725));
#4863=CARTESIAN_POINT('',(-0.209996921,0.470944066,0.349725));
#4864=CARTESIAN_POINT('',(-0.204453778,0.478019541,0.339725));
#4865=CARTESIAN_POINT('',(-0.204453778,0.478019541,0.349725));
#4866=CARTESIAN_POINT('',(-0.20075511,0.4825203,0.339725));
#4867=CARTESIAN_POINT('',(-0.20075511,0.4825203,0.349725));
#4868=CARTESIAN_POINT('',(-0.196228402,0.487739637,0.339725));
#4869=CARTESIAN_POINT('',(-0.196228402,0.487739637,0.349725));
#4870=CARTESIAN_POINT('',(-0.191007212,0.493741884,0.339725));
#4871=CARTESIAN_POINT('',(-0.191007212,0.493741884,0.349725));
#4872=CARTESIAN_POINT('',(-0.184853792,0.500368485,0.339725));
#4873=CARTESIAN_POINT('',(-0.184853792,0.500368485,0.349725));
#4874=CARTESIAN_POINT('',(-0.178072351,0.50784229,0.339725));
#4875=CARTESIAN_POINT('',(-0.178072351,0.50784229,0.349725));
#4876=CARTESIAN_POINT('',(-0.170515245,0.516058085,0.339725));
#4877=CARTESIAN_POINT('',(-0.170515245,0.516058085,0.349725));
#4878=CARTESIAN_POINT('',(-0.165178757,0.521735848,0.339725));
#4879=CARTESIAN_POINT('',(-0.165178757,0.521735848,0.349725));
#4880=CARTESIAN_POINT('',(-0.162386364,0.524706818,0.339725));
#4881=CARTESIAN_POINT('',(-0.162386364,0.524706818,0.349725));
#4882=B_SPLINE_SURFACE_WITH_KNOTS('',3,1,((#4856,#4857),(#4858,#4859),(#4860,#4861),(#4862,#4863),(#4864,#4865),(#4866,#4867),(#4868,#4869),(#4870,#4871),(#4872,#4873),(#4874,#4875),(#4876,#4877),(#4878,#4879),(#4880,#4881)),.UNSPECIFIED.,.F.,.F.,.U.,(4,1,1,1,1,1,1,1,1,1,4),(2,2),(0.,0.153811083,0.317842659,0.365422812,0.424454293,0.493191489,0.573420155,0.663938627,0.765415524,0.877250332,1.),(0.,1.),.UNSPECIFIED.);
#4883=ORIENTED_EDGE('',*,*,#4850,.T.);
#4884=CARTESIAN_POINT('',(-0.224155844,0.447028247,0.339725));
#4885=VERTEX_POINT('',#4884);
#4886=CARTESIAN_POINT('',(-0.162387376,0.524705741,0.339725));
#4887=CARTESIAN_POINT('',(-0.173757594,0.512608382,0.339725));
#4888=CARTESIAN_POINT('',(-0.185138755,0.50049971,0.339725));
#4889=CARTESIAN_POINT('',(-0.196032329,0.487962541,0.339725));
#4890=CARTESIAN_POINT('',(-0.201479117,0.481693956,0.339725));
#4891=CARTESIAN_POINT('',(-0.206818626,0.475320613,0.339725));
#4892=CARTESIAN_POINT('',(-0.211604723,0.468525598,0.339725));
#4893=CARTESIAN_POINT('',(-0.216390821,0.461730584,0.339725));
#4894=CARTESIAN_POINT('',(-0.220356667,0.454420607,0.339725));
#4895=CARTESIAN_POINT('',(-0.224155844,0.447028247,0.339725));
#4896=B_SPLINE_CURVE_WITH_KNOTS('',3,(#4886,#4887,#4888,#4889,#4890,#4891,#4892,#4893,#4894,#4895),.UNSPECIFIED.,.F.,.F.,(4,3,3,4),(0.,0.499992585,0.749988878,0.99998517),.UNSPECIFIED.);
#4897=EDGE_CURVE('NONE',#4832,#4885,#4896,.T.);
#4898=ORIENTED_EDGE('',*,*,#4897,.T.);
#4899=CARTESIAN_POINT('',(-0.224155844,0.447028247,0.349725));
#4900=DIRECTION('',(-0.,-0.,-1.));
#4901=VECTOR('',#4900,0.01);
#4902=LINE('',#4899,#4901);
#4903=EDGE_CURVE('NONE',#1321,#4885,#4902,.T.);
#4904=ORIENTED_EDGE('',*,*,#4903,.F.);
#4905=ORIENTED_EDGE('',*,*,#1333,.F.);
#4906=EDGE_LOOP('',(#4883,#4898,#4904,#4905));
#4907=FACE_BOUND('',#4906,.T.);
#4908=ADVANCED_FACE('NONE',(#4907),#4882,.F.);
#4909=CARTESIAN_POINT('',(-0.224155844,0.447028247,0.349725));
#4910=DIRECTION('',(0.,-1.,0.));
#4911=DIRECTION('',(1.,0.,0.));
#4912=AXIS2_PLACEMENT_3D('',#4909,#4910,#4911);
#4913=PLANE('',#4912);
#4914=ORIENTED_EDGE('',*,*,#4903,.T.);
#4915=CARTESIAN_POINT('',(-0.068311688,0.447028247,0.339725));
#4916=VERTEX_POINT('',#4915);
#4917=CARTESIAN_POINT('',(-0.224155844,0.447028247,0.339725));
#4918=DIRECTION('',(1.,0.,-0.));
#4919=VECTOR('',#4918,0.155844156);
#4920=LINE('',#4917,#4919);
#4921=EDGE_CURVE('NONE',#4885,#4916,#4920,.T.);
#4922=ORIENTED_EDGE('',*,*,#4921,.T.);
#4923=CARTESIAN_POINT('',(-0.068311688,0.447028247,0.349725));
#4924=DIRECTION('',(-0.,-0.,-1.));
#4925=VECTOR('',#4924,0.01);
#4926=LINE('',#4923,#4925);
#4927=EDGE_CURVE('NONE',#1336,#4916,#4926,.T.);
#4928=ORIENTED_EDGE('',*,*,#4927,.F.);
#4929=ORIENTED_EDGE('',*,*,#1341,.F.);
#4930=EDGE_LOOP('',(#4914,#4922,#4928,#4929));
#4931=FACE_BOUND('',#4930,.T.);
#4932=ADVANCED_FACE('NONE',(#4931),#4913,.T.);
#4933=CARTESIAN_POINT('',(-0.068311688,0.447028247,0.349725));
#4934=DIRECTION('',(-1.,0.,0.));
#4935=DIRECTION('',(0.,-1.,0.));
#4936=AXIS2_PLACEMENT_3D('',#4933,#4934,#4935);
#4937=PLANE('',#4936);
#4938=ORIENTED_EDGE('',*,*,#1347,.F.);
#4939=ORIENTED_EDGE('',*,*,#4927,.T.);
#4940=CARTESIAN_POINT('',(-0.068311688,0.447028247,0.339725));
#4941=DIRECTION('',(0.,-1.,0.));
#4942=VECTOR('',#4941,0.046753247);
#4943=LINE('',#4940,#4942);
#4944=EDGE_CURVE('NONE',#4916,#4342,#4943,.T.);
#4945=ORIENTED_EDGE('',*,*,#4944,.T.);
#4946=ORIENTED_EDGE('',*,*,#4347,.F.);
#4947=EDGE_LOOP('',(#4938,#4939,#4945,#4946));
#4948=FACE_BOUND('',#4947,.T.);
#4949=ADVANCED_FACE('NONE',(#4948),#4937,.T.);
#4950=CARTESIAN_POINT('',(-0.95,-0.399725,0.339725));
#4951=DIRECTION('',(0.,0.,1.));
#4952=DIRECTION('',(0.,-1.,0.));
#4953=AXIS2_PLACEMENT_3D('',#4950,#4951,#4952);
#4954=PLANE('',#4953);
#4955=ORIENTED_EDGE('',*,*,#4921,.F.);
#4956=ORIENTED_EDGE('',*,*,#4897,.F.);
#4957=ORIENTED_EDGE('',*,*,#4844,.F.);
#4958=ORIENTED_EDGE('',*,*,#4779,.F.);
#4959=ORIENTED_EDGE('',*,*,#4708,.F.);
#4960=ORIENTED_EDGE('',*,*,#4640,.F.);
#4961=ORIENTED_EDGE('',*,*,#4616,.F.);
#4962=ORIENTED_EDGE('',*,*,#4548,.F.);
#4963=ORIENTED_EDGE('',*,*,#4477,.F.);
#4964=ORIENTED_EDGE('',*,*,#4417,.F.);
#4965=ORIENTED_EDGE('',*,*,#4355,.F.);
#4966=ORIENTED_EDGE('',*,*,#4944,.F.);
#4967=EDGE_LOOP('',(#4955,#4956,#4957,#4958,#4959,#4960,#4961,#4962,#4963,#4964,#4965,#4966));
#4968=FACE_BOUND('',#4967,.T.);
#4969=ADVANCED_FACE('NONE',(#4968),#4954,.T.);
#4970=OVER_RIDING_STYLED_ITEM('',(#95),#4969,#54);
#4971=CARTESIAN_POINT('',(0.742694805,-0.204919805,0.339725));
#4972=CARTESIAN_POINT('',(0.742694805,-0.204919805,0.349725));
#4973=CARTESIAN_POINT('',(0.746867495,-0.204843489,0.339725));
#4974=CARTESIAN_POINT('',(0.746867495,-0.204843489,0.349725));
#4975=CARTESIAN_POINT('',(0.755110516,-0.20469273,0.339725));
#4976=CARTESIAN_POINT('',(0.755110516,-0.20469273,0.349725));
#4977=CARTESIAN_POINT('',(0.767190353,-0.202981296,0.339725));
#4978=CARTESIAN_POINT('',(0.767190353,-0.202981296,0.349725));
#4979=CARTESIAN_POINT('',(0.778808482,-0.200427384,0.339725));
#4980=CARTESIAN_POINT('',(0.778808482,-0.200427384,0.349725));
#4981=CARTESIAN_POINT('',(0.7899177,-0.19672524,0.339725));
#4982=CARTESIAN_POINT('',(0.7899177,-0.19672524,0.349725));
#4983=CARTESIAN_POINT('',(0.800577814,-0.192051094,0.339725));
#4984=CARTESIAN_POINT('',(0.800577814,-0.192051094,0.349725));
#4985=CARTESIAN_POINT('',(0.810681225,-0.186182418,0.339725));
#4986=CARTESIAN_POINT('',(0.810681225,-0.186182418,0.349725));
#4987=CARTESIAN_POINT('',(0.820420976,-0.179486138,0.339725));
#4988=CARTESIAN_POINT('',(0.820420976,-0.179486138,0.349725));
#4989=CARTESIAN_POINT('',(0.829504041,-0.171508706,0.339725));
#4990=CARTESIAN_POINT('',(0.829504041,-0.171508706,0.349725));
#4991=CARTESIAN_POINT('',(0.838141982,-0.162617873,0.339725));
#4992=CARTESIAN_POINT('',(0.838141982,-0.162617873,0.349725));
#4993=CARTESIAN_POINT('',(0.846046451,-0.152530929,0.339725));
#4994=CARTESIAN_POINT('',(0.846046451,-0.152530929,0.349725));
#4995=CARTESIAN_POINT('',(0.85325682,-0.141372087,0.339725));
#4996=CARTESIAN_POINT('',(0.85325682,-0.141372087,0.349725));
#4997=CARTESIAN_POINT('',(0.859833784,-0.129150468,0.339725));
#4998=CARTESIAN_POINT('',(0.859833784,-0.129150468,0.349725));
#4999=CARTESIAN_POINT('',(0.865744968,-0.115874477,0.339725));
#5000=CARTESIAN_POINT('',(0.865744968,-0.115874477,0.349725));
#5001=CARTESIAN_POINT('',(0.871037773,-0.10154208,0.339725));
#5002=CARTESIAN_POINT('',(0.871037773,-0.10154208,0.349725));
#5003=CARTESIAN_POINT('',(0.875567259,-0.086098979,0.339725));
#5004=CARTESIAN_POINT('',(0.875567259,-0.086098979,0.349725));
#5005=CARTESIAN_POINT('',(0.877982123,-0.075362126,0.339725));
#5006=CARTESIAN_POINT('',(0.877982123,-0.075362126,0.349725));
#5007=CARTESIAN_POINT('',(0.879220779,-0.06985487,0.339725));
#5008=CARTESIAN_POINT('',(0.879220779,-0.06985487,0.349725));
#5009=B_SPLINE_SURFACE_WITH_KNOTS('',3,1,((#4971,#4972),(#4973,#4974),(#4975,#4976),(#4977,#4978),(#4979,#4980),(#4981,#4982),(#4983,#4984),(#4985,#4986),(#4987,#4988),(#4989,#4990),(#4991,#4992),(#4993,#4994),(#4995,#4996),(#4997,#4998),(#4999,#5000),(#5001,#5002),(#5003,#5004),(#5005,#5006),(#5007,#5008)),.UNSPECIFIED.,.F.,.F.,.U.,(4,1,1,1,1,1,1,1,1,1,1,1,1,1,1,1,4),(2,2),(0.,0.059531701,0.117603064,0.17382984,0.229164527,0.284504607,0.339698898,0.395742269,0.452975087,0.511983157,0.572491851,0.635598117,0.701447767,0.770436779,0.842909689,0.919423628,1.),(0.,1.),.UNSPECIFIED.);
#5010=CARTESIAN_POINT('',(0.879220779,-0.06985487,0.339725));
#5011=VERTEX_POINT('',#5010);
#5012=CARTESIAN_POINT('',(0.879220779,-0.06985487,0.349725));
#5013=DIRECTION('',(-0.,-0.,-1.));
#5014=VECTOR('',#5013,0.01);
#5015=LINE('',#5012,#5014);
#5016=EDGE_CURVE('NONE',#448,#5011,#5015,.T.);
#5017=ORIENTED_EDGE('',*,*,#5016,.T.);
#5018=CARTESIAN_POINT('',(0.742694805,-0.204919805,0.339725));
#5019=VERTEX_POINT('',#5018);
#5020=CARTESIAN_POINT('',(0.879220779,-0.06985487,0.339725));
#5021=CARTESIAN_POINT('',(0.875377666,-0.08694194,0.339725));
#5022=CARTESIAN_POINT('',(0.870769231,-0.103914226,0.339725));
#5023=CARTESIAN_POINT('',(0.863843501,-0.120001623,0.339725));
#5024=CARTESIAN_POINT('',(0.856917771,-0.136089021,0.339725));
#5025=CARTESIAN_POINT('',(0.848028268,-0.151486817,0.339725));
#5026=CARTESIAN_POINT('',(0.836228394,-0.16442796,0.339725));
#5027=CARTESIAN_POINT('',(0.824428521,-0.177369103,0.339725));
#5028=CARTESIAN_POINT('',(0.810028165,-0.188034772,0.339725));
#5029=CARTESIAN_POINT('',(0.793913804,-0.194913321,0.339725));
#5030=CARTESIAN_POINT('',(0.777799444,-0.201791869,0.339725));
#5031=CARTESIAN_POINT('',(0.760217779,-0.204599322,0.339725));
#5032=CARTESIAN_POINT('',(0.742694805,-0.204919805,0.339725));
#5033=B_SPLINE_CURVE_WITH_KNOTS('',3,(#5020,#5021,#5022,#5023,#5024,#5025,#5026,#5027,#5028,#5029,#5030,#5031,#5032),.UNSPECIFIED.,.F.,.F.,(4,3,3,3,4),(0.,0.25,0.5,0.75,1.),.UNSPECIFIED.);
#5034=EDGE_CURVE('NONE',#5011,#5019,#5033,.T.);
#5035=ORIENTED_EDGE('',*,*,#5034,.T.);
#5036=CARTESIAN_POINT('',(0.742694805,-0.204919805,0.349725));
#5037=DIRECTION('',(0.,-0.,-1.));
#5038=VECTOR('',#5037,0.01);
#5039=LINE('',#5036,#5038);
#5040=EDGE_CURVE('NONE',#456,#5019,#5039,.T.);
#5041=ORIENTED_EDGE('',*,*,#5040,.F.);
#5042=ORIENTED_EDGE('',*,*,#471,.F.);
#5043=EDGE_LOOP('',(#5017,#5035,#5041,#5042));
#5044=FACE_BOUND('',#5043,.T.);
#5045=ADVANCED_FACE('NONE',(#5044),#5009,.F.);
#5046=CARTESIAN_POINT('',(0.593506494,0.002953571,0.339725));
#5047=CARTESIAN_POINT('',(0.593506494,0.002953571,0.349725));
#5048=CARTESIAN_POINT('',(0.593563932,-0.002486537,0.339725));
#5049=CARTESIAN_POINT('',(0.593563932,-0.002486537,0.349725));
#5050=CARTESIAN_POINT('',(0.593676904,-0.013186292,0.339725));
#5051=CARTESIAN_POINT('',(0.593676904,-0.013186292,0.349725));
#5052=CARTESIAN_POINT('',(0.594713139,-0.028941524,0.339725));
#5053=CARTESIAN_POINT('',(0.594713139,-0.028941524,0.349725));
#5054=CARTESIAN_POINT('',(0.596179273,-0.044176663,0.339725));
#5055=CARTESIAN_POINT('',(0.596179273,-0.044176663,0.349725));
#5056=CARTESIAN_POINT('',(0.598494493,-0.058817955,0.339725));
#5057=CARTESIAN_POINT('',(0.598494493,-0.058817955,0.349725));
#5058=CARTESIAN_POINT('',(0.601300531,-0.072944863,0.339725));
#5059=CARTESIAN_POINT('',(0.601300531,-0.072944863,0.349725));
#5060=CARTESIAN_POINT('',(0.604836142,-0.086498695,0.339725));
#5061=CARTESIAN_POINT('',(0.604836142,-0.086498695,0.349725));
#5062=CARTESIAN_POINT('',(0.608800333,-0.099584501,0.339725));
#5063=CARTESIAN_POINT('',(0.608800333,-0.099584501,0.349725));
#5064=CARTESIAN_POINT('',(0.613654669,-0.111974536,0.339725));
#5065=CARTESIAN_POINT('',(0.613654669,-0.111974536,0.349725));
#5066=CARTESIAN_POINT('',(0.618866354,-0.123687195,0.339725));
#5067=CARTESIAN_POINT('',(0.618866354,-0.123687195,0.349725));
#5068=CARTESIAN_POINT('',(0.624525583,-0.134604698,0.339725));
#5069=CARTESIAN_POINT('',(0.624525583,-0.134604698,0.349725));
#5070=CARTESIAN_POINT('',(0.630359122,-0.14481483,0.339725));
#5071=CARTESIAN_POINT('',(0.630359122,-0.14481483,0.349725));
#5072=CARTESIAN_POINT('',(0.636847943,-0.154018879,0.339725));
#5073=CARTESIAN_POINT('',(0.636847943,-0.154018879,0.349725));
#5074=CARTESIAN_POINT('',(0.643443711,-0.162560983,0.339725));
#5075=CARTESIAN_POINT('',(0.643443711,-0.162560983,0.349725));
#5076=CARTESIAN_POINT('',(0.650594149,-0.17010058,0.339725));
#5077=CARTESIAN_POINT('',(0.650594149,-0.17010058,0.349725));
#5078=CARTESIAN_POINT('',(0.657932831,-0.176997939,0.339725));
#5079=CARTESIAN_POINT('',(0.657932831,-0.176997939,0.349725));
#5080=CARTESIAN_POINT('',(0.66581474,-0.182930093,0.339725));
#5081=CARTESIAN_POINT('',(0.66581474,-0.182930093,0.349725));
#5082=CARTESIAN_POINT('',(0.674028347,-0.188166483,0.339725));
#5083=CARTESIAN_POINT('',(0.674028347,-0.188166483,0.349725));
#5084=CARTESIAN_POINT('',(0.682671235,-0.192597359,0.339725));
#5085=CARTESIAN_POINT('',(0.682671235,-0.192597359,0.349725));
#5086=CARTESIAN_POINT('',(0.691644483,-0.19649069,0.339725));
#5087=CARTESIAN_POINT('',(0.691644483,-0.19649069,0.349725));
#5088=CARTESIAN_POINT('',(0.701093896,-0.199522192,0.339725));
#5089=CARTESIAN_POINT('',(0.701093896,-0.199522192,0.349725));
#5090=CARTESIAN_POINT('',(0.710928241,-0.2019985,0.339725));
#5091=CARTESIAN_POINT('',(0.710928241,-0.2019985,0.349725));
#5092=CARTESIAN_POINT('',(0.721169181,-0.203643318,0.339725));
#5093=CARTESIAN_POINT('',(0.721169181,-0.203643318,0.349725));
#5094=CARTESIAN_POINT('',(0.731793008,-0.204769376,0.339725));
#5095=CARTESIAN_POINT('',(0.731793008,-0.204769376,0.349725));
#5096=CARTESIAN_POINT('',(0.739012057,-0.204868989,0.339725));
#5097=CARTESIAN_POINT('',(0.739012057,-0.204868989,0.349725));
#5098=CARTESIAN_POINT('',(0.742694805,-0.204919805,0.339725));
#5099=CARTESIAN_POINT('',(0.742694805,-0.204919805,0.349725));
#5100=B_SPLINE_SURFACE_WITH_KNOTS('',3,1,((#5046,#5047),(#5048,#5049),(#5050,#5051),(#5052,#5053),(#5054,#5055),(#5056,#5057),(#5058,#5059),(#5060,#5061),(#5062,#5063),(#5064,#5065),(#5066,#5067),(#5068,#5069),(#5070,#5071),(#5072,#5073),(#5074,#5075),(#5076,#5077),(#5078,#5079),(#5080,#5081),(#5082,#5083),(#5084,#5085),(#5086,#5087),(#5088,#5089),(#5090,#5091),(#5092,#5093),(#5094,#5095),(#5096,#5097),
(#5098,#5099)),.UNSPECIFIED.,.F.,.F.,.U.,(4,1,1,1,1,1,1,1,1,1,1,1,1,1,1,1,1,1,1,1,1,1,1,1,4),(2,2),(0.,0.056708567,0.111535962,0.164555807,0.216218915,0.266006785,0.314650027,0.362203945,0.408459302,0.453281931,0.495796925,0.536628874,0.575752158,0.61310997,0.649032365,0.683965442,0.717984595,0.751712479,0.785397872,0.819139908,0.853571711,0.888736346,0.924768215,0.961621031,1.),(0.,1.),.UNSPECIFIED.);
#5101=ORIENTED_EDGE('',*,*,#5040,.T.);
#5102=CARTESIAN_POINT('',(0.593506494,0.002953571,0.339725));
#5103=VERTEX_POINT('',#5102);
#5104=CARTESIAN_POINT('',(0.742694805,-0.204919805,0.339725));
#5105=CARTESIAN_POINT('',(0.718705445,-0.204588787,0.339725));
#5106=CARTESIAN_POINT('',(0.694426196,-0.19981713,0.339725));
#5107=CARTESIAN_POINT('',(0.673680237,-0.187790559,0.339725));
#5108=CARTESIAN_POINT('',(0.652934278,-0.175763987,0.339725));
#5109=CARTESIAN_POINT('',(0.636832426,-0.156783946,0.339725));
#5110=CARTESIAN_POINT('',(0.625256756,-0.135769944,0.339725));
#5111=CARTESIAN_POINT('',(0.613681087,-0.114755942,0.339725));
#5112=CARTESIAN_POINT('',(0.605418992,-0.091986509,0.339725));
#5113=CARTESIAN_POINT('',(0.600470643,-0.068522329,0.339725));
#5114=CARTESIAN_POINT('',(0.595522294,-0.045058149,0.339725));
#5115=CARTESIAN_POINT('',(0.593759712,-0.021029175,0.339725));
#5116=CARTESIAN_POINT('',(0.593506494,0.002953571,0.339725));
#5117=B_SPLINE_CURVE_WITH_KNOTS('',3,(#5104,#5105,#5106,#5107,#5108,#5109,#5110,#5111,#5112,#5113,#5114,#5115,#5116),.UNSPECIFIED.,.F.,.F.,(4,3,3,3,4),(0.,0.25,0.5,0.75,1.),.UNSPECIFIED.);
#5118=EDGE_CURVE('NONE',#5019,#5103,#5117,.T.);
#5119=ORIENTED_EDGE('',*,*,#5118,.T.);
#5120=CARTESIAN_POINT('',(0.593506494,0.002953571,0.349725));
#5121=DIRECTION('',(0.,-0.,-1.));
#5122=VECTOR('',#5121,0.01);
#5123=LINE('',#5120,#5122);
#5124=EDGE_CURVE('NONE',#474,#5103,#5123,.T.);
#5125=ORIENTED_EDGE('',*,*,#5124,.F.);
#5126=ORIENTED_EDGE('',*,*,#489,.F.);
#5127=EDGE_LOOP('',(#5101,#5119,#5125,#5126));
#5128=FACE_BOUND('',#5127,.T.);
#5129=ADVANCED_FACE('NONE',(#5128),#5100,.F.);
#5130=CARTESIAN_POINT('',(0.746428571,0.205469805,0.339725));
#5131=CARTESIAN_POINT('',(0.746428571,0.205469805,0.349725));
#5132=CARTESIAN_POINT('',(0.742907583,0.205423834,0.339725));
#5133=CARTESIAN_POINT('',(0.742907583,0.205423834,0.349725));
#5134=CARTESIAN_POINT('',(0.735927661,0.205332701,0.339725));
#5135=CARTESIAN_POINT('',(0.735927661,0.205332701,0.349725));
#5136=CARTESIAN_POINT('',(0.725602858,0.204104632,0.339725));
#5137=CARTESIAN_POINT('',(0.725602858,0.204104632,0.349725));
#5138=CARTESIAN_POINT('',(0.71550281,0.202363491,0.339725));
#5139=CARTESIAN_POINT('',(0.71550281,0.202363491,0.349725));
#5140=CARTESIAN_POINT('',(0.70565295,0.199831102,0.339725));
#5141=CARTESIAN_POINT('',(0.70565295,0.199831102,0.349725));
#5142=CARTESIAN_POINT('',(0.696049568,0.196573292,0.339725));
#5143=CARTESIAN_POINT('',(0.696049568,0.196573292,0.349725));
#5144=CARTESIAN_POINT('',(0.686701946,0.192608776,0.339725));
#5145=CARTESIAN_POINT('',(0.686701946,0.192608776,0.349725));
#5146=CARTESIAN_POINT('',(0.677644199,0.187830699,0.339725));
#5147=CARTESIAN_POINT('',(0.677644199,0.187830699,0.349725));
#5148=CARTESIAN_POINT('',(0.668808186,0.182450321,0.339725));
#5149=CARTESIAN_POINT('',(0.668808186,0.182450321,0.349725));
#5150=CARTESIAN_POINT('',(0.660376141,0.176242376,0.339725));
#5151=CARTESIAN_POINT('',(0.660376141,0.176242376,0.349725));
#5152=CARTESIAN_POINT('',(0.652320353,0.169436022,0.339725));
#5153=CARTESIAN_POINT('',(0.652320353,0.169436022,0.349725));
#5154=CARTESIAN_POINT('',(0.644734035,0.161908094,0.339725));
#5155=CARTESIAN_POINT('',(0.644734035,0.161908094,0.349725));
#5156=CARTESIAN_POINT('',(0.637577791,0.153705416,0.339725));
#5157=CARTESIAN_POINT('',(0.637577791,0.153705416,0.349725));
#5158=CARTESIAN_POINT('',(0.630909705,0.144745843,0.339725));
#5159=CARTESIAN_POINT('',(0.630909705,0.144745843,0.349725));
#5160=CARTESIAN_POINT('',(0.624765375,0.13505162,0.339725));
#5161=CARTESIAN_POINT('',(0.624765375,0.13505162,0.349725));
#5162=CARTESIAN_POINT('',(0.619004166,0.124722056,0.339725));
#5163=CARTESIAN_POINT('',(0.619004166,0.124722056,0.349725));
#5164=CARTESIAN_POINT('',(0.613612722,0.113756214,0.339725));
#5165=CARTESIAN_POINT('',(0.613612722,0.113756214,0.349725));
#5166=CARTESIAN_POINT('',(0.608828284,0.102108464,0.339725));
#5167=CARTESIAN_POINT('',(0.608828284,0.102108464,0.349725));
#5168=CARTESIAN_POINT('',(0.604804773,0.089769525,0.339725));
#5169=CARTESIAN_POINT('',(0.604804773,0.089769525,0.349725));
#5170=CARTESIAN_POINT('',(0.601282361,0.076857396,0.339725));
#5171=CARTESIAN_POINT('',(0.601282361,0.076857396,0.349725));
#5172=CARTESIAN_POINT('',(0.598495518,0.063265851,0.339725));
#5173=CARTESIAN_POINT('',(0.598495518,0.063265851,0.349725));
#5174=CARTESIAN_POINT('',(0.59617214,0.049085342,0.339725));
#5175=CARTESIAN_POINT('',(0.59617214,0.049085342,0.349725));
#5176=CARTESIAN_POINT('',(0.594709737,0.034254164,0.339725));
#5177=CARTESIAN_POINT('',(0.594709737,0.034254164,0.349725));
#5178=CARTESIAN_POINT('',(0.593675198,0.018823222,0.339725));
#5179=CARTESIAN_POINT('',(0.593675198,0.018823222,0.349725));
#5180=CARTESIAN_POINT('',(0.593563463,0.008312565,0.339725));
#5181=CARTESIAN_POINT('',(0.593563463,0.008312565,0.349725));
#5182=CARTESIAN_POINT('',(0.593506494,0.002953571,0.339725));
#5183=CARTESIAN_POINT('',(0.593506494,0.002953571,0.349725));
#5184=B_SPLINE_SURFACE_WITH_KNOTS('',3,1,((#5130,#5131),(#5132,#5133),(#5134,#5135),(#5136,#5137),(#5138,#5139),(#5140,#5141),(#5142,#5143),(#5144,#5145),(#5146,#5147),(#5148,#5149),(#5150,#5151),(#5152,#5153),(#5154,#5155),(#5156,#5157),(#5158,#5159),(#5160,#5161),(#5162,#5163),(#5164,#5165),(#5166,#5167),(#5168,#5169),(#5170,#5171),(#5172,#5173),(#5174,#5175),(#5176,#5177),(#5178,#5179),(#5180,#5181),
(#5182,#5183)),.UNSPECIFIED.,.F.,.F.,.U.,(4,1,1,1,1,1,1,1,1,1,1,1,1,1,1,1,1,1,1,1,1,1,1,1,4),(2,2),(0.,0.037078833,0.07350419,0.109407031,0.145016652,0.18053715,0.216174149,0.251878364,0.288353889,0.325075912,0.362090026,0.399384141,0.437574078,0.476688164,0.516941986,0.558421881,0.601261817,0.6456265,0.69097324,0.737930432,0.786574306,0.837099068,0.88926685,0.943541282,1.),(0.,1.),.UNSPECIFIED.);
#5185=ORIENTED_EDGE('',*,*,#5124,.T.);
#5186=CARTESIAN_POINT('',(0.746428571,0.205469805,0.339725));
#5187=VERTEX_POINT('',#5186);
#5188=CARTESIAN_POINT('',(0.593506494,0.002953571,0.339725));
#5189=CARTESIAN_POINT('',(0.593758756,0.02668327,0.339725));
#5190=CARTESIAN_POINT('',(0.595522125,0.050473956,0.339725));
#5191=CARTESIAN_POINT('',(0.600687603,0.073631398,0.339725));
#5192=CARTESIAN_POINT('',(0.605853082,0.09678884,0.339725));
#5193=CARTESIAN_POINT('',(0.61478541,0.119134455,0.339725));
#5194=CARTESIAN_POINT('',(0.627438529,0.139210658,0.339725));
#5195=CARTESIAN_POINT('',(0.640091649,0.159286861,0.339725));
#5196=CARTESIAN_POINT('',(0.657540618,0.176396629,0.339725));
#5197=CARTESIAN_POINT('',(0.678225562,0.188038162,0.339725));
#5198=CARTESIAN_POINT('',(0.698910506,0.199679695,0.339725));
#5199=CARTESIAN_POINT('',(0.722688693,0.205159847,0.339725));
#5200=CARTESIAN_POINT('',(0.746428571,0.205469805,0.339725));
#5201=B_SPLINE_CURVE_WITH_KNOTS('',3,(#5188,#5189,#5190,#5191,#5192,#5193,#5194,#5195,#5196,#5197,#5198,#5199,#5200),.UNSPECIFIED.,.F.,.F.,(4,3,3,3,4),(0.,0.25,0.5,0.75,1.),.UNSPECIFIED.);
#5202=EDGE_CURVE('NONE',#5103,#5187,#5201,.T.);
#5203=ORIENTED_EDGE('',*,*,#5202,.T.);
#5204=CARTESIAN_POINT('',(0.746428571,0.205469805,0.349725));
#5205=DIRECTION('',(0.,-0.,-1.));
#5206=VECTOR('',#5205,0.01);
#5207=LINE('',#5204,#5206);
#5208=EDGE_CURVE('NONE',#492,#5187,#5207,.T.);
#5209=ORIENTED_EDGE('',*,*,#5208,.F.);
#5210=ORIENTED_EDGE('',*,*,#507,.F.);
#5211=EDGE_LOOP('',(#5185,#5203,#5209,#5210));
#5212=FACE_BOUND('',#5211,.T.);
#5213=ADVANCED_FACE('NONE',(#5212),#5184,.F.);
#5214=CARTESIAN_POINT('',(0.874025974,0.085989286,0.339725));
#5215=CARTESIAN_POINT('',(0.874025974,0.085989286,0.349725));
#5216=CARTESIAN_POINT('',(0.872880155,0.090771192,0.339725));
#5217=CARTESIAN_POINT('',(0.872880155,0.090771192,0.349725));
#5218=CARTESIAN_POINT('',(0.870645284,0.100098089,0.339725));
#5219=CARTESIAN_POINT('',(0.870645284,0.100098089,0.349725));
#5220=CARTESIAN_POINT('',(0.866164581,0.113450193,0.339725));
#5221=CARTESIAN_POINT('',(0.866164581,0.113450193,0.349725));
#5222=CARTESIAN_POINT('',(0.861243306,0.125956801,0.339725));
#5223=CARTESIAN_POINT('',(0.861243306,0.125956801,0.349725));
#5224=CARTESIAN_POINT('',(0.855785134,0.13763927,0.339725));
#5225=CARTESIAN_POINT('',(0.855785134,0.13763927,0.349725));
#5226=CARTESIAN_POINT('',(0.849447926,0.148292151,0.339725));
#5227=CARTESIAN_POINT('',(0.849447926,0.148292151,0.349725));
#5228=CARTESIAN_POINT('',(0.842663767,0.158175094,0.339725));
#5229=CARTESIAN_POINT('',(0.842663767,0.158175094,0.349725));
#5230=CARTESIAN_POINT('',(0.835169,0.167149723,0.339725));
#5231=CARTESIAN_POINT('',(0.835169,0.167149723,0.349725));
#5232=CARTESIAN_POINT('',(0.827032044,0.175176248,0.339725));
#5233=CARTESIAN_POINT('',(0.827032044,0.175176248,0.349725));
#5234=CARTESIAN_POINT('',(0.818437213,0.182338753,0.339725));
#5235=CARTESIAN_POINT('',(0.818437213,0.182338753,0.349725));
#5236=CARTESIAN_POINT('',(0.809393838,0.188548577,0.339725));
#5237=CARTESIAN_POINT('',(0.809393838,0.188548577,0.349725));
#5238=CARTESIAN_POINT('',(0.799896015,0.193767473,0.339725));
#5239=CARTESIAN_POINT('',(0.799896015,0.193767473,0.349725));
#5240=CARTESIAN_POINT('',(0.790026583,0.19810544,0.339725));
#5241=CARTESIAN_POINT('',(0.790026583,0.19810544,0.349725));
#5242=CARTESIAN_POINT('',(0.779658024,0.201314406,0.339725));
#5243=CARTESIAN_POINT('',(0.779658024,0.201314406,0.349725));
#5244=CARTESIAN_POINT('',(0.768984915,0.203805192,0.339725));
#5245=CARTESIAN_POINT('',(0.768984915,0.203805192,0.349725));
#5246=CARTESIAN_POINT('',(0.757827719,0.205174684,0.339725));
#5247=CARTESIAN_POINT('',(0.757827719,0.205174684,0.349725));
#5248=CARTESIAN_POINT('',(0.750273997,0.205370248,0.339725));
#5249=CARTESIAN_POINT('',(0.750273997,0.205370248,0.349725));
#5250=CARTESIAN_POINT('',(0.746428571,0.205469805,0.339725));
#5251=CARTESIAN_POINT('',(0.746428571,0.205469805,0.349725));
#5252=B_SPLINE_SURFACE_WITH_KNOTS('',3,1,((#5214,#5215),(#5216,#5217),(#5218,#5219),(#5220,#5221),(#5222,#5223),(#5224,#5225),(#5226,#5227),(#5228,#5229),(#5230,#5231),(#5232,#5233),(#5234,#5235),(#5236,#5237),(#5238,#5239),(#5240,#5241),(#5242,#5243),(#5244,#5245),(#5246,#5247),(#5248,#5249),(#5250,#5251)),.UNSPECIFIED.,.F.,.F.,.U.,(4,1,1,1,1,1,1,1,1,1,1,1,1,1,1,1,4),(2,2),(0.,0.077427437,0.151018808,0.221617986,0.289107218,0.353872655,0.416654082,0.477774333,0.537749974,0.59646908,0.653806036,0.710273026,0.76696637,0.823310977,0.881006415,0.939423104,1.),(0.,1.),.UNSPECIFIED.);
#5253=ORIENTED_EDGE('',*,*,#5208,.T.);
#5254=CARTESIAN_POINT('',(0.874025974,0.085989286,0.339725));
#5255=VERTEX_POINT('',#5254);
#5256=CARTESIAN_POINT('',(0.746428571,0.205469805,0.339725));
#5257=CARTESIAN_POINT('',(0.754363581,0.205264369,0.339725));
#5258=CARTESIAN_POINT('',(0.762320817,0.204871159,0.339725));
#5259=CARTESIAN_POINT('',(0.770118781,0.203396425,0.339725));
#5260=CARTESIAN_POINT('',(0.777916745,0.20192169,0.339725));
#5261=CARTESIAN_POINT('',(0.785602357,0.199759347,0.339725));
#5262=CARTESIAN_POINT('',(0.79294346,0.196741438,0.339725));
#5263=CARTESIAN_POINT('',(0.807625667,0.190705621,0.339725));
#5264=CARTESIAN_POINT('',(0.820906571,0.181435613,0.339725));
#5265=CARTESIAN_POINT('',(0.832061163,0.170140145,0.339725));
#5266=CARTESIAN_POINT('',(0.843215755,0.158844676,0.339725));
#5267=CARTESIAN_POINT('',(0.852128157,0.145414166,0.339725));
#5268=CARTESIAN_POINT('',(0.858830825,0.131022329,0.339725));
#5269=CARTESIAN_POINT('',(0.865533493,0.116630493,0.339725));
#5270=CARTESIAN_POINT('',(0.870326318,0.101429246,0.339725));
#5271=CARTESIAN_POINT('',(0.874025974,0.085989286,0.339725));
#5272=B_SPLINE_CURVE_WITH_KNOTS('',3,(#5256,#5257,#5258,#5259,#5260,#5261,#5262,#5263,#5264,#5265,#5266,#5267,#5268,#5269,#5270,#5271),.UNSPECIFIED.,.F.,.F.,(4,3,3,3,3,4),(0.,0.125,0.25,0.5,0.75,1.),.UNSPECIFIED.);
#5273=EDGE_CURVE('NONE',#5187,#5255,#5272,.T.);
#5274=ORIENTED_EDGE('',*,*,#5273,.T.);
#5275=CARTESIAN_POINT('',(0.874025974,0.085989286,0.349725));
#5276=DIRECTION('',(-0.,-0.,-1.));
#5277=VECTOR('',#5276,0.01);
#5278=LINE('',#5275,#5277);
#5279=EDGE_CURVE('NONE',#510,#5255,#5278,.T.);
#5280=ORIENTED_EDGE('',*,*,#5279,.F.);
#5281=ORIENTED_EDGE('',*,*,#528,.F.);
#5282=EDGE_LOOP('',(#5253,#5274,#5280,#5281));
#5283=FACE_BOUND('',#5282,.T.);
#5284=ADVANCED_FACE('NONE',(#5283),#5252,.F.);
#5285=CARTESIAN_POINT('',(0.874025974,0.085989286,0.349725));
#5286=DIRECTION('',(-0.242535625,0.9701425,-0.));
#5287=DIRECTION('',(-0.9701425,-0.242535625,0.));
#5288=AXIS2_PLACEMENT_3D('',#5285,#5286,#5287);
#5289=PLANE('',#5288);
#5290=ORIENTED_EDGE('',*,*,#5279,.T.);
#5291=CARTESIAN_POINT('',(0.832467532,0.075599675,0.339725));
#5292=VERTEX_POINT('',#5291);
#5293=CARTESIAN_POINT('',(0.874025974,0.085989286,0.339725));
#5294=DIRECTION('',(-0.9701425,-0.242535625,0.));
#5295=VECTOR('',#5294,0.042837461);
#5296=LINE('',#5293,#5295);
#5297=EDGE_CURVE('NONE',#5255,#5292,#5296,.T.);
#5298=ORIENTED_EDGE('',*,*,#5297,.T.);
#5299=CARTESIAN_POINT('',(0.832467532,0.075599675,0.349725));
#5300=DIRECTION('',(-0.,-0.,-1.));
#5301=VECTOR('',#5300,0.01);
#5302=LINE('',#5299,#5301);
#5303=EDGE_CURVE('NONE',#531,#5292,#5302,.T.);
#5304=ORIENTED_EDGE('',*,*,#5303,.F.);
#5305=ORIENTED_EDGE('',*,*,#536,.F.);
#5306=EDGE_LOOP('',(#5290,#5298,#5304,#5305));
#5307=FACE_BOUND('',#5306,.T.);
#5308=ADVANCED_FACE('NONE',(#5307),#5289,.T.);
#5309=CARTESIAN_POINT('',(0.744724026,0.158716558,0.339725));
#5310=CARTESIAN_POINT('',(0.744724026,0.158716558,0.349725));
#5311=CARTESIAN_POINT('',(0.74740531,0.158654341,0.339725));
#5312=CARTESIAN_POINT('',(0.74740531,0.158654341,0.349725));
#5313=CARTESIAN_POINT('',(0.752704725,0.158531372,0.339725));
#5314=CARTESIAN_POINT('',(0.752704725,0.158531372,0.349725));
#5315=CARTESIAN_POINT('',(0.760452341,0.157557504,0.339725));
#5316=CARTESIAN_POINT('',(0.760452341,0.157557504,0.349725));
#5317=CARTESIAN_POINT('',(0.767864022,0.155906464,0.339725));
#5318=CARTESIAN_POINT('',(0.767864022,0.155906464,0.349725));
#5319=CARTESIAN_POINT('',(0.774920068,0.153664949,0.339725));
#5320=CARTESIAN_POINT('',(0.774920068,0.153664949,0.349725));
#5321=CARTESIAN_POINT('',(0.78164368,0.150684918,0.339725));
#5322=CARTESIAN_POINT('',(0.78164368,0.150684918,0.349725));
#5323=CARTESIAN_POINT('',(0.788056107,0.147139886,0.339725));
#5324=CARTESIAN_POINT('',(0.788056107,0.147139886,0.349725));
#5325=CARTESIAN_POINT('',(0.794099403,0.14289641,0.339725));
#5326=CARTESIAN_POINT('',(0.794099403,0.14289641,0.349725));
#5327=CARTESIAN_POINT('',(0.79972339,0.137942872,0.339725));
#5328=CARTESIAN_POINT('',(0.79972339,0.137942872,0.349725));
#5329=CARTESIAN_POINT('',(0.805100407,0.132452845,0.339725));
#5330=CARTESIAN_POINT('',(0.805100407,0.132452845,0.349725));
#5331=CARTESIAN_POINT('',(0.810051497,0.12622054,0.339725));
#5332=CARTESIAN_POINT('',(0.810051497,0.12622054,0.349725));
#5333=CARTESIAN_POINT('',(0.814680655,0.11937737,0.339725));
#5334=CARTESIAN_POINT('',(0.814680655,0.11937737,0.349725));
#5335=CARTESIAN_POINT('',(0.818995804,0.111904284,0.339725));
#5336=CARTESIAN_POINT('',(0.818995804,0.111904284,0.349725));
#5337=CARTESIAN_POINT('',(0.822870824,0.103740383,0.339725));
#5338=CARTESIAN_POINT('',(0.822870824,0.103740383,0.349725));
#5339=CARTESIAN_POINT('',(0.826436332,0.09495651,0.339725));
#5340=CARTESIAN_POINT('',(0.826436332,0.09495651,0.349725));
#5341=CARTESIAN_POINT('',(0.829696299,0.085528948,0.339725));
#5342=CARTESIAN_POINT('',(0.829696299,0.085528948,0.349725));
#5343=CARTESIAN_POINT('',(0.831528227,0.078965188,0.339725));
#5344=CARTESIAN_POINT('',(0.831528227,0.078965188,0.349725));
#5345=CARTESIAN_POINT('',(0.832467532,0.075599675,0.339725));
#5346=CARTESIAN_POINT('',(0.832467532,0.075599675,0.349725));
#5347=B_SPLINE_SURFACE_WITH_KNOTS('',3,1,((#5309,#5310),(#5311,#5312),(#5313,#5314),(#5315,#5316),(#5317,#5318),(#5319,#5320),(#5321,#5322),(#5323,#5324),(#5325,#5326),(#5327,#5328),(#5329,#5330),(#5331,#5332),(#5333,#5334),(#5335,#5336),(#5337,#5338),(#5339,#5340),(#5341,#5342),(#5343,#5344),(#5345,#5346)),.UNSPECIFIED.,.F.,.F.,.U.,(4,1,1,1,1,1,1,1,1,1,1,1,1,1,1,1,4),(2,2),(0.,0.061140218,0.120840381,0.177731837,0.234129204,0.289390972,0.345191022,0.401001307,0.457425675,0.515901419,0.576036903,0.638678322,0.704195826,0.772643824,0.844606457,0.920323281,1.),(0.,1.),.UNSPECIFIED.);
#5348=ORIENTED_EDGE('',*,*,#5303,.T.);
#5349=CARTESIAN_POINT('',(0.74472146,0.158716451,0.339725));
#5350=VERTEX_POINT('',#5349);
#5351=CARTESIAN_POINT('',(0.832467532,0.075599675,0.339725));
#5352=CARTESIAN_POINT('',(0.829520293,0.086159575,0.339725));
#5353=CARTESIAN_POINT('',(0.826120719,0.096618069,0.339725));
#5354=CARTESIAN_POINT('',(0.821499236,0.106560777,0.339725));
#5355=CARTESIAN_POINT('',(0.816877752,0.116503485,0.339725));
#5356=CARTESIAN_POINT('',(0.811023222,0.125949679,0.339725));
#5357=CARTESIAN_POINT('',(0.803544766,0.133966158,0.339725));
#5358=CARTESIAN_POINT('',(0.796066311,0.141982636,0.339725));
#5359=CARTESIAN_POINT('',(0.786986904,0.148549085,0.339725));
#5360=CARTESIAN_POINT('',(0.776859252,0.152750662,0.339725));
#5361=CARTESIAN_POINT('',(0.766731601,0.15695224,0.339725));
#5362=CARTESIAN_POINT('',(0.755687693,0.158462154,0.339725));
#5363=CARTESIAN_POINT('',(0.744724026,0.158716558,0.339725));
#5364=B_SPLINE_CURVE_WITH_KNOTS('',3,(#5351,#5352,#5353,#5354,#5355,#5356,#5357,#5358,#5359,#5360,#5361,#5362,#5363),.UNSPECIFIED.,.F.,.F.,(4,3,3,3,4),(0.,0.25,0.5,0.75,1.),.UNSPECIFIED.);
#5365=EDGE_CURVE('NONE',#5292,#5350,#5364,.T.);
#5366=ORIENTED_EDGE('',*,*,#5365,.T.);
#5367=CARTESIAN_POINT('',(0.744724026,0.158716558,0.349725));
#5368=DIRECTION('',(0.,-0.,-1.));
#5369=VECTOR('',#5368,0.01);
#5370=LINE('',#5367,#5369);
#5371=EDGE_CURVE('NONE',#539,#5350,#5370,.T.);
#5372=ORIENTED_EDGE('',*,*,#5371,.F.);
#5373=ORIENTED_EDGE('',*,*,#554,.F.);
#5374=EDGE_LOOP('',(#5348,#5366,#5372,#5373));
#5375=FACE_BOUND('',#5374,.T.);
#5376=ADVANCED_FACE('NONE',(#5375),#5347,.F.);
#5377=CARTESIAN_POINT('',(0.635064935,0.002953571,0.339725));
#5378=CARTESIAN_POINT('',(0.635064935,0.002953571,0.349725));
#5379=CARTESIAN_POINT('',(0.635118475,0.007283186,0.339725));
#5380=CARTESIAN_POINT('',(0.635118475,0.007283186,0.349725));
#5381=CARTESIAN_POINT('',(0.635223607,0.01578494,0.339725));
#5382=CARTESIAN_POINT('',(0.635223607,0.01578494,0.349725));
#5383=CARTESIAN_POINT('',(0.635846582,0.028244539,0.339725));
#5384=CARTESIAN_POINT('',(0.635846582,0.028244539,0.349725));
#5385=CARTESIAN_POINT('',(0.637006775,0.040127496,0.339725));
#5386=CARTESIAN_POINT('',(0.637006775,0.040127496,0.349725));
#5387=CARTESIAN_POINT('',(0.638511575,0.051430354,0.339725));
#5388=CARTESIAN_POINT('',(0.638511575,0.051430354,0.349725));
#5389=CARTESIAN_POINT('',(0.640535428,0.062162411,0.339725));
#5390=CARTESIAN_POINT('',(0.640535428,0.062162411,0.349725));
#5391=CARTESIAN_POINT('',(0.643044396,0.072293321,0.339725));
#5392=CARTESIAN_POINT('',(0.643044396,0.072293321,0.349725));
#5393=CARTESIAN_POINT('',(0.645986116,0.081853923,0.339725));
#5394=CARTESIAN_POINT('',(0.645986116,0.081853923,0.349725));
#5395=CARTESIAN_POINT('',(0.649293499,0.090861135,0.339725));
#5396=CARTESIAN_POINT('',(0.649293499,0.090861135,0.349725));
#5397=CARTESIAN_POINT('',(0.653006049,0.099295466,0.339725));
#5398=CARTESIAN_POINT('',(0.653006049,0.099295466,0.349725));
#5399=CARTESIAN_POINT('',(0.657126038,0.107110537,0.339725));
#5400=CARTESIAN_POINT('',(0.657126038,0.107110537,0.349725));
#5401=CARTESIAN_POINT('',(0.661374228,0.114473169,0.339725));
#5402=CARTESIAN_POINT('',(0.661374228,0.114473169,0.349725));
#5403=CARTESIAN_POINT('',(0.666085077,0.121174485,0.339725));
#5404=CARTESIAN_POINT('',(0.666085077,0.121174485,0.349725));
#5405=CARTESIAN_POINT('',(0.671058243,0.127296066,0.339725));
#5406=CARTESIAN_POINT('',(0.671058243,0.127296066,0.349725));
#5407=CARTESIAN_POINT('',(0.676292397,0.132887984,0.339725));
#5408=CARTESIAN_POINT('',(0.676292397,0.132887984,0.349725));
#5409=CARTESIAN_POINT('',(0.681851258,0.137896988,0.339725));
#5410=CARTESIAN_POINT('',(0.681851258,0.137896988,0.349725));
#5411=CARTESIAN_POINT('',(0.689693701,0.143755998,0.339725));
#5412=CARTESIAN_POINT('',(0.689693701,0.143755998,0.349725));
#5413=CARTESIAN_POINT('',(0.700271006,0.149864544,0.339725));
#5414=CARTESIAN_POINT('',(0.700271006,0.149864544,0.349725));
#5415=CARTESIAN_POINT('',(0.714168313,0.154955258,0.339725));
#5416=CARTESIAN_POINT('',(0.714168313,0.154955258,0.349725));
#5417=CARTESIAN_POINT('',(0.72910453,0.158137872,0.339725));
#5418=CARTESIAN_POINT('',(0.72910453,0.158137872,0.349725));
#5419=CARTESIAN_POINT('',(0.739431701,0.158520483,0.339725));
#5420=CARTESIAN_POINT('',(0.739431701,0.158520483,0.349725));
#5421=CARTESIAN_POINT('',(0.744724026,0.158716558,0.339725));
#5422=CARTESIAN_POINT('',(0.744724026,0.158716558,0.349725));
#5423=B_SPLINE_SURFACE_WITH_KNOTS('',3,1,((#5377,#5378),(#5379,#5380),(#5381,#5382),(#5383,#5384),(#5385,#5386),(#5387,#5388),(#5389,#5390),(#5391,#5392),(#5393,#5394),(#5395,#5396),(#5397,#5398),(#5399,#5400),(#5401,#5402),(#5403,#5404),(#5405,#5406),(#5407,#5408),(#5409,#5410),(#5411,#5412),(#5413,#5414),(#5415,#5416),(#5417,#5418),(#5419,#5420),(#5421,#5422)),.UNSPECIFIED.,.F.,.F.,.U.,(4,1,1,1,1,1,1,1,1,1,1,1,1,1,1,1,1,1,1,1,4),(2,2),(0.,0.06047906,0.118758404,0.174188945,0.227209386,0.277982675,0.326654716,0.372918068,0.41763827,0.460615812,0.501522885,0.540995981,0.579263844,0.615799895,0.651091139,0.686148899,0.720162392,0.787711088,0.855874411,0.926140511,1.),(0.,1.),.UNSPECIFIED.);
#5424=ORIENTED_EDGE('',*,*,#5371,.T.);
#5425=CARTESIAN_POINT('',(0.635064935,0.002953571,0.339725));
#5426=VERTEX_POINT('',#5425);
#5427=CARTESIAN_POINT('',(0.744721459,0.158716463,0.339725));
#5428=CARTESIAN_POINT('',(0.735769057,0.158384786,0.339725));
#5429=CARTESIAN_POINT('',(0.726801416,0.157786773,0.339725));
#5430=CARTESIAN_POINT('',(0.718097888,0.155641701,0.339725));
#5431=CARTESIAN_POINT('',(0.70939436,0.15349663,0.339725));
#5432=CARTESIAN_POINT('',(0.70096071,0.150224714,0.339725));
#5433=CARTESIAN_POINT('',(0.693235588,0.145684101,0.339725));
#5434=CARTESIAN_POINT('',(0.677785343,0.136602875,0.339725));
#5435=CARTESIAN_POINT('',(0.665698746,0.122573286,0.339725));
#5436=CARTESIAN_POINT('',(0.657066054,0.106887819,0.339725));
#5437=CARTESIAN_POINT('',(0.648433363,0.091202352,0.339725));
#5438=CARTESIAN_POINT('',(0.642752097,0.07399423,0.339725));
#5439=CARTESIAN_POINT('',(0.639474127,0.056396719,0.339725));
#5440=CARTESIAN_POINT('',(0.636196157,0.038799208,0.339725));
#5441=CARTESIAN_POINT('',(0.63528625,0.020850735,0.339725));
#5442=CARTESIAN_POINT('',(0.635064935,0.002953571,0.339725));
#5443=B_SPLINE_CURVE_WITH_KNOTS('',3,(#5427,#5428,#5429,#5430,#5431,#5432,#5433,#5434,#5435,#5436,#5437,#5438,#5439,#5440,#5441,#5442),.UNSPECIFIED.,.F.,.F.,(4,3,3,3,3,4),(0.,0.124998507,0.249997015,0.49999403,0.749991045,0.99998806),.UNSPECIFIED.);
#5444=EDGE_CURVE('NONE',#5350,#5426,#5443,.T.);
#5445=ORIENTED_EDGE('',*,*,#5444,.T.);
#5446=CARTESIAN_POINT('',(0.635064935,0.002953571,0.349725));
#5447=DIRECTION('',(0.,-0.,-1.));
#5448=VECTOR('',#5447,0.01);
#5449=LINE('',#5446,#5448);
#5450=EDGE_CURVE('NONE',#557,#5426,#5449,.T.);
#5451=ORIENTED_EDGE('',*,*,#5450,.F.);
#5452=ORIENTED_EDGE('',*,*,#575,.F.);
#5453=EDGE_LOOP('',(#5424,#5445,#5451,#5452));
#5454=FACE_BOUND('',#5453,.T.);
#5455=ADVANCED_FACE('NONE',(#5454),#5423,.F.);
#5456=CARTESIAN_POINT('',(0.741396104,-0.158166558,0.339725));
#5457=CARTESIAN_POINT('',(0.741396104,-0.158166558,0.349725));
#5458=CARTESIAN_POINT('',(0.737465693,-0.158040383,0.339725));
#5459=CARTESIAN_POINT('',(0.737465693,-0.158040383,0.349725));
#5460=CARTESIAN_POINT('',(0.72977547,-0.157793508,0.339725));
#5461=CARTESIAN_POINT('',(0.72977547,-0.157793508,0.349725));
#5462=CARTESIAN_POINT('',(0.718534911,-0.155896684,0.339725));
#5463=CARTESIAN_POINT('',(0.718534911,-0.155896684,0.349725));
#5464=CARTESIAN_POINT('',(0.707918051,-0.152699124,0.339725));
#5465=CARTESIAN_POINT('',(0.707918051,-0.152699124,0.349725));
#5466=CARTESIAN_POINT('',(0.697843458,-0.148327784,0.339725));
#5467=CARTESIAN_POINT('',(0.697843458,-0.148327784,0.349725));
#5468=CARTESIAN_POINT('',(0.68845259,-0.142548539,0.339725));
#5469=CARTESIAN_POINT('',(0.68845259,-0.142548539,0.349725));
#5470=CARTESIAN_POINT('',(0.679605619,-0.135597917,0.339725));
#5471=CARTESIAN_POINT('',(0.679605619,-0.135597917,0.349725));
#5472=CARTESIAN_POINT('',(0.671409997,-0.127343331,0.339725));
#5473=CARTESIAN_POINT('',(0.671409997,-0.127343331,0.349725));
#5474=CARTESIAN_POINT('',(0.663814,-0.117869114,0.339725));
#5475=CARTESIAN_POINT('',(0.663814,-0.117869114,0.349725));
#5476=CARTESIAN_POINT('',(0.657006114,-0.107122512,0.339725));
#5477=CARTESIAN_POINT('',(0.657006114,-0.107122512,0.349725));
#5478=CARTESIAN_POINT('',(0.651047102,-0.09511128,0.339725));
#5479=CARTESIAN_POINT('',(0.651047102,-0.09511128,0.349725));
#5480=CARTESIAN_POINT('',(0.646146518,-0.081810432,0.339725));
#5481=CARTESIAN_POINT('',(0.646146518,-0.081810432,0.349725));
#5482=CARTESIAN_POINT('',(0.642118602,-0.067275811,0.339725));
#5483=CARTESIAN_POINT('',(0.642118602,-0.067275811,0.349725));
#5484=CARTESIAN_POINT('',(0.638857691,-0.051501857,0.339725));
#5485=CARTESIAN_POINT('',(0.638857691,-0.051501857,0.349725));
#5486=CARTESIAN_POINT('',(0.636636364,-0.034437811,0.339725));
#5487=CARTESIAN_POINT('',(0.636636364,-0.034437811,0.349725));
#5488=CARTESIAN_POINT('',(0.635366713,-0.016140556,0.339725));
#5489=CARTESIAN_POINT('',(0.635366713,-0.016140556,0.349725));
#5490=CARTESIAN_POINT('',(0.635167596,-0.003541971,0.339725));
#5491=CARTESIAN_POINT('',(0.635167596,-0.003541971,0.349725));
#5492=CARTESIAN_POINT('',(0.635064935,0.002953571,0.339725));
#5493=CARTESIAN_POINT('',(0.635064935,0.002953571,0.349725));
#5494=B_SPLINE_SURFACE_WITH_KNOTS('',3,1,((#5456,#5457),(#5458,#5459),(#5460,#5461),(#5462,#5463),(#5464,#5465),(#5466,#5467),(#5468,#5469),(#5470,#5471),(#5472,#5473),(#5474,#5475),(#5476,#5477),(#5478,#5479),(#5480,#5481),(#5482,#5483),(#5484,#5485),(#5486,#5487),(#5488,#5489),(#5490,#5491),(#5492,#5493)),.UNSPECIFIED.,.F.,.F.,.U.,(4,1,1,1,1,1,1,1,1,1,1,1,1,1,1,1,4),(2,2),(0.,0.054331236,0.106304231,0.157082535,0.207339938,0.257708621,0.309127911,0.362566867,0.418191461,0.476728035,0.53813311,0.603246638,0.672419068,0.746526874,0.825789302,0.910180939,1.),(0.,1.),.UNSPECIFIED.);
#5495=ORIENTED_EDGE('',*,*,#5450,.T.);
#5496=CARTESIAN_POINT('',(0.741398676,-0.158166474,0.339725));
#5497=VERTEX_POINT('',#5496);
#5498=CARTESIAN_POINT('',(0.635064935,0.002953571,0.339725));
#5499=CARTESIAN_POINT('',(0.635350678,-0.015125951,0.339725));
#5500=CARTESIAN_POINT('',(0.636036741,-0.03325471,0.339725));
#5501=CARTESIAN_POINT('',(0.638998686,-0.051092175,0.339725));
#5502=CARTESIAN_POINT('',(0.641960631,-0.06892964,0.339725));
#5503=CARTESIAN_POINT('',(0.646661328,-0.086646884,0.339725));
#5504=CARTESIAN_POINT('',(0.654911443,-0.102744421,0.339725));
#5505=CARTESIAN_POINT('',(0.663161558,-0.118841958,0.339725));
#5506=CARTESIAN_POINT('',(0.674986854,-0.133287944,0.339725));
#5507=CARTESIAN_POINT('',(0.690018476,-0.143364187,0.339725));
#5508=CARTESIAN_POINT('',(0.697534287,-0.148402308,0.339725));
#5509=CARTESIAN_POINT('',(0.705874926,-0.152171029,0.339725));
#5510=CARTESIAN_POINT('',(0.714577634,-0.154633616,0.339725));
#5511=CARTESIAN_POINT('',(0.723280342,-0.157096202,0.339725));
#5512=CARTESIAN_POINT('',(0.732353399,-0.157876266,0.339725));
#5513=CARTESIAN_POINT('',(0.741396104,-0.158166558,0.339725));
#5514=B_SPLINE_CURVE_WITH_KNOTS('',3,(#5498,#5499,#5500,#5501,#5502,#5503,#5504,#5505,#5506,#5507,#5508,#5509,#5510,#5511,#5512,#5513),.UNSPECIFIED.,.F.,.F.,(4,3,3,3,3,4),(0.,0.25,0.5,0.75,0.875,1.),.UNSPECIFIED.);
#5515=EDGE_CURVE('NONE',#5426,#5497,#5514,.T.);
#5516=ORIENTED_EDGE('',*,*,#5515,.T.);
#5517=CARTESIAN_POINT('',(0.741396104,-0.158166558,0.349725));
#5518=DIRECTION('',(0.,-0.,-1.));
#5519=VECTOR('',#5518,0.01);
#5520=LINE('',#5517,#5519);
#5521=EDGE_CURVE('NONE',#578,#5497,#5520,.T.);
#5522=ORIENTED_EDGE('',*,*,#5521,.F.);
#5523=ORIENTED_EDGE('',*,*,#596,.F.);
#5524=EDGE_LOOP('',(#5495,#5516,#5522,#5523));
#5525=FACE_BOUND('',#5524,.T.);
#5526=ADVANCED_FACE('NONE',(#5525),#5494,.F.);
#5527=CARTESIAN_POINT('',(0.837662338,-0.05946526,0.339725));
#5528=CARTESIAN_POINT('',(0.837662338,-0.05946526,0.349725));
#5529=CARTESIAN_POINT('',(0.836900472,-0.063480445,0.339725));
#5530=CARTESIAN_POINT('',(0.836900472,-0.063480445,0.349725));
#5531=CARTESIAN_POINT('',(0.835412914,-0.071320181,0.339725));
#5532=CARTESIAN_POINT('',(0.835412914,-0.071320181,0.349725));
#5533=CARTESIAN_POINT('',(0.832404482,-0.082602352,0.339725));
#5534=CARTESIAN_POINT('',(0.832404482,-0.082602352,0.349725));
#5535=CARTESIAN_POINT('',(0.828840852,-0.093094438,0.339725));
#5536=CARTESIAN_POINT('',(0.828840852,-0.093094438,0.349725));
#5537=CARTESIAN_POINT('',(0.824758543,-0.102796381,0.339725));
#5538=CARTESIAN_POINT('',(0.824758543,-0.102796381,0.349725));
#5539=CARTESIAN_POINT('',(0.820269185,-0.111797608,0.339725));
#5540=CARTESIAN_POINT('',(0.820269185,-0.111797608,0.349725));
#5541=CARTESIAN_POINT('',(0.815036046,-0.119909494,0.339725));
#5542=CARTESIAN_POINT('',(0.815036046,-0.119909494,0.349725));
#5543=CARTESIAN_POINT('',(0.809355304,-0.127266107,0.339725));
#5544=CARTESIAN_POINT('',(0.809355304,-0.127266107,0.349725));
#5545=CARTESIAN_POINT('',(0.803141263,-0.133807495,0.339725));
#5546=CARTESIAN_POINT('',(0.803141263,-0.133807495,0.349725));
#5547=CARTESIAN_POINT('',(0.796504254,-0.139526799,0.339725));
#5548=CARTESIAN_POINT('',(0.796504254,-0.139526799,0.349725));
#5549=CARTESIAN_POINT('',(0.789580794,-0.144553946,0.339725));
#5550=CARTESIAN_POINT('',(0.789580794,-0.144553946,0.349725));
#5551=CARTESIAN_POINT('',(0.782274076,-0.148679403,0.339725));
#5552=CARTESIAN_POINT('',(0.782274076,-0.148679403,0.349725));
#5553=CARTESIAN_POINT('',(0.774735055,-0.152222819,0.339725));
#5554=CARTESIAN_POINT('',(0.774735055,-0.152222819,0.349725));
#5555=CARTESIAN_POINT('',(0.766811603,-0.154911159,0.339725));
#5556=CARTESIAN_POINT('',(0.766811603,-0.154911159,0.349725));
#5557=CARTESIAN_POINT('',(0.758589056,-0.156742896,0.339725));
#5558=CARTESIAN_POINT('',(0.758589056,-0.156742896,0.349725));
#5559=CARTESIAN_POINT('',(0.750088249,-0.157927497,0.339725));
#5560=CARTESIAN_POINT('',(0.750088249,-0.157927497,0.349725));
#5561=CARTESIAN_POINT('',(0.744322152,-0.158086083,0.339725));
#5562=CARTESIAN_POINT('',(0.744322152,-0.158086083,0.349725));
#5563=CARTESIAN_POINT('',(0.741396104,-0.158166558,0.339725));
#5564=CARTESIAN_POINT('',(0.741396104,-0.158166558,0.349725));
#5565=B_SPLINE_SURFACE_WITH_KNOTS('',3,1,((#5527,#5528),(#5529,#5530),(#5531,#5532),(#5533,#5534),(#5535,#5536),(#5537,#5538),(#5539,#5540),(#5541,#5542),(#5543,#5544),(#5545,#5546),(#5547,#5548),(#5549,#5550),(#5551,#5552),(#5553,#5554),(#5555,#5556),(#5557,#5558),(#5559,#5560),(#5561,#5562),(#5563,#5564)),.UNSPECIFIED.,.F.,.F.,.U.,(4,1,1,1,1,1,1,1,1,1,1,1,1,1,1,1,4),(2,2),(0.,0.081015052,0.15818362,0.231305607,0.300554165,0.366775156,0.430470567,0.491639636,0.550838384,0.609029429,0.665158509,0.720189755,0.775158203,0.830126652,0.885699168,0.941997211,1.),(0.,1.),.UNSPECIFIED.);
#5566=ORIENTED_EDGE('',*,*,#5521,.T.);
#5567=CARTESIAN_POINT('',(0.837662338,-0.05946526,0.339725));
#5568=VERTEX_POINT('',#5567);
#5569=CARTESIAN_POINT('',(0.741398676,-0.158166488,0.339725));
#5570=CARTESIAN_POINT('',(0.753999259,-0.157819933,0.339725));
#5571=CARTESIAN_POINT('',(0.766710272,-0.155834978,0.339725));
#5572=CARTESIAN_POINT('',(0.778170184,-0.150569883,0.339725));
#5573=CARTESIAN_POINT('',(0.789630096,-0.145304788,0.339725));
#5574=CARTESIAN_POINT('',(0.799989135,-0.137646965,0.339725));
#5575=CARTESIAN_POINT('',(0.808340979,-0.12819534,0.339725));
#5576=CARTESIAN_POINT('',(0.816692823,-0.118743715,0.339725));
#5577=CARTESIAN_POINT('',(0.822917622,-0.107564025,0.339725));
#5578=CARTESIAN_POINT('',(0.827621632,-0.095865433,0.339725));
#5579=CARTESIAN_POINT('',(0.832325642,-0.084166841,0.339725));
#5580=CARTESIAN_POINT('',(0.835311338,-0.071855505,0.339725));
#5581=CARTESIAN_POINT('',(0.837662338,-0.05946526,0.339725));
#5582=B_SPLINE_CURVE_WITH_KNOTS('',3,(#5569,#5570,#5571,#5572,#5573,#5574,#5575,#5576,#5577,#5578,#5579,#5580,#5581),.UNSPECIFIED.,.F.,.F.,(4,3,3,3,4),(0.,0.249995751,0.499991502,0.749987253,0.999983004),.UNSPECIFIED.);
#5583=EDGE_CURVE('NONE',#5497,#5568,#5582,.T.);
#5584=ORIENTED_EDGE('',*,*,#5583,.T.);
#5585=CARTESIAN_POINT('',(0.837662338,-0.05946526,0.349725));
#5586=DIRECTION('',(-0.,-0.,-1.));
#5587=VECTOR('',#5586,0.01);
#5588=LINE('',#5585,#5587);
#5589=EDGE_CURVE('NONE',#446,#5568,#5588,.T.);
#5590=ORIENTED_EDGE('',*,*,#5589,.F.);
#5591=ORIENTED_EDGE('',*,*,#612,.F.);
#5592=EDGE_LOOP('',(#5566,#5584,#5590,#5591));
#5593=FACE_BOUND('',#5592,.T.);
#5594=ADVANCED_FACE('NONE',(#5593),#5565,.F.);
#5595=CARTESIAN_POINT('',(0.837662338,-0.05946526,0.349725));
#5596=DIRECTION('',(-0.242535625,-0.9701425,0.));
#5597=DIRECTION('',(0.9701425,-0.242535625,0.));
#5598=AXIS2_PLACEMENT_3D('',#5595,#5596,#5597);
#5599=PLANE('',#5598);
#5600=ORIENTED_EDGE('',*,*,#453,.F.);
#5601=ORIENTED_EDGE('',*,*,#5589,.T.);
#5602=CARTESIAN_POINT('',(0.837662338,-0.05946526,0.339725));
#5603=DIRECTION('',(0.9701425,-0.242535625,0.));
#5604=VECTOR('',#5603,0.042837461);
#5605=LINE('',#5602,#5604);
#5606=EDGE_CURVE('NONE',#5568,#5011,#5605,.T.);
#5607=ORIENTED_EDGE('',*,*,#5606,.T.);
#5608=ORIENTED_EDGE('',*,*,#5016,.F.);
#5609=EDGE_LOOP('',(#5600,#5601,#5607,#5608));
#5610=FACE_BOUND('',#5609,.T.);
#5611=ADVANCED_FACE('NONE',(#5610),#5599,.T.);
#5612=CARTESIAN_POINT('',(-0.95,-0.399725,0.339725));
#5613=DIRECTION('',(0.,0.,1.));
#5614=DIRECTION('',(0.,-1.,0.));
#5615=AXIS2_PLACEMENT_3D('',#5612,#5613,#5614);
#5616=PLANE('',#5615);
#5617=ORIENTED_EDGE('',*,*,#5583,.F.);
#5618=ORIENTED_EDGE('',*,*,#5515,.F.);
#5619=ORIENTED_EDGE('',*,*,#5444,.F.);
#5620=ORIENTED_EDGE('',*,*,#5365,.F.);
#5621=ORIENTED_EDGE('',*,*,#5297,.F.);
#5622=ORIENTED_EDGE('',*,*,#5273,.F.);
#5623=ORIENTED_EDGE('',*,*,#5202,.F.);
#5624=ORIENTED_EDGE('',*,*,#5118,.F.);
#5625=ORIENTED_EDGE('',*,*,#5034,.F.);
#5626=ORIENTED_EDGE('',*,*,#5606,.F.);
#5627=EDGE_LOOP('',(#5617,#5618,#5619,#5620,#5621,#5622,#5623,#5624,#5625,#5626));
#5628=FACE_BOUND('',#5627,.T.);
#5629=ADVANCED_FACE('NONE',(#5628),#5616,.T.);
#5630=OVER_RIDING_STYLED_ITEM('',(#95),#5629,#54);
#5631=CARTESIAN_POINT('',(0.363051948,-0.158166558,0.339725));
#5632=CARTESIAN_POINT('',(0.363051948,-0.158166558,0.349725));
#5633=CARTESIAN_POINT('',(0.358686408,-0.158029073,0.339725));
#5634=CARTESIAN_POINT('',(0.358686408,-0.158029073,0.349725));
#5635=CARTESIAN_POINT('',(0.350146021,-0.157760108,0.339725));
#5636=CARTESIAN_POINT('',(0.350146021,-0.157760108,0.349725));
#5637=CARTESIAN_POINT('',(0.33767211,-0.155561298,0.339725));
#5638=CARTESIAN_POINT('',(0.33767211,-0.155561298,0.349725));
#5639=CARTESIAN_POINT('',(0.325835221,-0.152125825,0.339725));
#5640=CARTESIAN_POINT('',(0.325835221,-0.152125825,0.349725));
#5641=CARTESIAN_POINT('',(0.314802445,-0.147153881,0.339725));
#5642=CARTESIAN_POINT('',(0.314802445,-0.147153881,0.349725));
#5643=CARTESIAN_POINT('',(0.304778675,-0.140993482,0.339725));
#5644=CARTESIAN_POINT('',(0.304778675,-0.140993482,0.349725));
#5645=CARTESIAN_POINT('',(0.295824121,-0.133936945,0.339725));
#5646=CARTESIAN_POINT('',(0.295824121,-0.133936945,0.349725));
#5647=CARTESIAN_POINT('',(0.288221706,-0.125848431,0.339725));
#5648=CARTESIAN_POINT('',(0.288221706,-0.125848431,0.349725));
#5649=CARTESIAN_POINT('',(0.281566102,-0.116854526,0.339725));
#5650=CARTESIAN_POINT('',(0.281566102,-0.116854526,0.349725));
#5651=CARTESIAN_POINT('',(0.276372452,-0.106244272,0.339725));
#5652=CARTESIAN_POINT('',(0.276372452,-0.106244272,0.349725));
#5653=CARTESIAN_POINT('',(0.272168547,-0.094036307,0.339725));
#5654=CARTESIAN_POINT('',(0.272168547,-0.094036307,0.349725));
#5655=CARTESIAN_POINT('',(0.269025448,-0.079984693,0.339725));
#5656=CARTESIAN_POINT('',(0.269025448,-0.079984693,0.349725));
#5657=CARTESIAN_POINT('',(0.267877842,-0.069950791,0.339725));
#5658=CARTESIAN_POINT('',(0.267877842,-0.069950791,0.349725));
#5659=CARTESIAN_POINT('',(0.267272727,-0.064660065,0.339725));
#5660=CARTESIAN_POINT('',(0.267272727,-0.064660065,0.349725));
#5661=B_SPLINE_SURFACE_WITH_KNOTS('',3,1,((#5631,#5632),(#5633,#5634),(#5635,#5636),(#5637,#5638),(#5639,#5640),(#5641,#5642),(#5643,#5644),(#5645,#5646),(#5647,#5648),(#5649,#5650),(#5651,#5652),(#5653,#5654),(#5655,#5656),(#5657,#5658),(#5659,#5660)),.UNSPECIFIED.,.F.,.F.,.U.,(4,1,1,1,1,1,1,1,1,1,1,1,4),(2,2),(0.,0.087470414,0.171119986,0.253160593,0.334014406,0.412906507,0.488558018,0.561844678,0.634867879,0.712011864,0.797617247,0.893286615,1.),(0.,1.),.UNSPECIFIED.);
#5662=CARTESIAN_POINT('',(0.267272727,-0.064660065,0.339725));
#5663=VERTEX_POINT('',#5662);
#5664=CARTESIAN_POINT('',(0.267272727,-0.064660065,0.349725));
#5665=DIRECTION('',(-0.,-0.,-1.));
#5666=VECTOR('',#5665,0.01);
#5667=LINE('',#5664,#5666);
#5668=EDGE_CURVE('NONE',#160,#5663,#5667,.T.);
#5669=ORIENTED_EDGE('',*,*,#5668,.T.);
#5670=CARTESIAN_POINT('',(0.363056775,-0.15816646,0.339725));
#5671=VERTEX_POINT('',#5670);
#5672=CARTESIAN_POINT('',(0.267272727,-0.064660065,0.339725));
#5673=CARTESIAN_POINT('',(0.268690345,-0.077054775,0.339725));
#5674=CARTESIAN_POINT('',(0.270542852,-0.089482144,0.339725));
#5675=CARTESIAN_POINT('',(0.274719703,-0.101237371,0.339725));
#5676=CARTESIAN_POINT('',(0.276808129,-0.107114985,0.339725));
#5677=CARTESIAN_POINT('',(0.279373632,-0.112859467,0.339725));
#5678=CARTESIAN_POINT('',(0.28274918,-0.1181024,0.339725));
#5679=CARTESIAN_POINT('',(0.286124728,-0.123345332,0.339725));
#5680=CARTESIAN_POINT('',(0.290181664,-0.128159426,0.339725));
#5681=CARTESIAN_POINT('',(0.294677539,-0.132480857,0.339725));
#5682=CARTESIAN_POINT('',(0.303669288,-0.14112372,0.339725));
#5683=CARTESIAN_POINT('',(0.314595016,-0.147743715,0.339725));
#5684=CARTESIAN_POINT('',(0.32632092,-0.151997953,0.339725));
#5685=CARTESIAN_POINT('',(0.332183873,-0.154125072,0.339725));
#5686=CARTESIAN_POINT('',(0.338264493,-0.155660046,0.339725));
#5687=CARTESIAN_POINT('',(0.344419373,-0.156680268,0.339725));
#5688=CARTESIAN_POINT('',(0.350574254,-0.157700491,0.339725));
#5689=CARTESIAN_POINT('',(0.356813353,-0.157970084,0.339725));
#5690=CARTESIAN_POINT('',(0.363051948,-0.158166558,0.339725));
#5691=B_SPLINE_CURVE_WITH_KNOTS('',3,(#5672,#5673,#5674,#5675,#5676,#5677,#5678,#5679,#5680,#5681,#5682,#5683,#5684,#5685,#5686,#5687,#5688,#5689,#5690),.UNSPECIFIED.,.F.,.F.,(4,3,3,3,3,3,4),(0.,0.25,0.375,0.5,0.75,0.875,1.),.UNSPECIFIED.);
#5692=EDGE_CURVE('NONE',#5663,#5671,#5691,.T.);
#5693=ORIENTED_EDGE('',*,*,#5692,.T.);
#5694=CARTESIAN_POINT('',(0.363051948,-0.158166558,0.349725));
#5695=DIRECTION('',(0.,-0.,-1.));
#5696=VECTOR('',#5695,0.01);
#5697=LINE('',#5694,#5696);
#5698=EDGE_CURVE('NONE',#168,#5671,#5697,.T.);
#5699=ORIENTED_EDGE('',*,*,#5698,.F.);
#5700=ORIENTED_EDGE('',*,*,#189,.F.);
#5701=EDGE_LOOP('',(#5669,#5693,#5699,#5700));
#5702=FACE_BOUND('',#5701,.T.);
#5703=ADVANCED_FACE('NONE',(#5702),#5661,.F.);
#5704=CARTESIAN_POINT('',(0.443896104,-0.089660065,0.339725));
#5705=CARTESIAN_POINT('',(0.443896104,-0.089660065,0.349725));
#5706=CARTESIAN_POINT('',(0.443834833,-0.092152006,0.339725));
#5707=CARTESIAN_POINT('',(0.443834833,-0.092152006,0.349725));
#5708=CARTESIAN_POINT('',(0.443715129,-0.097020522,0.339725));
#5709=CARTESIAN_POINT('',(0.443715129,-0.097020522,0.349725));
#5710=CARTESIAN_POINT('',(0.442744924,-0.10415915,0.339725));
#5711=CARTESIAN_POINT('',(0.442744924,-0.10415915,0.349725));
#5712=CARTESIAN_POINT('',(0.441004637,-0.110881587,0.339725));
#5713=CARTESIAN_POINT('',(0.441004637,-0.110881587,0.349725));
#5714=CARTESIAN_POINT('',(0.438760923,-0.117313451,0.339725));
#5715=CARTESIAN_POINT('',(0.438760923,-0.117313451,0.349725));
#5716=CARTESIAN_POINT('',(0.435701332,-0.123326669,0.339725));
#5717=CARTESIAN_POINT('',(0.435701332,-0.123326669,0.349725));
#5718=CARTESIAN_POINT('',(0.432072912,-0.129069274,0.339725));
#5719=CARTESIAN_POINT('',(0.432072912,-0.129069274,0.349725));
#5720=CARTESIAN_POINT('',(0.427610328,-0.134314841,0.339725));
#5721=CARTESIAN_POINT('',(0.427610328,-0.134314841,0.349725));
#5722=CARTESIAN_POINT('',(0.422687079,-0.13931301,0.339725));
#5723=CARTESIAN_POINT('',(0.422687079,-0.13931301,0.349725));
#5724=CARTESIAN_POINT('',(0.417103775,-0.143759909,0.339725));
#5725=CARTESIAN_POINT('',(0.417103775,-0.143759909,0.349725));
#5726=CARTESIAN_POINT('',(0.410916165,-0.147579398,0.339725));
#5727=CARTESIAN_POINT('',(0.410916165,-0.147579398,0.349725));
#5728=CARTESIAN_POINT('',(0.404303956,-0.150959044,0.339725));
#5729=CARTESIAN_POINT('',(0.404303956,-0.150959044,0.349725));
#5730=CARTESIAN_POINT('',(0.397040532,-0.153494042,0.339725));
#5731=CARTESIAN_POINT('',(0.397040532,-0.153494042,0.349725));
#5732=CARTESIAN_POINT('',(0.38933037,-0.155661827,0.339725));
#5733=CARTESIAN_POINT('',(0.38933037,-0.155661827,0.349725));
#5734=CARTESIAN_POINT('',(0.381030136,-0.157055267,0.339725));
#5735=CARTESIAN_POINT('',(0.381030136,-0.157055267,0.349725));
#5736=CARTESIAN_POINT('',(0.372217883,-0.15798029,0.339725));
#5737=CARTESIAN_POINT('',(0.372217883,-0.15798029,0.349725));
#5738=CARTESIAN_POINT('',(0.366165992,-0.158103276,0.339725));
#5739=CARTESIAN_POINT('',(0.366165992,-0.158103276,0.349725));
#5740=CARTESIAN_POINT('',(0.363051948,-0.158166558,0.339725));
#5741=CARTESIAN_POINT('',(0.363051948,-0.158166558,0.349725));
#5742=B_SPLINE_SURFACE_WITH_KNOTS('',3,1,((#5704,#5705),(#5706,#5707),(#5708,#5709),(#5710,#5711),(#5712,#5713),(#5714,#5715),(#5716,#5717),(#5718,#5719),(#5720,#5721),(#5722,#5723),(#5724,#5725),(#5726,#5727),(#5728,#5729),(#5730,#5731),(#5732,#5733),(#5734,#5735),(#5736,#5737),(#5738,#5739),(#5740,#5741)),.UNSPECIFIED.,.F.,.F.,.U.,(4,1,1,1,1,1,1,1,1,1,1,1,1,1,1,1,4),(2,2),(0.,0.062521475,0.122148474,0.180276192,0.236542243,0.292714,0.349213055,0.406586483,0.465156604,0.52506511,0.585157997,0.647402378,0.710976673,0.777847939,0.848169851,0.921874703,1.),(0.,1.),.UNSPECIFIED.);
#5743=ORIENTED_EDGE('',*,*,#5698,.T.);
#5744=CARTESIAN_POINT('',(0.443895957,-0.089655881,0.339725));
#5745=VERTEX_POINT('',#5744);
#5746=CARTESIAN_POINT('',(0.363056775,-0.15816646,0.339725));
#5747=CARTESIAN_POINT('',(0.373006231,-0.15796427,0.339725));
#5748=CARTESIAN_POINT('',(0.383038662,-0.157267428,0.339725));
#5749=CARTESIAN_POINT('',(0.392663329,-0.154689524,0.339725));
#5750=CARTESIAN_POINT('',(0.402287995,-0.152111621,0.339725));
#5751=CARTESIAN_POINT('',(0.411579934,-0.147988741,0.339725));
#5752=CARTESIAN_POINT('',(0.419437577,-0.141851736,0.339725));
#5753=CARTESIAN_POINT('',(0.427295219,-0.13571473,0.339725));
#5754=CARTESIAN_POINT('',(0.433772758,-0.127765365,0.339725));
#5755=CARTESIAN_POINT('',(0.437965622,-0.118727079,0.339725));
#5756=CARTESIAN_POINT('',(0.440062054,-0.114207936,0.339725));
#5757=CARTESIAN_POINT('',(0.441537583,-0.109406282,0.339725));
#5758=CARTESIAN_POINT('',(0.442530405,-0.104523638,0.339725));
#5759=CARTESIAN_POINT('',(0.443523227,-0.099640994,0.339725));
#5760=CARTESIAN_POINT('',(0.443773605,-0.094642235,0.339725));
#5761=CARTESIAN_POINT('',(0.443896104,-0.089660065,0.339725));
#5762=B_SPLINE_CURVE_WITH_KNOTS('',3,(#5746,#5747,#5748,#5749,#5750,#5751,#5752,#5753,#5754,#5755,#5756,#5757,#5758,#5759,#5760,#5761),.UNSPECIFIED.,.F.,.F.,(4,3,3,3,3,4),(0.,0.249989908,0.499979816,0.749969723,0.874964677,0.999959631),.UNSPECIFIED.);
#5763=EDGE_CURVE('NONE',#5671,#5745,#5762,.T.);
#5764=ORIENTED_EDGE('',*,*,#5763,.T.);
#5765=CARTESIAN_POINT('',(0.443896104,-0.089660065,0.349725));
#5766=DIRECTION('',(0.,-0.,-1.));
#5767=VECTOR('',#5766,0.01);
#5768=LINE('',#5765,#5767);
#5769=EDGE_CURVE('NONE',#192,#5745,#5768,.T.);
#5770=ORIENTED_EDGE('',*,*,#5769,.F.);
#5771=ORIENTED_EDGE('',*,*,#210,.F.);
#5772=EDGE_LOOP('',(#5743,#5764,#5770,#5771));
#5773=FACE_BOUND('',#5772,.T.);
#5774=ADVANCED_FACE('NONE',(#5773),#5742,.F.);
#5775=CARTESIAN_POINT('',(0.343977273,-0.014010714,0.339725));
#5776=CARTESIAN_POINT('',(0.343977273,-0.014010714,0.349725));
#5777=CARTESIAN_POINT('',(0.348174421,-0.015161989,0.339725));
#5778=CARTESIAN_POINT('',(0.348174421,-0.015161989,0.349725));
#5779=CARTESIAN_POINT('',(0.356203053,-0.017364237,0.339725));
#5780=CARTESIAN_POINT('',(0.356203053,-0.017364237,0.349725));
#5781=CARTESIAN_POINT('',(0.367611974,-0.020698766,0.339725));
#5782=CARTESIAN_POINT('',(0.367611974,-0.020698766,0.349725));
#5783=CARTESIAN_POINT('',(0.377900966,-0.023786835,0.339725));
#5784=CARTESIAN_POINT('',(0.377900966,-0.023786835,0.349725));
#5785=CARTESIAN_POINT('',(0.387034067,-0.026668929,0.339725));
#5786=CARTESIAN_POINT('',(0.387034067,-0.026668929,0.349725));
#5787=CARTESIAN_POINT('',(0.395016309,-0.029435427,0.339725));
#5788=CARTESIAN_POINT('',(0.395016309,-0.029435427,0.349725));
#5789=CARTESIAN_POINT('',(0.401850219,-0.032005765,0.339725));
#5790=CARTESIAN_POINT('',(0.401850219,-0.032005765,0.349725));
#5791=CARTESIAN_POINT('',(0.407524726,-0.034442488,0.339725));
#5792=CARTESIAN_POINT('',(0.407524726,-0.034442488,0.349725));
#5793=CARTESIAN_POINT('',(0.413530896,-0.037269353,0.339725));
#5794=CARTESIAN_POINT('',(0.413530896,-0.037269353,0.349725));
#5795=CARTESIAN_POINT('',(0.419748359,-0.041150493,0.339725));
#5796=CARTESIAN_POINT('',(0.419748359,-0.041150493,0.349725));
#5797=CARTESIAN_POINT('',(0.426264302,-0.046268137,0.339725));
#5798=CARTESIAN_POINT('',(0.426264302,-0.046268137,0.349725));
#5799=CARTESIAN_POINT('',(0.431747895,-0.05205766,0.339725));
#5800=CARTESIAN_POINT('',(0.431747895,-0.05205766,0.349725));
#5801=CARTESIAN_POINT('',(0.436188164,-0.058474359,0.339725));
#5802=CARTESIAN_POINT('',(0.436188164,-0.058474359,0.349725));
#5803=CARTESIAN_POINT('',(0.439626176,-0.065486834,0.339725));
#5804=CARTESIAN_POINT('',(0.439626176,-0.065486834,0.349725));
#5805=CARTESIAN_POINT('',(0.442151603,-0.073038772,0.339725));
#5806=CARTESIAN_POINT('',(0.442151603,-0.073038772,0.349725));
#5807=CARTESIAN_POINT('',(0.443632749,-0.081187982,0.339725));
#5808=CARTESIAN_POINT('',(0.443632749,-0.081187982,0.349725));
#5809=CARTESIAN_POINT('',(0.443806763,-0.086785987,0.339725));
#5810=CARTESIAN_POINT('',(0.443806763,-0.086785987,0.349725));
#5811=CARTESIAN_POINT('',(0.443896104,-0.089660065,0.339725));
#5812=CARTESIAN_POINT('',(0.443896104,-0.089660065,0.349725));
#5813=B_SPLINE_SURFACE_WITH_KNOTS('',3,1,((#5775,#5776),(#5777,#5778),(#5779,#5780),(#5781,#5782),(#5783,#5784),(#5785,#5786),(#5787,#5788),(#5789,#5790),(#5791,#5792),(#5793,#5794),(#5795,#5796),(#5797,#5798),(#5799,#5800),(#5801,#5802),(#5803,#5804),(#5805,#5806),(#5807,#5808),(#5809,#5810),(#5811,#5812)),.UNSPECIFIED.,.F.,.F.,.U.,(4,1,1,1,1,1,1,1,1,1,1,1,1,1,1,1,4),(2,2),(0.,0.09518774,0.182082533,0.259962036,0.330142962,0.391526988,0.44472004,0.489787515,0.526577023,0.589807321,0.649601939,0.70737105,0.763510801,0.819616234,0.87762731,0.937172509,1.),(0.,1.),.UNSPECIFIED.);
#5814=ORIENTED_EDGE('',*,*,#5769,.T.);
#5815=CARTESIAN_POINT('',(0.343977273,-0.014010714,0.339725));
#5816=VERTEX_POINT('',#5815);
#5817=CARTESIAN_POINT('',(0.443895974,-0.08965588,0.339725));
#5818=CARTESIAN_POINT('',(0.443718483,-0.083946013,0.339725));
#5819=CARTESIAN_POINT('',(0.443319498,-0.078201983,0.339725));
#5820=CARTESIAN_POINT('',(0.441856942,-0.072671421,0.339725));
#5821=CARTESIAN_POINT('',(0.440394387,-0.067140859,0.339725));
#5822=CARTESIAN_POINT('',(0.438126085,-0.061816166,0.339725));
#5823=CARTESIAN_POINT('',(0.435055547,-0.056989936,0.339725));
#5824=CARTESIAN_POINT('',(0.428914471,-0.047337477,0.339725));
#5825=CARTESIAN_POINT('',(0.419499093,-0.040031595,0.339725));
#5826=CARTESIAN_POINT('',(0.409131114,-0.035211083,0.339725));
#5827=CARTESIAN_POINT('',(0.398763134,-0.030390571,0.339725));
#5828=CARTESIAN_POINT('',(0.387853821,-0.026858963,0.339725));
#5829=CARTESIAN_POINT('',(0.376924313,-0.023512019,0.339725));
#5830=CARTESIAN_POINT('',(0.365994805,-0.020165075,0.339725));
#5831=CARTESIAN_POINT('',(0.355000615,-0.017034409,0.339725));
#5832=CARTESIAN_POINT('',(0.343977273,-0.014010714,0.339725));
#5833=B_SPLINE_CURVE_WITH_KNOTS('',3,(#5817,#5818,#5819,#5820,#5821,#5822,#5823,#5824,#5825,#5826,#5827,#5828,#5829,#5830,#5831,#5832),.UNSPECIFIED.,.F.,.F.,(4,3,3,3,3,4),(0.,0.124996189,0.249992377,0.499984754,0.749977131,0.999969508),.UNSPECIFIED.);
#5834=EDGE_CURVE('NONE',#5745,#5816,#5833,.T.);
#5835=ORIENTED_EDGE('',*,*,#5834,.T.);
#5836=CARTESIAN_POINT('',(0.343977273,-0.014010714,0.349725));
#5837=DIRECTION('',(0.,-0.,-1.));
#5838=VECTOR('',#5837,0.01);
#5839=LINE('',#5836,#5838);
#5840=EDGE_CURVE('NONE',#213,#5816,#5839,.T.);
#5841=ORIENTED_EDGE('',*,*,#5840,.F.);
#5842=ORIENTED_EDGE('',*,*,#231,.F.);
#5843=EDGE_LOOP('',(#5814,#5835,#5841,#5842));
#5844=FACE_BOUND('',#5843,.T.);
#5845=ADVANCED_FACE('NONE',(#5844),#5813,.F.);
#5846=CARTESIAN_POINT('',(0.236103896,0.095891883,0.339725));
#5847=CARTESIAN_POINT('',(0.236103896,0.095891883,0.349725));
#5848=CARTESIAN_POINT('',(0.236205417,0.091525278,0.339725));
#5849=CARTESIAN_POINT('',(0.236205417,0.091525278,0.349725));
#5850=CARTESIAN_POINT('',(0.236404676,0.08295474,0.339725));
#5851=CARTESIAN_POINT('',(0.236404676,0.08295474,0.349725));
#5852=CARTESIAN_POINT('',(0.238655039,0.070507978,0.339725));
#5853=CARTESIAN_POINT('',(0.238655039,0.070507978,0.349725));
#5854=CARTESIAN_POINT('',(0.241881543,0.058677577,0.339725));
#5855=CARTESIAN_POINT('',(0.241881543,0.058677577,0.349725));
#5856=CARTESIAN_POINT('',(0.246754168,0.047702443,0.339725));
#5857=CARTESIAN_POINT('',(0.246754168,0.047702443,0.349725));
#5858=CARTESIAN_POINT('',(0.252761992,0.037502408,0.339725));
#5859=CARTESIAN_POINT('',(0.252761992,0.037502408,0.349725));
#5860=CARTESIAN_POINT('',(0.259962849,0.028202716,0.339725));
#5861=CARTESIAN_POINT('',(0.259962849,0.028202716,0.349725));
#5862=CARTESIAN_POINT('',(0.268205922,0.019804179,0.339725));
#5863=CARTESIAN_POINT('',(0.268205922,0.019804179,0.349725));
#5864=CARTESIAN_POINT('',(0.275983423,0.013518953,0.339725));
#5865=CARTESIAN_POINT('',(0.275983423,0.013518953,0.349725));
#5866=CARTESIAN_POINT('',(0.283104094,0.009024993,0.339725));
#5867=CARTESIAN_POINT('',(0.283104094,0.009024993,0.349725));
#5868=CARTESIAN_POINT('',(0.289295735,0.005637477,0.339725));
#5869=CARTESIAN_POINT('',(0.289295735,0.005637477,0.349725));
#5870=CARTESIAN_POINT('',(0.296306887,0.002177877,0.339725));
#5871=CARTESIAN_POINT('',(0.296306887,0.002177877,0.349725));
#5872=CARTESIAN_POINT('',(0.304244921,-0.001045904,0.339725));
#5873=CARTESIAN_POINT('',(0.304244921,-0.001045904,0.349725));
#5874=CARTESIAN_POINT('',(0.312953563,-0.004440399,0.339725));
#5875=CARTESIAN_POINT('',(0.312953563,-0.004440399,0.349725));
#5876=CARTESIAN_POINT('',(0.322542186,-0.007622073,0.339725));
#5877=CARTESIAN_POINT('',(0.322542186,-0.007622073,0.349725));
#5878=CARTESIAN_POINT('',(0.332951686,-0.010899843,0.339725));
#5879=CARTESIAN_POINT('',(0.332951686,-0.010899843,0.349725));
#5880=CARTESIAN_POINT('',(0.340210615,-0.012947951,0.339725));
#5881=CARTESIAN_POINT('',(0.340210615,-0.012947951,0.349725));
#5882=CARTESIAN_POINT('',(0.343977273,-0.014010714,0.339725));
#5883=CARTESIAN_POINT('',(0.343977273,-0.014010714,0.349725));
#5884=B_SPLINE_SURFACE_WITH_KNOTS('',3,1,((#5846,#5847),(#5848,#5849),(#5850,#5851),(#5852,#5853),(#5854,#5855),(#5856,#5857),(#5858,#5859),(#5860,#5861),(#5862,#5863),(#5864,#5865),(#5866,#5867),(#5868,#5869),(#5870,#5871),(#5872,#5873),(#5874,#5875),(#5876,#5877),(#5878,#5879),(#5880,#5881),(#5882,#5883)),.UNSPECIFIED.,.F.,.F.,.U.,(4,1,1,1,1,1,1,1,1,1,1,1,1,1,1,1,4),(2,2),(0.,0.077582416,0.152274618,0.224334026,0.295241471,0.36515375,0.434465412,0.503893944,0.574097181,0.611748279,0.653539746,0.699602476,0.75072976,0.805878336,0.865844153,0.93038655,1.),(0.,1.),.UNSPECIFIED.);
#5885=ORIENTED_EDGE('',*,*,#5840,.T.);
#5886=CARTESIAN_POINT('',(0.236103896,0.095891883,0.339725));
#5887=VERTEX_POINT('',#5886);
#5888=CARTESIAN_POINT('',(0.343977273,-0.014010714,0.339725));
#5889=CARTESIAN_POINT('',(0.330450226,-0.010194056,0.339725));
#5890=CARTESIAN_POINT('',(0.316987196,-0.006100743,0.339725));
#5891=CARTESIAN_POINT('',(0.303927841,-0.000896974,0.339725));
#5892=CARTESIAN_POINT('',(0.290868486,0.004306795,0.339725));
#5893=CARTESIAN_POINT('',(0.278193154,0.010917254,0.339725));
#5894=CARTESIAN_POINT('',(0.267842833,0.020442578,0.339725));
#5895=CARTESIAN_POINT('',(0.257492512,0.029967902,0.339725));
#5896=CARTESIAN_POINT('',(0.249162869,0.041698759,0.339725));
#5897=CARTESIAN_POINT('',(0.243753657,0.054679159,0.339725));
#5898=CARTESIAN_POINT('',(0.238344444,0.06765956,0.339725));
#5899=CARTESIAN_POINT('',(0.236431035,0.081821025,0.339725));
#5900=CARTESIAN_POINT('',(0.236103896,0.095891883,0.339725));
#5901=B_SPLINE_CURVE_WITH_KNOTS('',3,(#5888,#5889,#5890,#5891,#5892,#5893,#5894,#5895,#5896,#5897,#5898,#5899,#5900),.UNSPECIFIED.,.F.,.F.,(4,3,3,3,4),(0.,0.25,0.5,0.75,1.),.UNSPECIFIED.);
#5902=EDGE_CURVE('NONE',#5816,#5887,#5901,.T.);
#5903=ORIENTED_EDGE('',*,*,#5902,.T.);
#5904=CARTESIAN_POINT('',(0.236103896,0.095891883,0.349725));
#5905=DIRECTION('',(0.,-0.,-1.));
#5906=VECTOR('',#5905,0.01);
#5907=LINE('',#5904,#5906);
#5908=EDGE_CURVE('NONE',#234,#5887,#5907,.T.);
#5909=ORIENTED_EDGE('',*,*,#5908,.F.);
#5910=ORIENTED_EDGE('',*,*,#249,.F.);
#5911=EDGE_LOOP('',(#5885,#5903,#5909,#5910));
#5912=FACE_BOUND('',#5911,.T.);
#5913=ADVANCED_FACE('NONE',(#5912),#5884,.F.);
#5914=CARTESIAN_POINT('',(0.352175325,0.205469805,0.339725));
#5915=CARTESIAN_POINT('',(0.352175325,0.205469805,0.349725));
#5916=CARTESIAN_POINT('',(0.347841634,0.205383695,0.339725));
#5917=CARTESIAN_POINT('',(0.347841634,0.205383695,0.349725));
#5918=CARTESIAN_POINT('',(0.339391961,0.2052158,0.339725));
#5919=CARTESIAN_POINT('',(0.339391961,0.2052158,0.349725));
#5920=CARTESIAN_POINT('',(0.327071402,0.203693753,0.339725));
#5921=CARTESIAN_POINT('',(0.327071402,0.203693753,0.349725));
#5922=CARTESIAN_POINT('',(0.315409827,0.201377558,0.339725));
#5923=CARTESIAN_POINT('',(0.315409827,0.201377558,0.349725));
#5924=CARTESIAN_POINT('',(0.304391665,0.198087016,0.339725));
#5925=CARTESIAN_POINT('',(0.304391665,0.198087016,0.349725));
#5926=CARTESIAN_POINT('',(0.29412165,0.193636985,0.339725));
#5927=CARTESIAN_POINT('',(0.29412165,0.193636985,0.349725));
#5928=CARTESIAN_POINT('',(0.284505365,0.188370113,0.339725));
#5929=CARTESIAN_POINT('',(0.284505365,0.188370113,0.349725));
#5930=CARTESIAN_POINT('',(0.275540799,0.18215479,0.339725));
#5931=CARTESIAN_POINT('',(0.275540799,0.18215479,0.349725));
#5932=CARTESIAN_POINT('',(0.26741719,0.174923507,0.339725));
#5933=CARTESIAN_POINT('',(0.26741719,0.174923507,0.349725));
#5934=CARTESIAN_POINT('',(0.260041607,0.167038603,0.339725));
#5935=CARTESIAN_POINT('',(0.260041607,0.167038603,0.349725));
#5936=CARTESIAN_POINT('',(0.253671096,0.158490675,0.339725));
#5937=CARTESIAN_POINT('',(0.253671096,0.158490675,0.349725));
#5938=CARTESIAN_POINT('',(0.248161868,0.149482896,0.339725));
#5939=CARTESIAN_POINT('',(0.248161868,0.149482896,0.349725));
#5940=CARTESIAN_POINT('',(0.243811565,0.1397994,0.339725));
#5941=CARTESIAN_POINT('',(0.243811565,0.1397994,0.349725));
#5942=CARTESIAN_POINT('',(0.240255812,0.129634551,0.339725));
#5943=CARTESIAN_POINT('',(0.240255812,0.129634551,0.349725));
#5944=CARTESIAN_POINT('',(0.237872916,0.118843581,0.339725));
#5945=CARTESIAN_POINT('',(0.237872916,0.118843581,0.349725));
#5946=CARTESIAN_POINT('',(0.236369579,0.107541743,0.339725));
#5947=CARTESIAN_POINT('',(0.236369579,0.107541743,0.349725));
#5948=CARTESIAN_POINT('',(0.236193478,0.099819952,0.339725));
#5949=CARTESIAN_POINT('',(0.236193478,0.099819952,0.349725));
#5950=CARTESIAN_POINT('',(0.236103896,0.095891883,0.339725));
#5951=CARTESIAN_POINT('',(0.236103896,0.095891883,0.349725));
#5952=B_SPLINE_SURFACE_WITH_KNOTS('',3,1,((#5914,#5915),(#5916,#5917),(#5918,#5919),(#5920,#5921),(#5922,#5923),(#5924,#5925),(#5926,#5927),(#5928,#5929),(#5930,#5931),(#5932,#5933),(#5934,#5935),(#5936,#5937),(#5938,#5939),(#5940,#5941),(#5942,#5943),(#5944,#5945),(#5946,#5947),(#5948,#5949),(#5950,#5951)),.UNSPECIFIED.,.F.,.F.,.U.,(4,1,1,1,1,1,1,1,1,1,1,1,1,1,1,1,4),(2,2),(0.,0.072302568,0.14097295,0.206862481,0.270574386,0.33247787,0.39331307,0.453318016,0.514107948,0.574499065,0.633203639,0.691751691,0.750351963,0.810045149,0.871172944,0.934465788,1.),(0.,1.),.UNSPECIFIED.);
#5953=ORIENTED_EDGE('',*,*,#5908,.T.);
#5954=CARTESIAN_POINT('',(0.352175325,0.205469805,0.339725));
#5955=VERTEX_POINT('',#5954);
#5956=CARTESIAN_POINT('',(0.236103896,0.095891883,0.339725));
#5957=CARTESIAN_POINT('',(0.236274765,0.103384284,0.339725));
#5958=CARTESIAN_POINT('',(0.236663457,0.110878113,0.339725));
#5959=CARTESIAN_POINT('',(0.237933501,0.118265602,0.339725));
#5960=CARTESIAN_POINT('',(0.239203545,0.12565309,0.339725));
#5961=CARTESIAN_POINT('',(0.241218319,0.132902309,0.339725));
#5962=CARTESIAN_POINT('',(0.244000761,0.139863025,0.339725));
#5963=CARTESIAN_POINT('',(0.249565647,0.153784457,0.339725));
#5964=CARTESIAN_POINT('',(0.258395604,0.166311231,0.339725));
#5965=CARTESIAN_POINT('',(0.269351608,0.176540431,0.339725));
#5966=CARTESIAN_POINT('',(0.280307612,0.186769632,0.339725));
#5967=CARTESIAN_POINT('',(0.293607296,0.194429958,0.339725));
#5968=CARTESIAN_POINT('',(0.307864791,0.199043656,0.339725));
#5969=CARTESIAN_POINT('',(0.322122285,0.203657354,0.339725));
#5970=CARTESIAN_POINT('',(0.337190759,0.205172062,0.339725));
#5971=CARTESIAN_POINT('',(0.352175325,0.205469805,0.339725));
#5972=B_SPLINE_CURVE_WITH_KNOTS('',3,(#5956,#5957,#5958,#5959,#5960,#5961,#5962,#5963,#5964,#5965,#5966,#5967,#5968,#5969,#5970,#5971),.UNSPECIFIED.,.F.,.F.,(4,3,3,3,3,4),(0.,0.125,0.25,0.5,0.75,1.),.UNSPECIFIED.);
#5973=EDGE_CURVE('NONE',#5887,#5955,#5972,.T.);
#5974=ORIENTED_EDGE('',*,*,#5973,.T.);
#5975=CARTESIAN_POINT('',(0.352175325,0.205469805,0.349725));
#5976=DIRECTION('',(0.,-0.,-1.));
#5977=VECTOR('',#5976,0.01);
#5978=LINE('',#5975,#5977);
#5979=EDGE_CURVE('NONE',#252,#5955,#5978,.T.);
#5980=ORIENTED_EDGE('',*,*,#5979,.F.);
#5981=ORIENTED_EDGE('',*,*,#270,.F.);
#5982=EDGE_LOOP('',(#5953,#5974,#5980,#5981));
#5983=FACE_BOUND('',#5982,.T.);
#5984=ADVANCED_FACE('NONE',(#5983),#5952,.F.);
#5985=CARTESIAN_POINT('',(0.475064935,0.085989286,0.339725));
#5986=CARTESIAN_POINT('',(0.475064935,0.085989286,0.349725));
#5987=CARTESIAN_POINT('',(0.474743888,0.091902425,0.339725));
#5988=CARTESIAN_POINT('',(0.474743888,0.091902425,0.349725));
#5989=CARTESIAN_POINT('',(0.474119338,0.103405562,0.339725));
#5990=CARTESIAN_POINT('',(0.474119338,0.103405562,0.349725));
#5991=CARTESIAN_POINT('',(0.47089475,0.120006308,0.339725));
#5992=CARTESIAN_POINT('',(0.47089475,0.120006308,0.349725));
#5993=CARTESIAN_POINT('',(0.465948599,0.135428958,0.339725));
#5994=CARTESIAN_POINT('',(0.465948599,0.135428958,0.349725));
#5995=CARTESIAN_POINT('',(0.459193927,0.149590702,0.339725));
#5996=CARTESIAN_POINT('',(0.459193927,0.149590702,0.349725));
#5997=CARTESIAN_POINT('',(0.450848262,0.162428872,0.339725));
#5998=CARTESIAN_POINT('',(0.450848262,0.162428872,0.349725));
#5999=CARTESIAN_POINT('',(0.440816261,0.173649942,0.339725));
#6000=CARTESIAN_POINT('',(0.440816261,0.173649942,0.349725));
#6001=CARTESIAN_POINT('',(0.429317052,0.183374647,0.339725));
#6002=CARTESIAN_POINT('',(0.429317052,0.183374647,0.349725));
#6003=CARTESIAN_POINT('',(0.416273235,0.191385494,0.339725));
#6004=CARTESIAN_POINT('',(0.416273235,0.191385494,0.349725));
#6005=CARTESIAN_POINT('',(0.401908536,0.197731066,0.339725));
#6006=CARTESIAN_POINT('',(0.401908536,0.197731066,0.349725));
#6007=CARTESIAN_POINT('',(0.386335107,0.202291246,0.339725));
#6008=CARTESIAN_POINT('',(0.386335107,0.202291246,0.349725));
#6009=CARTESIAN_POINT('',(0.369612151,0.20498301,0.339725));
#6010=CARTESIAN_POINT('',(0.369612151,0.20498301,0.349725));
#6011=CARTESIAN_POINT('',(0.358083584,0.205304861,0.339725));
#6012=CARTESIAN_POINT('',(0.358083584,0.205304861,0.349725));
#6013=CARTESIAN_POINT('',(0.352175325,0.205469805,0.339725));
#6014=CARTESIAN_POINT('',(0.352175325,0.205469805,0.349725));
#6015=B_SPLINE_SURFACE_WITH_KNOTS('',3,1,((#5985,#5986),(#5987,#5988),(#5989,#5990),(#5991,#5992),(#5993,#5994),(#5995,#5996),(#5997,#5998),(#5999,#6000),(#6001,#6002),(#6003,#6004),(#6005,#6006),(#6007,#6008),(#6009,#6010),(#6011,#6012),(#6013,#6014)),.UNSPECIFIED.,.F.,.F.,.U.,(4,1,1,1,1,1,1,1,1,1,1,1,4),(2,2),(0.,0.092076752,0.179121674,0.262349952,0.34352902,0.422597944,0.499846236,0.576946331,0.656175437,0.737239749,0.820649986,0.908085155,1.),(0.,1.),.UNSPECIFIED.);
#6016=ORIENTED_EDGE('',*,*,#5979,.T.);
#6017=CARTESIAN_POINT('',(0.475064935,0.085989286,0.339725));
#6018=VERTEX_POINT('',#6017);
#6019=CARTESIAN_POINT('',(0.352175325,0.205469805,0.339725));
#6020=CARTESIAN_POINT('',(0.360210288,0.205245488,0.339725));
#6021=CARTESIAN_POINT('',(0.368249557,0.204968315,0.339725));
#6022=CARTESIAN_POINT('',(0.376203277,0.20381477,0.339725));
#6023=CARTESIAN_POINT('',(0.384156996,0.202661224,0.339725));
#6024=CARTESIAN_POINT('',(0.392013355,0.200788933,0.339725));
#6025=CARTESIAN_POINT('',(0.399612743,0.198176443,0.339725));
#6026=CARTESIAN_POINT('',(0.41481152,0.192951462,0.339725));
#6027=CARTESIAN_POINT('',(0.429016842,0.184638164,0.339725));
#6028=CARTESIAN_POINT('',(0.44054691,0.173428803,0.339725));
#6029=CARTESIAN_POINT('',(0.452076978,0.162219441,0.339725));
#6030=CARTESIAN_POINT('',(0.460787382,0.148247367,0.339725));
#6031=CARTESIAN_POINT('',(0.466426032,0.133199481,0.339725));
#6032=CARTESIAN_POINT('',(0.469245357,0.125675538,0.339725));
#6033=CARTESIAN_POINT('',(0.471339111,0.117873577,0.339725));
#6034=CARTESIAN_POINT('',(0.472736207,0.109959564,0.339725));
#6035=CARTESIAN_POINT('',(0.474133304,0.102045551,0.339725));
#6036=CARTESIAN_POINT('',(0.474629093,0.094016746,0.339725));
#6037=CARTESIAN_POINT('',(0.475064935,0.085989286,0.339725));
#6038=B_SPLINE_CURVE_WITH_KNOTS('',3,(#6019,#6020,#6021,#6022,#6023,#6024,#6025,#6026,#6027,#6028,#6029,#6030,#6031,#6032,#6033,#6034,#6035,#6036,#6037),.UNSPECIFIED.,.F.,.F.,(4,3,3,3,3,3,4),(0.,0.125,0.25,0.5,0.75,0.875,1.),.UNSPECIFIED.);
#6039=EDGE_CURVE('NONE',#5955,#6018,#6038,.T.);
#6040=ORIENTED_EDGE('',*,*,#6039,.T.);
#6041=CARTESIAN_POINT('',(0.475064935,0.085989286,0.349725));
#6042=DIRECTION('',(-0.,-0.,-1.));
#6043=VECTOR('',#6042,0.01);
#6044=LINE('',#6041,#6043);
#6045=EDGE_CURVE('NONE',#273,#6018,#6044,.T.);
#6046=ORIENTED_EDGE('',*,*,#6045,.F.);
#6047=ORIENTED_EDGE('',*,*,#294,.F.);
#6048=EDGE_LOOP('',(#6016,#6040,#6046,#6047));
#6049=FACE_BOUND('',#6048,.T.);
#6050=ADVANCED_FACE('NONE',(#6049),#6015,.F.);
#6051=CARTESIAN_POINT('',(0.475064935,0.085989286,0.349725));
#6052=DIRECTION('',(-0.124034735,0.992277877,-0.));
#6053=DIRECTION('',(-0.992277877,-0.124034735,0.));
#6054=AXIS2_PLACEMENT_3D('',#6051,#6052,#6053);
#6055=PLANE('',#6054);
#6056=ORIENTED_EDGE('',*,*,#6045,.T.);
#6057=CARTESIAN_POINT('',(0.433506494,0.080794481,0.339725));
#6058=VERTEX_POINT('',#6057);
#6059=CARTESIAN_POINT('',(0.475064935,0.085989286,0.339725));
#6060=DIRECTION('',(-0.992277877,-0.124034735,0.));
#6061=VECTOR('',#6060,0.041881858);
#6062=LINE('',#6059,#6061);
#6063=EDGE_CURVE('NONE',#6018,#6058,#6062,.T.);
#6064=ORIENTED_EDGE('',*,*,#6063,.T.);
#6065=CARTESIAN_POINT('',(0.433506494,0.080794481,0.349725));
#6066=DIRECTION('',(-0.,-0.,-1.));
#6067=VECTOR('',#6066,0.01);
#6068=LINE('',#6065,#6067);
#6069=EDGE_CURVE('NONE',#297,#6058,#6068,.T.);
#6070=ORIENTED_EDGE('',*,*,#6069,.F.);
#6071=ORIENTED_EDGE('',*,*,#302,.F.);
#6072=EDGE_LOOP('',(#6056,#6064,#6070,#6071));
#6073=FACE_BOUND('',#6072,.T.);
#6074=ADVANCED_FACE('NONE',(#6073),#6055,.T.);
#6075=CARTESIAN_POINT('',(0.353555195,0.158716558,0.339725));
#6076=CARTESIAN_POINT('',(0.353555195,0.158716558,0.349725));
#6077=CARTESIAN_POINT('',(0.356506813,0.158651859,0.339725));
#6078=CARTESIAN_POINT('',(0.356506813,0.158651859,0.349725));
#6079=CARTESIAN_POINT('',(0.362261548,0.158525715,0.339725));
#6080=CARTESIAN_POINT('',(0.362261548,0.158525715,0.349725));
#6081=CARTESIAN_POINT('',(0.370618063,0.1576173,0.339725));
#6082=CARTESIAN_POINT('',(0.370618063,0.1576173,0.349725));
#6083=CARTESIAN_POINT('',(0.378481007,0.156195393,0.339725));
#6084=CARTESIAN_POINT('',(0.378481007,0.156195393,0.349725));
#6085=CARTESIAN_POINT('',(0.385806236,0.154057411,0.339725));
#6086=CARTESIAN_POINT('',(0.385806236,0.154057411,0.349725));
#6087=CARTESIAN_POINT('',(0.392682895,0.151400312,0.339725));
#6088=CARTESIAN_POINT('',(0.392682895,0.151400312,0.349725));
#6089=CARTESIAN_POINT('',(0.399021486,0.148066576,0.339725));
#6090=CARTESIAN_POINT('',(0.399021486,0.148066576,0.349725));
#6091=CARTESIAN_POINT('',(0.40483328,0.144130772,0.339725));
#6092=CARTESIAN_POINT('',(0.40483328,0.144130772,0.349725));
#6093=CARTESIAN_POINT('',(0.410167688,0.139640255,0.339725));
#6094=CARTESIAN_POINT('',(0.410167688,0.139640255,0.349725));
#6095=CARTESIAN_POINT('',(0.414953308,0.134512412,0.339725));
#6096=CARTESIAN_POINT('',(0.414953308,0.134512412,0.349725));
#6097=CARTESIAN_POINT('',(0.41924267,0.128748573,0.339725));
#6098=CARTESIAN_POINT('',(0.41924267,0.128748573,0.349725));
#6099=CARTESIAN_POINT('',(0.42292522,0.1223171,0.339725));
#6100=CARTESIAN_POINT('',(0.42292522,0.1223171,0.349725));
#6101=CARTESIAN_POINT('',(0.426232773,0.115284448,0.339725));
#6102=CARTESIAN_POINT('',(0.426232773,0.115284448,0.349725));
#6103=CARTESIAN_POINT('',(0.428864998,0.107570625,0.339725));
#6104=CARTESIAN_POINT('',(0.428864998,0.107570625,0.349725));
#6105=CARTESIAN_POINT('',(0.43096449,0.099204199,0.339725));
#6106=CARTESIAN_POINT('',(0.43096449,0.099204199,0.349725));
#6107=CARTESIAN_POINT('',(0.432607122,0.090230914,0.339725));
#6108=CARTESIAN_POINT('',(0.432607122,0.090230914,0.349725));
#6109=CARTESIAN_POINT('',(0.43320163,0.083993188,0.339725));
#6110=CARTESIAN_POINT('',(0.43320163,0.083993188,0.349725));
#6111=CARTESIAN_POINT('',(0.433506494,0.080794481,0.339725));
#6112=CARTESIAN_POINT('',(0.433506494,0.080794481,0.349725));
#6113=B_SPLINE_SURFACE_WITH_KNOTS('',3,1,((#6075,#6076),(#6077,#6078),(#6079,#6080),(#6081,#6082),(#6083,#6084),(#6085,#6086),(#6087,#6088),(#6089,#6090),(#6091,#6092),(#6093,#6094),(#6095,#6096),(#6097,#6098),(#6099,#6100),(#6101,#6102),(#6103,#6104),(#6105,#6106),(#6107,#6108),(#6109,#6110),(#6111,#6112)),.UNSPECIFIED.,.F.,.F.,.U.,(4,1,1,1,1,1,1,1,1,1,1,1,1,1,1,1,4),(2,2),(0.,0.070354456,0.137169266,0.200170212,0.260595842,0.318808633,0.375647264,0.430927358,0.485848794,0.541522613,0.59776891,0.656734423,0.717912751,0.782781325,0.850677101,0.923427186,1.),(0.,1.),.UNSPECIFIED.);
#6114=ORIENTED_EDGE('',*,*,#6069,.T.);
#6115=CARTESIAN_POINT('',(0.353555195,0.158716558,0.339725));
#6116=VERTEX_POINT('',#6115);
#6117=CARTESIAN_POINT('',(0.433506494,0.080794481,0.339725));
#6118=CARTESIAN_POINT('',(0.432511155,0.091237832,0.339725));
#6119=CARTESIAN_POINT('',(0.430891936,0.101677841,0.339725));
#6120=CARTESIAN_POINT('',(0.427457746,0.111591353,0.339725));
#6121=CARTESIAN_POINT('',(0.424023556,0.121504866,0.339725));
#6122=CARTESIAN_POINT('',(0.41870721,0.130863297,0.339725));
#6123=CARTESIAN_POINT('',(0.411321791,0.138314622,0.339725));
#6124=CARTESIAN_POINT('',(0.403936373,0.145765948,0.339725));
#6125=CARTESIAN_POINT('',(0.394580861,0.151128236,0.339725));
#6126=CARTESIAN_POINT('',(0.384593699,0.154346642,0.339725));
#6127=CARTESIAN_POINT('',(0.374606537,0.157565048,0.339725));
#6128=CARTESIAN_POINT('',(0.364043578,0.158486653,0.339725));
#6129=CARTESIAN_POINT('',(0.353555195,0.158716558,0.339725));
#6130=B_SPLINE_CURVE_WITH_KNOTS('',3,(#6117,#6118,#6119,#6120,#6121,#6122,#6123,#6124,#6125,#6126,#6127,#6128,#6129),.UNSPECIFIED.,.F.,.F.,(4,3,3,3,4),(0.,0.25,0.5,0.75,1.),.UNSPECIFIED.);
#6131=EDGE_CURVE('NONE',#6058,#6116,#6130,.T.);
#6132=ORIENTED_EDGE('',*,*,#6131,.T.);
#6133=CARTESIAN_POINT('',(0.353555195,0.158716558,0.349725));
#6134=DIRECTION('',(0.,-0.,-1.));
#6135=VECTOR('',#6134,0.01);
#6136=LINE('',#6133,#6135);
#6137=EDGE_CURVE('NONE',#305,#6116,#6136,.T.);
#6138=ORIENTED_EDGE('',*,*,#6137,.F.);
#6139=ORIENTED_EDGE('',*,*,#320,.F.);
#6140=EDGE_LOOP('',(#6114,#6132,#6138,#6139));
#6141=FACE_BOUND('',#6140,.T.);
#6142=ADVANCED_FACE('NONE',(#6141),#6113,.F.);
#6143=CARTESIAN_POINT('',(0.277662338,0.094917857,0.339725));
#6144=CARTESIAN_POINT('',(0.277662338,0.094917857,0.349725));
#6145=CARTESIAN_POINT('',(0.277729896,0.097220238,0.339725));
#6146=CARTESIAN_POINT('',(0.277729896,0.097220238,0.349725));
#6147=CARTESIAN_POINT('',(0.277862354,0.101734343,0.339725));
#6148=CARTESIAN_POINT('',(0.277862354,0.101734343,0.349725));
#6149=CARTESIAN_POINT('',(0.278749682,0.10835013,0.339725));
#6150=CARTESIAN_POINT('',(0.278749682,0.10835013,0.349725));
#6151=CARTESIAN_POINT('',(0.28030768,0.114625523,0.339725));
#6152=CARTESIAN_POINT('',(0.28030768,0.114625523,0.349725));
#6153=CARTESIAN_POINT('',(0.282427584,0.120579662,0.339725));
#6154=CARTESIAN_POINT('',(0.282427584,0.120579662,0.349725));
#6155=CARTESIAN_POINT('',(0.28508204,0.126224546,0.339725));
#6156=CARTESIAN_POINT('',(0.28508204,0.126224546,0.349725));
#6157=CARTESIAN_POINT('',(0.288487806,0.131476239,0.339725));
#6158=CARTESIAN_POINT('',(0.288487806,0.131476239,0.349725));
#6159=CARTESIAN_POINT('',(0.292470299,0.136413977,0.339725));
#6160=CARTESIAN_POINT('',(0.292470299,0.136413977,0.349725));
#6161=CARTESIAN_POINT('',(0.296997287,0.141056848,0.339725));
#6162=CARTESIAN_POINT('',(0.296997287,0.141056848,0.349725));
#6163=CARTESIAN_POINT('',(0.302166501,0.145232266,0.339725));
#6164=CARTESIAN_POINT('',(0.302166501,0.145232266,0.349725));
#6165=CARTESIAN_POINT('',(0.307886191,0.148853526,0.339725));
#6166=CARTESIAN_POINT('',(0.307886191,0.148853526,0.349725));
#6167=CARTESIAN_POINT('',(0.31418733,0.151896135,0.339725));
#6168=CARTESIAN_POINT('',(0.31418733,0.151896135,0.349725));
#6169=CARTESIAN_POINT('',(0.32098434,0.15438805,0.339725));
#6170=CARTESIAN_POINT('',(0.32098434,0.15438805,0.349725));
#6171=CARTESIAN_POINT('',(0.328371784,0.156362587,0.339725));
#6172=CARTESIAN_POINT('',(0.328371784,0.156362587,0.349725));
#6173=CARTESIAN_POINT('',(0.336286001,0.157659231,0.339725));
#6174=CARTESIAN_POINT('',(0.336286001,0.157659231,0.349725));
#6175=CARTESIAN_POINT('',(0.344737731,0.158641036,0.339725));
#6176=CARTESIAN_POINT('',(0.344737731,0.158641036,0.349725));
#6177=CARTESIAN_POINT('',(0.35054876,0.158690808,0.339725));
#6178=CARTESIAN_POINT('',(0.35054876,0.158690808,0.349725));
#6179=CARTESIAN_POINT('',(0.353555195,0.158716558,0.339725));
#6180=CARTESIAN_POINT('',(0.353555195,0.158716558,0.349725));
#6181=B_SPLINE_SURFACE_WITH_KNOTS('',3,1,((#6143,#6144),(#6145,#6146),(#6147,#6148),(#6149,#6150),(#6151,#6152),(#6153,#6154),(#6155,#6156),(#6157,#6158),(#6159,#6160),(#6161,#6162),(#6163,#6164),(#6165,#6166),(#6167,#6168),(#6169,#6170),(#6171,#6172),(#6173,#6174),(#6175,#6176),(#6177,#6178),(#6179,#6180)),.UNSPECIFIED.,.F.,.F.,.U.,(4,1,1,1,1,1,1,1,1,1,1,1,1,1,1,1,4),(2,2),(0.,0.061631283,0.120835845,0.178277541,0.23440281,0.289798997,0.344848464,0.401517861,0.459391713,0.518098001,0.578979978,0.640201349,0.705051035,0.772513422,0.844552134,0.919576407,1.),(0.,1.),.UNSPECIFIED.);
#6182=ORIENTED_EDGE('',*,*,#6137,.T.);
#6183=CARTESIAN_POINT('',(0.277662441,0.094915697,0.339725));
#6184=VERTEX_POINT('',#6183);
#6185=CARTESIAN_POINT('',(0.353555195,0.158716558,0.339725));
#6186=CARTESIAN_POINT('',(0.344209571,0.158636512,0.339725));
#6187=CARTESIAN_POINT('',(0.334836021,0.157893782,0.339725));
#6188=CARTESIAN_POINT('',(0.325773179,0.155626738,0.339725));
#6189=CARTESIAN_POINT('',(0.316710336,0.153359694,0.339725));
#6190=CARTESIAN_POINT('',(0.307941484,0.149583098,0.339725));
#6191=CARTESIAN_POINT('',(0.300548114,0.143867398,0.339725));
#6192=CARTESIAN_POINT('',(0.293154743,0.138151698,0.339725));
#6193=CARTESIAN_POINT('',(0.287033106,0.130709044,0.339725));
#6194=CARTESIAN_POINT('',(0.28322221,0.12217477,0.339725));
#6195=CARTESIAN_POINT('',(0.281316762,0.117907633,0.339725));
#6196=CARTESIAN_POINT('',(0.279883888,0.113431708,0.339725));
#6197=CARTESIAN_POINT('',(0.278969464,0.108850124,0.339725));
#6198=CARTESIAN_POINT('',(0.278055041,0.104268539,0.339725));
#6199=CARTESIAN_POINT('',(0.27779936,0.099587524,0.339725));
#6200=CARTESIAN_POINT('',(0.277662338,0.094917857,0.339725));
#6201=B_SPLINE_CURVE_WITH_KNOTS('',3,(#6185,#6186,#6187,#6188,#6189,#6190,#6191,#6192,#6193,#6194,#6195,#6196,#6197,#6198,#6199,#6200),.UNSPECIFIED.,.F.,.F.,(4,3,3,3,3,4),(0.,0.25,0.5,0.75,0.875,1.),.UNSPECIFIED.);
#6202=EDGE_CURVE('NONE',#6116,#6184,#6201,.T.);
#6203=ORIENTED_EDGE('',*,*,#6202,.T.);
#6204=CARTESIAN_POINT('',(0.277662338,0.094917857,0.349725));
#6205=DIRECTION('',(0.,-0.,-1.));
#6206=VECTOR('',#6205,0.01);
#6207=LINE('',#6204,#6206);
#6208=EDGE_CURVE('NONE',#323,#6184,#6207,.T.);
#6209=ORIENTED_EDGE('',*,*,#6208,.F.);
#6210=ORIENTED_EDGE('',*,*,#341,.F.);
#6211=EDGE_LOOP('',(#6182,#6203,#6209,#6210));
#6212=FACE_BOUND('',#6211,.T.);
#6213=ADVANCED_FACE('NONE',(#6212),#6181,.F.);
#6214=CARTESIAN_POINT('',(0.290730519,0.054333442,0.339725));
#6215=CARTESIAN_POINT('',(0.290730519,0.054333442,0.349725));
#6216=CARTESIAN_POINT('',(0.288716809,0.056910547,0.339725));
#6217=CARTESIAN_POINT('',(0.288716809,0.056910547,0.349725));
#6218=CARTESIAN_POINT('',(0.28458432,0.062199219,0.339725));
#6219=CARTESIAN_POINT('',(0.28458432,0.062199219,0.349725));
#6220=CARTESIAN_POINT('',(0.280509782,0.07188876,0.339725));
#6221=CARTESIAN_POINT('',(0.280509782,0.07188876,0.349725));
#6222=CARTESIAN_POINT('',(0.278061878,0.082943455,0.339725));
#6223=CARTESIAN_POINT('',(0.278061878,0.082943455,0.349725));
#6224=CARTESIAN_POINT('',(0.277800041,0.090790822,0.339725));
#6225=CARTESIAN_POINT('',(0.277800041,0.090790822,0.349725));
#6226=CARTESIAN_POINT('',(0.277662338,0.094917857,0.339725));
#6227=CARTESIAN_POINT('',(0.277662338,0.094917857,0.349725));
#6228=B_SPLINE_SURFACE_WITH_KNOTS('',3,1,((#6214,#6215),(#6216,#6217),(#6218,#6219),(#6220,#6221),(#6222,#6223),(#6224,#6225),(#6226,#6227)),.UNSPECIFIED.,.F.,.F.,.U.,(4,1,1,1,4),(2,2),(0.,0.224355038,0.460415979,0.716225506,1.),(0.,1.),.UNSPECIFIED.);
#6229=ORIENTED_EDGE('',*,*,#6208,.T.);
#6230=CARTESIAN_POINT('',(0.290731267,0.054332755,0.339725));
#6231=VERTEX_POINT('',#6230);
#6232=CARTESIAN_POINT('',(0.27766241,0.094915696,0.339725));
#6233=CARTESIAN_POINT('',(0.27778366,0.091281759,0.339725));
#6234=CARTESIAN_POINT('',(0.277904967,0.087646145,0.339725));
#6235=CARTESIAN_POINT('',(0.27829881,0.084040036,0.339725));
#6236=CARTESIAN_POINT('',(0.278692652,0.080433928,0.339725));
#6237=CARTESIAN_POINT('',(0.279385333,0.076854724,0.339725));
#6238=CARTESIAN_POINT('',(0.280402038,0.073358055,0.339725));
#6239=CARTESIAN_POINT('',(0.281418743,0.069861385,0.339725));
#6240=CARTESIAN_POINT('',(0.282741969,0.066432035,0.339725));
#6241=CARTESIAN_POINT('',(0.284495325,0.063256805,0.339725));
#6242=CARTESIAN_POINT('',(0.28624868,0.060081574,0.339725));
#6243=CARTESIAN_POINT('',(0.288486631,0.057205123,0.339725));
#6244=CARTESIAN_POINT('',(0.290730519,0.054333442,0.339725));
#6245=B_SPLINE_CURVE_WITH_KNOTS('',3,(#6232,#6233,#6234,#6235,#6236,#6237,#6238,#6239,#6240,#6241,#6242,#6243,#6244),.UNSPECIFIED.,.F.,.F.,(4,3,3,3,4),(0.,0.249987614,0.499975228,0.749962842,0.999950456),.UNSPECIFIED.);
#6246=EDGE_CURVE('NONE',#6184,#6231,#6245,.T.);
#6247=ORIENTED_EDGE('',*,*,#6246,.T.);
#6248=CARTESIAN_POINT('',(0.290730519,0.054333442,0.349725));
#6249=DIRECTION('',(0.,-0.,-1.));
#6250=VECTOR('',#6249,0.01);
#6251=LINE('',#6248,#6250);
#6252=EDGE_CURVE('NONE',#344,#6231,#6251,.T.);
#6253=ORIENTED_EDGE('',*,*,#6252,.F.);
#6254=ORIENTED_EDGE('',*,*,#359,.F.);
#6255=EDGE_LOOP('',(#6229,#6247,#6253,#6254));
#6256=FACE_BOUND('',#6255,.T.);
#6257=ADVANCED_FACE('NONE',(#6256),#6228,.F.);
#6258=CARTESIAN_POINT('',(0.354285714,0.027710065,0.339725));
#6259=CARTESIAN_POINT('',(0.354285714,0.027710065,0.349725));
#6260=CARTESIAN_POINT('',(0.350245794,0.02870683,0.339725));
#6261=CARTESIAN_POINT('',(0.350245794,0.02870683,0.349725));
#6262=CARTESIAN_POINT('',(0.342539268,0.030608252,0.339725));
#6263=CARTESIAN_POINT('',(0.342539268,0.030608252,0.349725));
#6264=CARTESIAN_POINT('',(0.331675636,0.033810145,0.339725));
#6265=CARTESIAN_POINT('',(0.331675636,0.033810145,0.349725));
#6266=CARTESIAN_POINT('',(0.321935363,0.036904752,0.339725));
#6267=CARTESIAN_POINT('',(0.321935363,0.036904752,0.349725));
#6268=CARTESIAN_POINT('',(0.313441984,0.040280162,0.339725));
#6269=CARTESIAN_POINT('',(0.313441984,0.040280162,0.349725));
#6270=CARTESIAN_POINT('',(0.305981055,0.043499351,0.339725));
#6271=CARTESIAN_POINT('',(0.305981055,0.043499351,0.349725));
#6272=CARTESIAN_POINT('',(0.29982449,0.047048758,0.339725));
#6273=CARTESIAN_POINT('',(0.29982449,0.047048758,0.349725));
#6274=CARTESIAN_POINT('',(0.294652399,0.050422612,0.339725));
#6275=CARTESIAN_POINT('',(0.294652399,0.050422612,0.349725));
#6276=CARTESIAN_POINT('',(0.291966946,0.053100499,0.339725));
#6277=CARTESIAN_POINT('',(0.291966946,0.053100499,0.349725));
#6278=CARTESIAN_POINT('',(0.290730519,0.054333442,0.339725));
#6279=CARTESIAN_POINT('',(0.290730519,0.054333442,0.349725));
#6280=B_SPLINE_SURFACE_WITH_KNOTS('',3,1,((#6258,#6259),(#6260,#6261),(#6262,#6263),(#6264,#6265),(#6266,#6267),(#6268,#6269),(#6270,#6271),(#6272,#6273),(#6274,#6275),(#6276,#6277),(#6278,#6279)),.UNSPECIFIED.,.F.,.F.,.U.,(4,1,1,1,1,1,1,1,4),(2,2),(0.,0.179167621,0.341778987,0.487690847,0.619030025,0.735325585,0.837069816,0.924984305,1.),(0.,1.),.UNSPECIFIED.);
#6281=ORIENTED_EDGE('',*,*,#6252,.T.);
#6282=CARTESIAN_POINT('',(0.354287925,0.027709532,0.339725));
#6283=VERTEX_POINT('',#6282);
#6284=CARTESIAN_POINT('',(0.290731238,0.054332725,0.339725));
#6285=CARTESIAN_POINT('',(0.298967567,0.046119603,0.339725));
#6286=CARTESIAN_POINT('',(0.309950283,0.041407937,0.339725));
#6287=CARTESIAN_POINT('',(0.320849959,0.037417891,0.339725));
#6288=CARTESIAN_POINT('',(0.331749635,0.033427846,0.339725));
#6289=CARTESIAN_POINT('',(0.343011578,0.030491719,0.339725));
#6290=CARTESIAN_POINT('',(0.354285714,0.027710065,0.339725));
#6291=B_SPLINE_CURVE_WITH_KNOTS('',3,(#6284,#6285,#6286,#6287,#6288,#6289,#6290),.UNSPECIFIED.,.F.,.F.,(4,3,4),(0.,0.499992737,0.999985473),.UNSPECIFIED.);
#6292=EDGE_CURVE('NONE',#6231,#6283,#6291,.T.);
#6293=ORIENTED_EDGE('',*,*,#6292,.T.);
#6294=CARTESIAN_POINT('',(0.354285714,0.027710065,0.349725));
#6295=DIRECTION('',(0.,-0.,-1.));
#6296=VECTOR('',#6295,0.01);
#6297=LINE('',#6294,#6296);
#6298=EDGE_CURVE('NONE',#362,#6283,#6297,.T.);
#6299=ORIENTED_EDGE('',*,*,#6298,.F.);
#6300=ORIENTED_EDGE('',*,*,#371,.F.);
#6301=EDGE_LOOP('',(#6281,#6293,#6299,#6300));
#6302=FACE_BOUND('',#6301,.T.);
#6303=ADVANCED_FACE('NONE',(#6302),#6280,.F.);
#6304=CARTESIAN_POINT('',(0.423766234,0.007093182,0.339725));
#6305=CARTESIAN_POINT('',(0.423766234,0.007093182,0.349725));
#6306=CARTESIAN_POINT('',(0.421962511,0.007873994,0.339725));
#6307=CARTESIAN_POINT('',(0.421962511,0.007873994,0.349725));
#6308=CARTESIAN_POINT('',(0.418076867,0.009556048,0.339725));
#6309=CARTESIAN_POINT('',(0.418076867,0.009556048,0.349725));
#6310=CARTESIAN_POINT('',(0.4116324,0.011738493,0.339725));
#6311=CARTESIAN_POINT('',(0.4116324,0.011738493,0.349725));
#6312=CARTESIAN_POINT('',(0.404331197,0.014182441,0.339725));
#6313=CARTESIAN_POINT('',(0.404331197,0.014182441,0.349725));
#6314=CARTESIAN_POINT('',(0.396131739,0.016818522,0.339725));
#6315=CARTESIAN_POINT('',(0.396131739,0.016818522,0.349725));
#6316=CARTESIAN_POINT('',(0.386961611,0.019366249,0.339725));
#6317=CARTESIAN_POINT('',(0.386961611,0.019366249,0.349725));
#6318=CARTESIAN_POINT('',(0.376884488,0.022026452,0.339725));
#6319=CARTESIAN_POINT('',(0.376884488,0.022026452,0.349725));
#6320=CARTESIAN_POINT('',(0.365915336,0.02490443,0.339725));
#6321=CARTESIAN_POINT('',(0.365915336,0.02490443,0.349725));
#6322=CARTESIAN_POINT('',(0.358266419,0.026749724,0.339725));
#6323=CARTESIAN_POINT('',(0.358266419,0.026749724,0.349725));
#6324=CARTESIAN_POINT('',(0.354285714,0.027710065,0.339725));
#6325=CARTESIAN_POINT('',(0.354285714,0.027710065,0.349725));
#6326=B_SPLINE_SURFACE_WITH_KNOTS('',3,1,((#6304,#6305),(#6306,#6307),(#6308,#6309),(#6310,#6311),(#6312,#6313),(#6314,#6315),(#6316,#6317),(#6318,#6319),(#6320,#6321),(#6322,#6323),(#6324,#6325)),.UNSPECIFIED.,.F.,.F.,.U.,(4,1,1,1,1,1,1,1,4),(2,2),(0.,0.081242212,0.175014825,0.28115361,0.399688453,0.531084477,0.674644567,0.830676201,1.),(0.,1.),.UNSPECIFIED.);
#6327=ORIENTED_EDGE('',*,*,#6298,.T.);
#6328=CARTESIAN_POINT('',(0.423766234,0.007093182,0.339725));
#6329=VERTEX_POINT('',#6328);
#6330=CARTESIAN_POINT('',(0.354287925,0.027709532,0.339725));
#6331=CARTESIAN_POINT('',(0.366036106,0.024875294,0.339725));
#6332=CARTESIAN_POINT('',(0.377757005,0.021883305,0.339725));
#6333=CARTESIAN_POINT('',(0.389415916,0.018674409,0.339725));
#6334=CARTESIAN_POINT('',(0.395245372,0.017069961,0.339725));
#6335=CARTESIAN_POINT('',(0.401018734,0.01526877,0.339725));
#6336=CARTESIAN_POINT('',(0.406756461,0.013365109,0.339725));
#6337=CARTESIAN_POINT('',(0.412494188,0.011461448,0.339725));
#6338=CARTESIAN_POINT('',(0.418215785,0.009495912,0.339725));
#6339=CARTESIAN_POINT('',(0.423766234,0.007093182,0.339725));
#6340=B_SPLINE_CURVE_WITH_KNOTS('',3,(#6330,#6331,#6332,#6333,#6334,#6335,#6336,#6337,#6338,#6339),.UNSPECIFIED.,.F.,.F.,(4,3,3,4),(0.,0.499984326,0.74997649,0.999968653),.UNSPECIFIED.);
#6341=EDGE_CURVE('NONE',#6283,#6329,#6340,.T.);
#6342=ORIENTED_EDGE('',*,*,#6341,.T.);
#6343=CARTESIAN_POINT('',(0.423766234,0.007093182,0.349725));
#6344=DIRECTION('',(0.,-0.,-1.));
#6345=VECTOR('',#6344,0.01);
#6346=LINE('',#6343,#6345);
#6347=EDGE_CURVE('NONE',#374,#6329,#6346,.T.);
#6348=ORIENTED_EDGE('',*,*,#6347,.F.);
#6349=ORIENTED_EDGE('',*,*,#386,.F.);
#6350=EDGE_LOOP('',(#6327,#6342,#6348,#6349));
#6351=FACE_BOUND('',#6350,.T.);
#6352=ADVANCED_FACE('NONE',(#6351),#6326,.F.);
#6353=CARTESIAN_POINT('',(0.485454545,-0.088442532,0.339725));
#6354=CARTESIAN_POINT('',(0.485454545,-0.088442532,0.349725));
#6355=CARTESIAN_POINT('',(0.485279966,-0.083043971,0.339725));
#6356=CARTESIAN_POINT('',(0.485279966,-0.083043971,0.349725));
#6357=CARTESIAN_POINT('',(0.484940345,-0.072541776,0.339725));
#6358=CARTESIAN_POINT('',(0.484940345,-0.072541776,0.349725));
#6359=CARTESIAN_POINT('',(0.481941663,-0.057371514,0.339725));
#6360=CARTESIAN_POINT('',(0.481941663,-0.057371514,0.349725));
#6361=CARTESIAN_POINT('',(0.477096149,-0.04333588,0.339725));
#6362=CARTESIAN_POINT('',(0.477096149,-0.04333588,0.349725));
#6363=CARTESIAN_POINT('',(0.470178592,-0.030539456,0.339725));
#6364=CARTESIAN_POINT('',(0.470178592,-0.030539456,0.349725));
#6365=CARTESIAN_POINT('',(0.461413865,-0.018931635,0.339725));
#6366=CARTESIAN_POINT('',(0.461413865,-0.018931635,0.349725));
#6367=CARTESIAN_POINT('',(0.450642671,-0.008768132,0.339725));
#6368=CARTESIAN_POINT('',(0.450642671,-0.008768132,0.349725));
#6369=CARTESIAN_POINT('',(0.438066409,0.000176432,0.339725));
#6370=CARTESIAN_POINT('',(0.438066409,0.000176432,0.349725));
#6371=CARTESIAN_POINT('',(0.428632189,0.004739603,0.339725));
#6372=CARTESIAN_POINT('',(0.428632189,0.004739603,0.349725));
#6373=CARTESIAN_POINT('',(0.423766234,0.007093182,0.339725));
#6374=CARTESIAN_POINT('',(0.423766234,0.007093182,0.349725));
#6375=B_SPLINE_SURFACE_WITH_KNOTS('',3,1,((#6353,#6354),(#6355,#6356),(#6357,#6358),(#6359,#6360),(#6361,#6362),(#6363,#6364),(#6365,#6366),(#6367,#6368),(#6369,#6370),(#6371,#6372),(#6373,#6374)),.UNSPECIFIED.,.F.,.F.,.U.,(4,1,1,1,1,1,1,1,4),(2,2),(0.,0.133704359,0.26010431,0.381642426,0.500469063,0.6191783,0.740614601,0.866214928,1.),(0.,1.),.UNSPECIFIED.);
#6376=ORIENTED_EDGE('',*,*,#6347,.T.);
#6377=CARTESIAN_POINT('',(0.485454455,-0.088444882,0.339725));
#6378=VERTEX_POINT('',#6377);
#6379=CARTESIAN_POINT('',(0.423766234,0.007093182,0.339725));
#6380=CARTESIAN_POINT('',(0.432859093,0.002695122,0.339725));
#6381=CARTESIAN_POINT('',(0.441800136,-0.002086405,0.339725));
#6382=CARTESIAN_POINT('',(0.449669469,-0.008422331,0.339725));
#6383=CARTESIAN_POINT('',(0.457538802,-0.014758257,0.339725));
#6384=CARTESIAN_POINT('',(0.464445475,-0.022279579,0.339725));
#6385=CARTESIAN_POINT('',(0.469900851,-0.030779327,0.339725));
#6386=CARTESIAN_POINT('',(0.475356227,-0.039279076,0.339725));
#6387=CARTESIAN_POINT('',(0.479335819,-0.04867938,0.339725));
#6388=CARTESIAN_POINT('',(0.481872718,-0.05845755,0.339725));
#6389=CARTESIAN_POINT('',(0.484409617,-0.068235719,0.339725));
#6390=CARTESIAN_POINT('',(0.485128118,-0.078348318,0.339725));
#6391=CARTESIAN_POINT('',(0.485454545,-0.088442532,0.339725));
#6392=B_SPLINE_CURVE_WITH_KNOTS('',3,(#6379,#6380,#6381,#6382,#6383,#6384,#6385,#6386,#6387,#6388,#6389,#6390,#6391),.UNSPECIFIED.,.F.,.F.,(4,3,3,3,4),(0.,0.25,0.5,0.75,1.),.UNSPECIFIED.);
#6393=EDGE_CURVE('NONE',#6329,#6378,#6392,.T.);
#6394=ORIENTED_EDGE('',*,*,#6393,.T.);
#6395=CARTESIAN_POINT('',(0.485454545,-0.088442532,0.349725));
#6396=DIRECTION('',(0.,-0.,-1.));
#6397=VECTOR('',#6396,0.01);
#6398=LINE('',#6395,#6397);
#6399=EDGE_CURVE('NONE',#389,#6378,#6398,.T.);
#6400=ORIENTED_EDGE('',*,*,#6399,.F.);
#6401=ORIENTED_EDGE('',*,*,#404,.F.);
#6402=EDGE_LOOP('',(#6376,#6394,#6400,#6401));
#6403=FACE_BOUND('',#6402,.T.);
#6404=ADVANCED_FACE('NONE',(#6403),#6375,.F.);
#6405=CARTESIAN_POINT('',(0.359480519,-0.204919805,0.339725));
#6406=CARTESIAN_POINT('',(0.359480519,-0.204919805,0.349725));
#6407=CARTESIAN_POINT('',(0.36574186,-0.204765199,0.339725));
#6408=CARTESIAN_POINT('',(0.36574186,-0.204765199,0.349725));
#6409=CARTESIAN_POINT('',(0.377838912,-0.204466496,0.339725));
#6410=CARTESIAN_POINT('',(0.377838912,-0.204466496,0.349725));
#6411=CARTESIAN_POINT('',(0.395255542,-0.201701706,0.339725));
#6412=CARTESIAN_POINT('',(0.395255542,-0.201701706,0.349725));
#6413=CARTESIAN_POINT('',(0.41131911,-0.197431183,0.339725));
#6414=CARTESIAN_POINT('',(0.41131911,-0.197431183,0.349725));
#6415=CARTESIAN_POINT('',(0.425907966,-0.191093656,0.339725));
#6416=CARTESIAN_POINT('',(0.425907966,-0.191093656,0.349725));
#6417=CARTESIAN_POINT('',(0.439084839,-0.183106348,0.339725));
#6418=CARTESIAN_POINT('',(0.439084839,-0.183106348,0.349725));
#6419=CARTESIAN_POINT('',(0.450850667,-0.173433321,0.339725));
#6420=CARTESIAN_POINT('',(0.450850667,-0.173433321,0.349725));
#6421=CARTESIAN_POINT('',(0.461040289,-0.162029686,0.339725));
#6422=CARTESIAN_POINT('',(0.461040289,-0.162029686,0.349725));
#6423=CARTESIAN_POINT('',(0.46969917,-0.149174346,0.339725));
#6424=CARTESIAN_POINT('',(0.46969917,-0.149174346,0.349725));
#6425=CARTESIAN_POINT('',(0.476774675,-0.135211407,0.339725));
#6426=CARTESIAN_POINT('',(0.476774675,-0.135211407,0.349725));
#6427=CARTESIAN_POINT('',(0.4818332,-0.120268435,0.339725));
#6428=CARTESIAN_POINT('',(0.4818332,-0.120268435,0.349725));
#6429=CARTESIAN_POINT('',(0.484929186,-0.104588001,0.339725));
#6430=CARTESIAN_POINT('',(0.484929186,-0.104588001,0.349725));
#6431=CARTESIAN_POINT('',(0.485278008,-0.093867925,0.339725));
#6432=CARTESIAN_POINT('',(0.485278008,-0.093867925,0.349725));
#6433=CARTESIAN_POINT('',(0.485454545,-0.088442532,0.339725));
#6434=CARTESIAN_POINT('',(0.485454545,-0.088442532,0.349725));
#6435=B_SPLINE_SURFACE_WITH_KNOTS('',3,1,((#6405,#6406),(#6407,#6408),(#6409,#6410),(#6411,#6412),(#6413,#6414),(#6415,#6416),(#6417,#6418),(#6419,#6420),(#6421,#6422),(#6423,#6424),(#6425,#6426),(#6427,#6428),(#6429,#6430),(#6431,#6432),(#6433,#6434)),.UNSPECIFIED.,.F.,.F.,.U.,(4,1,1,1,1,1,1,1,1,1,1,1,4),(2,2),(0.,0.097271224,0.187930202,0.273441554,0.355015139,0.434292212,0.512273298,0.590901673,0.671163454,0.75261224,0.833483376,0.915726528,1.),(0.,1.),.UNSPECIFIED.);
#6436=ORIENTED_EDGE('',*,*,#6399,.T.);
#6437=CARTESIAN_POINT('',(0.359480519,-0.204919805,0.339725));
#6438=VERTEX_POINT('',#6437);
#6439=CARTESIAN_POINT('',(0.485454469,-0.088444883,0.339725));
#6440=CARTESIAN_POINT('',(0.48519273,-0.096488698,0.339725));
#6441=CARTESIAN_POINT('',(0.484805817,-0.104540873,0.339725));
#6442=CARTESIAN_POINT('',(0.483279153,-0.112444232,0.339725));
#6443=CARTESIAN_POINT('',(0.481752488,-0.120347591,0.339725));
#6444=CARTESIAN_POINT('',(0.479396377,-0.128095215,0.339725));
#6445=CARTESIAN_POINT('',(0.47624852,-0.135497998,0.339725));
#6446=CARTESIAN_POINT('',(0.469952806,-0.150303564,0.339725));
#6447=CARTESIAN_POINT('',(0.460701245,-0.163943626,0.339725));
#6448=CARTESIAN_POINT('',(0.448821643,-0.174802844,0.339725));
#6449=CARTESIAN_POINT('',(0.436942041,-0.185662061,0.339725));
#6450=CARTESIAN_POINT('',(0.422512475,-0.193671853,0.339725));
#6451=CARTESIAN_POINT('',(0.407128462,-0.198372378,0.339725));
#6452=CARTESIAN_POINT('',(0.399436456,-0.200722641,0.339725));
#6453=CARTESIAN_POINT('',(0.39152,-0.202370115,0.339725));
#6454=CARTESIAN_POINT('',(0.383546843,-0.203425264,0.339725));
#6455=CARTESIAN_POINT('',(0.375573685,-0.204480414,0.339725));
#6456=CARTESIAN_POINT('',(0.367526759,-0.204721126,0.339725));
#6457=CARTESIAN_POINT('',(0.359480519,-0.204919805,0.339725));
#6458=B_SPLINE_CURVE_WITH_KNOTS('',3,(#6439,#6440,#6441,#6442,#6443,#6444,#6445,#6446,#6447,#6448,#6449,#6450,#6451,#6452,#6453,#6454,#6455,#6456,#6457),.UNSPECIFIED.,.F.,.F.,(4,3,3,3,3,3,4),(0.,0.124998479,0.249996958,0.499993915,0.749990873,0.874989352,0.99998783),.UNSPECIFIED.);
#6459=EDGE_CURVE('NONE',#6378,#6438,#6458,.T.);
#6460=ORIENTED_EDGE('',*,*,#6459,.T.);
#6461=CARTESIAN_POINT('',(0.359480519,-0.204919805,0.349725));
#6462=DIRECTION('',(0.,-0.,-1.));
#6463=VECTOR('',#6462,0.01);
#6464=LINE('',#6461,#6463);
#6465=EDGE_CURVE('NONE',#407,#6438,#6464,.T.);
#6466=ORIENTED_EDGE('',*,*,#6465,.F.);
#6467=ORIENTED_EDGE('',*,*,#425,.F.);
#6468=EDGE_LOOP('',(#6436,#6460,#6466,#6467));
#6469=FACE_BOUND('',#6468,.T.);
#6470=ADVANCED_FACE('NONE',(#6469),#6435,.F.);
#6471=CARTESIAN_POINT('',(0.225714286,-0.06985487,0.339725));
#6472=CARTESIAN_POINT('',(0.225714286,-0.06985487,0.349725));
#6473=CARTESIAN_POINT('',(0.225932665,-0.074920467,0.339725));
#6474=CARTESIAN_POINT('',(0.225932665,-0.074920467,0.349725));
#6475=CARTESIAN_POINT('',(0.226359278,-0.084816299,0.339725));
#6476=CARTESIAN_POINT('',(0.226359278,-0.084816299,0.349725));
#6477=CARTESIAN_POINT('',(0.228317353,-0.099241513,0.339725));
#6478=CARTESIAN_POINT('',(0.228317353,-0.099241513,0.349725));
#6479=CARTESIAN_POINT('',(0.231380547,-0.11282636,0.339725));
#6480=CARTESIAN_POINT('',(0.231380547,-0.11282636,0.349725));
#6481=CARTESIAN_POINT('',(0.235569557,-0.125613318,0.339725));
#6482=CARTESIAN_POINT('',(0.235569557,-0.125613318,0.349725));
#6483=CARTESIAN_POINT('',(0.24071996,-0.137631216,0.339725));
#6484=CARTESIAN_POINT('',(0.24071996,-0.137631216,0.349725));
#6485=CARTESIAN_POINT('',(0.24700923,-0.148858512,0.339725));
#6486=CARTESIAN_POINT('',(0.24700923,-0.148858512,0.349725));
#6487=CARTESIAN_POINT('',(0.25444438,-0.159203655,0.339725));
#6488=CARTESIAN_POINT('',(0.25444438,-0.159203655,0.349725));
#6489=CARTESIAN_POINT('',(0.262882306,-0.168691523,0.339725));
#6490=CARTESIAN_POINT('',(0.262882306,-0.168691523,0.349725));
#6491=CARTESIAN_POINT('',(0.2722128,-0.17724289,0.339725));
#6492=CARTESIAN_POINT('',(0.2722128,-0.17724289,0.349725));
#6493=CARTESIAN_POINT('',(0.282423298,-0.184675147,0.339725));
#6494=CARTESIAN_POINT('',(0.282423298,-0.184675147,0.349725));
#6495=CARTESIAN_POINT('',(0.293433402,-0.190936216,0.339725));
#6496=CARTESIAN_POINT('',(0.293433402,-0.190936216,0.349725));
#6497=CARTESIAN_POINT('',(0.305188466,-0.196069613,0.339725));
#6498=CARTESIAN_POINT('',(0.305188466,-0.196069613,0.349725));
#6499=CARTESIAN_POINT('',(0.317675612,-0.200052042,0.339725));
#6500=CARTESIAN_POINT('',(0.317675612,-0.200052042,0.349725));
#6501=CARTESIAN_POINT('',(0.330913649,-0.202877929,0.339725));
#6502=CARTESIAN_POINT('',(0.330913649,-0.202877929,0.349725));
#6503=CARTESIAN_POINT('',(0.34493206,-0.204614739,0.339725));
#6504=CARTESIAN_POINT('',(0.34493206,-0.204614739,0.349725));
#6505=CARTESIAN_POINT('',(0.354551127,-0.204816441,0.339725));
#6506=CARTESIAN_POINT('',(0.354551127,-0.204816441,0.349725));
#6507=CARTESIAN_POINT('',(0.359480519,-0.204919805,0.339725));
#6508=CARTESIAN_POINT('',(0.359480519,-0.204919805,0.349725));
#6509=B_SPLINE_SURFACE_WITH_KNOTS('',3,1,((#6471,#6472),(#6473,#6474),(#6475,#6476),(#6477,#6478),(#6479,#6480),(#6481,#6482),(#6483,#6484),(#6485,#6486),(#6487,#6488),(#6489,#6490),(#6491,#6492),(#6493,#6494),(#6495,#6496),(#6497,#6498),(#6499,#6500),(#6501,#6502),(#6503,#6504),(#6505,#6506),(#6507,#6508)),.UNSPECIFIED.,.F.,.F.,.U.,(4,1,1,1,1,1,1,1,1,1,1,1,1,1,1,1,4),(2,2),(0.,0.071029669,0.138759108,0.203701211,0.265934495,0.327075811,0.386666581,0.445908893,0.505266374,0.564314208,0.622941734,0.681872575,0.741471789,0.802389294,0.865234121,0.930937789,1.),(0.,1.),.UNSPECIFIED.);
#6510=ORIENTED_EDGE('',*,*,#6465,.T.);
#6511=CARTESIAN_POINT('',(0.225714286,-0.06985487,0.339725));
#6512=VERTEX_POINT('',#6511);
#6513=CARTESIAN_POINT('',(0.359480519,-0.204919805,0.339725));
#6514=CARTESIAN_POINT('',(0.341636488,-0.204545634,0.339725));
#6515=CARTESIAN_POINT('',(0.323679097,-0.202518271,0.339725));
#6516=CARTESIAN_POINT('',(0.30689199,-0.196461194,0.339725));
#6517=CARTESIAN_POINT('',(0.290104882,-0.190404117,0.339725));
#6518=CARTESIAN_POINT('',(0.274674686,-0.180574632,0.339725));
#6519=CARTESIAN_POINT('',(0.262263951,-0.167749215,0.339725));
#6520=CARTESIAN_POINT('',(0.249853217,-0.154923799,0.339725));
#6521=CARTESIAN_POINT('',(0.240531068,-0.139246963,0.339725));
#6522=CARTESIAN_POINT('',(0.234610149,-0.122411962,0.339725));
#6523=CARTESIAN_POINT('',(0.22868923,-0.105576962,0.339725));
#6524=CARTESIAN_POINT('',(0.226482906,-0.087684028,0.339725));
#6525=CARTESIAN_POINT('',(0.225714286,-0.06985487,0.339725));
#6526=B_SPLINE_CURVE_WITH_KNOTS('',3,(#6513,#6514,#6515,#6516,#6517,#6518,#6519,#6520,#6521,#6522,#6523,#6524,#6525),.UNSPECIFIED.,.F.,.F.,(4,3,3,3,4),(0.,0.25,0.5,0.75,1.),.UNSPECIFIED.);
#6527=EDGE_CURVE('NONE',#6438,#6512,#6526,.T.);
#6528=ORIENTED_EDGE('',*,*,#6527,.T.);
#6529=CARTESIAN_POINT('',(0.225714286,-0.06985487,0.349725));
#6530=DIRECTION('',(-0.,-0.,-1.));
#6531=VECTOR('',#6530,0.01);
#6532=LINE('',#6529,#6531);
#6533=EDGE_CURVE('NONE',#158,#6512,#6532,.T.);
#6534=ORIENTED_EDGE('',*,*,#6533,.F.);
#6535=ORIENTED_EDGE('',*,*,#441,.F.);
#6536=EDGE_LOOP('',(#6510,#6528,#6534,#6535));
#6537=FACE_BOUND('',#6536,.T.);
#6538=ADVANCED_FACE('NONE',(#6537),#6509,.F.);
#6539=CARTESIAN_POINT('',(0.225714286,-0.06985487,0.349725));
#6540=DIRECTION('',(0.124034735,-0.992277877,0.));
#6541=DIRECTION('',(0.992277877,0.124034735,-0.));
#6542=AXIS2_PLACEMENT_3D('',#6539,#6540,#6541);
#6543=PLANE('',#6542);
#6544=ORIENTED_EDGE('',*,*,#165,.F.);
#6545=ORIENTED_EDGE('',*,*,#6533,.T.);
#6546=CARTESIAN_POINT('',(0.225714286,-0.06985487,0.339725));
#6547=DIRECTION('',(0.992277877,0.124034735,-0.));
#6548=VECTOR('',#6547,0.041881858);
#6549=LINE('',#6546,#6548);
#6550=EDGE_CURVE('NONE',#6512,#5663,#6549,.T.);
#6551=ORIENTED_EDGE('',*,*,#6550,.T.);
#6552=ORIENTED_EDGE('',*,*,#5668,.F.);
#6553=EDGE_LOOP('',(#6544,#6545,#6551,#6552));
#6554=FACE_BOUND('',#6553,.T.);
#6555=ADVANCED_FACE('NONE',(#6554),#6543,.T.);
#6556=CARTESIAN_POINT('',(-0.95,-0.399725,0.339725));
#6557=DIRECTION('',(0.,0.,1.));
#6558=DIRECTION('',(0.,-1.,0.));
#6559=AXIS2_PLACEMENT_3D('',#6556,#6557,#6558);
#6560=PLANE('',#6559);
#6561=ORIENTED_EDGE('',*,*,#6527,.F.);
#6562=ORIENTED_EDGE('',*,*,#6459,.F.);
#6563=ORIENTED_EDGE('',*,*,#6393,.F.);
#6564=ORIENTED_EDGE('',*,*,#6341,.F.);
#6565=ORIENTED_EDGE('',*,*,#6292,.F.);
#6566=ORIENTED_EDGE('',*,*,#6246,.F.);
#6567=ORIENTED_EDGE('',*,*,#6202,.F.);
#6568=ORIENTED_EDGE('',*,*,#6131,.F.);
#6569=ORIENTED_EDGE('',*,*,#6063,.F.);
#6570=ORIENTED_EDGE('',*,*,#6039,.F.);
#6571=ORIENTED_EDGE('',*,*,#5973,.F.);
#6572=ORIENTED_EDGE('',*,*,#5902,.F.);
#6573=ORIENTED_EDGE('',*,*,#5834,.F.);
#6574=ORIENTED_EDGE('',*,*,#5763,.F.);
#6575=ORIENTED_EDGE('',*,*,#5692,.F.);
#6576=ORIENTED_EDGE('',*,*,#6550,.F.);
#6577=EDGE_LOOP('',(#6561,#6562,#6563,#6564,#6565,#6566,#6567,#6568,#6569,#6570,#6571,#6572,#6573,#6574,#6575,#6576));
#6578=FACE_BOUND('',#6577,.T.);
#6579=ADVANCED_FACE('NONE',(#6578),#6560,.T.);
#6580=OVER_RIDING_STYLED_ITEM('',(#95),#6579,#54);
#6581=CARTESIAN_POINT('',(0.122857143,-0.000130844,0.339725));
#6582=CARTESIAN_POINT('',(0.122857143,-0.000130844,0.349725));
#6583=CARTESIAN_POINT('',(0.122794517,0.005119322,0.339725));
#6584=CARTESIAN_POINT('',(0.122794517,0.005119322,0.349725));
#6585=CARTESIAN_POINT('',(0.122671413,0.015439546,0.339725));
#6586=CARTESIAN_POINT('',(0.122671413,0.015439546,0.349725));
#6587=CARTESIAN_POINT('',(0.121708409,0.03066855,0.339725));
#6588=CARTESIAN_POINT('',(0.121708409,0.03066855,0.349725));
#6589=CARTESIAN_POINT('',(0.119968095,0.04531089,0.339725));
#6590=CARTESIAN_POINT('',(0.119968095,0.04531089,0.349725));
#6591=CARTESIAN_POINT('',(0.117756694,0.059446117,0.339725));
#6592=CARTESIAN_POINT('',(0.117756694,0.059446117,0.349725));
#6593=CARTESIAN_POINT('',(0.114701143,0.072971418,0.339725));
#6594=CARTESIAN_POINT('',(0.114701143,0.072971418,0.349725));
#6595=CARTESIAN_POINT('',(0.111192198,0.086013117,0.339725));
#6596=CARTESIAN_POINT('',(0.111192198,0.086013117,0.349725));
#6597=CARTESIAN_POINT('',(0.106862253,0.09844338,0.339725));
#6598=CARTESIAN_POINT('',(0.106862253,0.09844338,0.349725));
#6599=CARTESIAN_POINT('',(0.101908069,0.110306467,0.339725));
#6600=CARTESIAN_POINT('',(0.101908069,0.110306467,0.349725));
#6601=CARTESIAN_POINT('',(0.096403674,0.121539031,0.339725));
#6602=CARTESIAN_POINT('',(0.096403674,0.121539031,0.349725));
#6603=CARTESIAN_POINT('',(0.090467852,0.132150996,0.339725));
#6604=CARTESIAN_POINT('',(0.090467852,0.132150996,0.349725));
#6605=CARTESIAN_POINT('',(0.08407411,0.142071203,0.339725));
#6606=CARTESIAN_POINT('',(0.08407411,0.142071203,0.349725));
#6607=CARTESIAN_POINT('',(0.077135023,0.151274881,0.339725));
#6608=CARTESIAN_POINT('',(0.077135023,0.151274881,0.349725));
#6609=CARTESIAN_POINT('',(0.069766229,0.159825552,0.339725));
#6610=CARTESIAN_POINT('',(0.069766229,0.159825552,0.349725));
#6611=CARTESIAN_POINT('',(0.061844945,0.167641951,0.339725));
#6612=CARTESIAN_POINT('',(0.061844945,0.167641951,0.349725));
#6613=CARTESIAN_POINT('',(0.053497474,0.174785861,0.339725));
#6614=CARTESIAN_POINT('',(0.053497474,0.174785861,0.349725));
#6615=CARTESIAN_POINT('',(0.044711808,0.181227974,0.339725));
#6616=CARTESIAN_POINT('',(0.044711808,0.181227974,0.349725));
#6617=CARTESIAN_POINT('',(0.035556438,0.186858036,0.339725));
#6618=CARTESIAN_POINT('',(0.035556438,0.186858036,0.349725));
#6619=CARTESIAN_POINT('',(0.026171739,0.191870164,0.339725));
#6620=CARTESIAN_POINT('',(0.026171739,0.191870164,0.349725));
#6621=CARTESIAN_POINT('',(0.016519488,0.196104999,0.339725));
#6622=CARTESIAN_POINT('',(0.016519488,0.196104999,0.349725));
#6623=CARTESIAN_POINT('',(0.006593089,0.199481058,0.339725));
#6624=CARTESIAN_POINT('',(0.006593089,0.199481058,0.349725));
#6625=CARTESIAN_POINT('',(-0.003533567,0.202229267,0.339725));
#6626=CARTESIAN_POINT('',(-0.003533567,0.202229267,0.349725));
#6627=CARTESIAN_POINT('',(-0.01391588,0.204035642,0.339725));
#6628=CARTESIAN_POINT('',(-0.01391588,0.204035642,0.349725));
#6629=CARTESIAN_POINT('',(-0.024544776,0.20523075,0.339725));
#6630=CARTESIAN_POINT('',(-0.024544776,0.20523075,0.349725));
#6631=CARTESIAN_POINT('',(-0.031712055,0.205389453,0.339725));
#6632=CARTESIAN_POINT('',(-0.031712055,0.205389453,0.349725));
#6633=CARTESIAN_POINT('',(-0.035340909,0.205469805,0.339725));
#6634=CARTESIAN_POINT('',(-0.035340909,0.205469805,0.349725));
#6635=B_SPLINE_SURFACE_WITH_KNOTS('',3,1,((#6581,#6582),(#6583,#6584),(#6585,#6586),(#6587,#6588),(#6589,#6590),(#6591,#6592),(#6593,#6594),(#6595,#6596),(#6597,#6598),(#6599,#6600),(#6601,#6602),(#6603,#6604),(#6605,#6606),(#6607,#6608),(#6609,#6610),(#6611,#6612),(#6613,#6614),(#6615,#6616),(#6617,#6618),(#6619,#6620),(#6621,#6622),(#6623,#6624),(#6625,#6626),(#6627,#6628),(#6629,#6630),(#6631,#6632),
(#6633,#6634)),.UNSPECIFIED.,.F.,.F.,.U.,(4,1,1,1,1,1,1,1,1,1,1,1,1,1,1,1,1,1,1,1,1,1,1,1,4),(2,2),(0.,0.054254219,0.106647243,0.157594594,0.206595106,0.254420858,0.30081786,0.34609086,0.390332441,0.433598458,0.475285344,0.515923861,0.555459552,0.594309071,0.632467249,0.670345771,0.707759126,0.744925097,0.781322726,0.817633262,0.85370944,0.889586791,0.925948963,0.962507326,1.),(0.,1.),.UNSPECIFIED.);
#6636=CARTESIAN_POINT('',(-0.035340909,0.205469805,0.339725));
#6637=VERTEX_POINT('',#6636);
#6638=CARTESIAN_POINT('',(-0.035340909,0.205469805,0.349725));
#6639=DIRECTION('',(0.,-0.,-1.));
#6640=VECTOR('',#6639,0.01);
#6641=LINE('',#6638,#6640);
#6642=EDGE_CURVE('NONE',#1354,#6637,#6641,.T.);
#6643=ORIENTED_EDGE('',*,*,#6642,.T.);
#6644=CARTESIAN_POINT('',(0.122857143,-0.000130844,0.339725));
#6645=VERTEX_POINT('',#6644);
#6646=CARTESIAN_POINT('',(-0.035340909,0.205469805,0.339725));
#6647=CARTESIAN_POINT('',(-0.010990751,0.204930628,0.339725));
#6648=CARTESIAN_POINT('',(0.013265781,0.199302535,0.339725));
#6649=CARTESIAN_POINT('',(0.034326328,0.18743314,0.339725));
#6650=CARTESIAN_POINT('',(0.055386875,0.175563744,0.339725));
#6651=CARTESIAN_POINT('',(0.073292943,0.158358157,0.339725));
#6652=CARTESIAN_POINT('',(0.086562989,0.138137418,0.339725));
#6653=CARTESIAN_POINT('',(0.113103079,0.097695941,0.339725));
#6654=CARTESIAN_POINT('',(0.122276711,0.048528926,0.339725));
#6655=CARTESIAN_POINT('',(0.122857143,-0.000130844,0.339725));
#6656=B_SPLINE_CURVE_WITH_KNOTS('',3,(#6646,#6647,#6648,#6649,#6650,#6651,#6652,#6653,#6654,#6655),.UNSPECIFIED.,.F.,.F.,(4,3,3,4),(0.,0.000072995,0.00014599,0.000291979),.UNSPECIFIED.);
#6657=EDGE_CURVE('NONE',#6637,#6645,#6656,.T.);
#6658=ORIENTED_EDGE('',*,*,#6657,.T.);
#6659=CARTESIAN_POINT('',(0.122857143,-0.000130844,0.349725));
#6660=DIRECTION('',(0.,-0.,-1.));
#6661=VECTOR('',#6660,0.01);
#6662=LINE('',#6659,#6661);
#6663=EDGE_CURVE('NONE',#1372,#6645,#6662,.T.);
#6664=ORIENTED_EDGE('',*,*,#6663,.F.);
#6665=ORIENTED_EDGE('',*,*,#1390,.F.);
#6666=EDGE_LOOP('',(#6643,#6658,#6664,#6665));
#6667=FACE_BOUND('',#6666,.T.);
#6668=ADVANCED_FACE('NONE',(#6667),#6635,.F.);
#6669=CARTESIAN_POINT('',(0.08211039,-0.143799675,0.339725));
#6670=CARTESIAN_POINT('',(0.08211039,-0.143799675,0.349725));
#6671=CARTESIAN_POINT('',(0.085401529,-0.139072496,0.339725));
#6672=CARTESIAN_POINT('',(0.085401529,-0.139072496,0.349725));
#6673=CARTESIAN_POINT('',(0.092028988,-0.129553242,0.339725));
#6674=CARTESIAN_POINT('',(0.092028988,-0.129553242,0.349725));
#6675=CARTESIAN_POINT('',(0.100240678,-0.114018524,0.339725));
#6676=CARTESIAN_POINT('',(0.100240678,-0.114018524,0.349725));
#6677=CARTESIAN_POINT('',(0.107240535,-0.097528635,0.339725));
#6678=CARTESIAN_POINT('',(0.107240535,-0.097528635,0.349725));
#6679=CARTESIAN_POINT('',(0.113054698,-0.080036316,0.339725));
#6680=CARTESIAN_POINT('',(0.113054698,-0.080036316,0.349725));
#6681=CARTESIAN_POINT('',(0.117324121,-0.061453157,0.339725));
#6682=CARTESIAN_POINT('',(0.117324121,-0.061453157,0.349725));
#6683=CARTESIAN_POINT('',(0.120644782,-0.041924618,0.339725));
#6684=CARTESIAN_POINT('',(0.120644782,-0.041924618,0.349725));
#6685=CARTESIAN_POINT('',(0.122470789,-0.021350827,0.339725));
#6686=CARTESIAN_POINT('',(0.122470789,-0.021350827,0.349725));
#6687=CARTESIAN_POINT('',(0.122726539,-0.007304077,0.339725));
#6688=CARTESIAN_POINT('',(0.122726539,-0.007304077,0.349725));
#6689=CARTESIAN_POINT('',(0.122857143,-0.000130844,0.339725));
#6690=CARTESIAN_POINT('',(0.122857143,-0.000130844,0.349725));
#6691=B_SPLINE_SURFACE_WITH_KNOTS('',3,1,((#6669,#6670),(#6671,#6672),(#6673,#6674),(#6675,#6676),(#6677,#6678),(#6679,#6680),(#6681,#6682),(#6683,#6684),(#6685,#6686),(#6687,#6688),(#6689,#6690)),.UNSPECIFIED.,.F.,.F.,.U.,(4,1,1,1,1,1,1,1,4),(2,2),(0.,0.113689799,0.228940339,0.346273651,0.467281218,0.592504184,0.722538706,0.858309251,1.),(0.,1.),.UNSPECIFIED.);
#6692=ORIENTED_EDGE('',*,*,#6663,.T.);
#6693=CARTESIAN_POINT('',(0.082107956,-0.143802734,0.339725));
#6694=VERTEX_POINT('',#6693);
#6695=CARTESIAN_POINT('',(0.122857143,-0.000130844,0.339725));
#6696=CARTESIAN_POINT('',(0.122626705,-0.012787339,0.339725));
#6697=CARTESIAN_POINT('',(0.122273478,-0.025457128,0.339725));
#6698=CARTESIAN_POINT('',(0.12084507,-0.038035467,0.339725));
#6699=CARTESIAN_POINT('',(0.119416662,-0.050613806,0.339725));
#6700=CARTESIAN_POINT('',(0.117133352,-0.063100088,0.339725));
#6701=CARTESIAN_POINT('',(0.11399825,-0.075363378,0.339725));
#6702=CARTESIAN_POINT('',(0.110863148,-0.087626668,0.339725));
#6703=CARTESIAN_POINT('',(0.106587489,-0.099596628,0.339725));
#6704=CARTESIAN_POINT('',(0.101320785,-0.111110812,0.339725));
#6705=CARTESIAN_POINT('',(0.096054081,-0.122624997,0.339725));
#6706=CARTESIAN_POINT('',(0.089347493,-0.133404769,0.339725));
#6707=CARTESIAN_POINT('',(0.08211039,-0.143799675,0.339725));
#6708=B_SPLINE_CURVE_WITH_KNOTS('',3,(#6695,#6696,#6697,#6698,#6699,#6700,#6701,#6702,#6703,#6704,#6705,#6706,#6707),.UNSPECIFIED.,.F.,.F.,(4,3,3,3,4),(0.,0.25,0.5,0.75,1.),.UNSPECIFIED.);
#6709=EDGE_CURVE('NONE',#6645,#6694,#6708,.T.);
#6710=ORIENTED_EDGE('',*,*,#6709,.T.);
#6711=CARTESIAN_POINT('',(0.08211039,-0.143799675,0.349725));
#6712=DIRECTION('',(0.,-0.,-1.));
#6713=VECTOR('',#6712,0.01);
#6714=LINE('',#6711,#6713);
#6715=EDGE_CURVE('NONE',#1393,#6694,#6714,.T.);
#6716=ORIENTED_EDGE('',*,*,#6715,.F.);
#6717=ORIENTED_EDGE('',*,*,#1408,.F.);
#6718=EDGE_LOOP('',(#6692,#6710,#6716,#6717));
#6719=FACE_BOUND('',#6718,.T.);
#6720=ADVANCED_FACE('NONE',(#6719),#6691,.F.);
#6721=CARTESIAN_POINT('',(-0.035584416,-0.204919805,0.339725));
#6722=CARTESIAN_POINT('',(-0.035584416,-0.204919805,0.349725));
#6723=CARTESIAN_POINT('',(-0.029647932,-0.204732722,0.339725));
#6724=CARTESIAN_POINT('',(-0.029647932,-0.204732722,0.349725));
#6725=CARTESIAN_POINT('',(-0.018002441,-0.204365724,0.339725));
#6726=CARTESIAN_POINT('',(-0.018002441,-0.204365724,0.349725));
#6727=CARTESIAN_POINT('',(-0.000981232,-0.201475652,0.339725));
#6728=CARTESIAN_POINT('',(-0.000981232,-0.201475652,0.349725));
#6729=CARTESIAN_POINT('',(0.015138388,-0.196638695,0.339725));
#6730=CARTESIAN_POINT('',(0.015138388,-0.196638695,0.349725));
#6731=CARTESIAN_POINT('',(0.030431158,-0.189996577,0.339725));
#6732=CARTESIAN_POINT('',(0.030431158,-0.189996577,0.349725));
#6733=CARTESIAN_POINT('',(0.044775461,-0.181226824,0.339725));
#6734=CARTESIAN_POINT('',(0.044775461,-0.181226824,0.349725));
#6735=CARTESIAN_POINT('',(0.058270681,-0.170648336,0.339725));
#6736=CARTESIAN_POINT('',(0.058270681,-0.170648336,0.349725));
#6737=CARTESIAN_POINT('',(0.070892791,-0.158121388,0.339725));
#6738=CARTESIAN_POINT('',(0.070892791,-0.158121388,0.349725));
#6739=CARTESIAN_POINT('',(0.078313758,-0.148646904,0.339725));
#6740=CARTESIAN_POINT('',(0.078313758,-0.148646904,0.349725));
#6741=CARTESIAN_POINT('',(0.08211039,-0.143799675,0.339725));
#6742=CARTESIAN_POINT('',(0.08211039,-0.143799675,0.349725));
#6743=B_SPLINE_SURFACE_WITH_KNOTS('',3,1,((#6721,#6722),(#6723,#6724),(#6725,#6726),(#6727,#6728),(#6729,#6730),(#6731,#6732),(#6733,#6734),(#6735,#6736),(#6737,#6738),(#6739,#6740),(#6741,#6742)),.UNSPECIFIED.,.F.,.F.,.U.,(4,1,1,1,1,1,1,1,4),(2,2),(0.,0.129015424,0.253087157,0.374053727,0.494163431,0.61451488,0.738540589,0.866235093,1.),(0.,1.),.UNSPECIFIED.);
#6744=ORIENTED_EDGE('',*,*,#6715,.T.);
#6745=CARTESIAN_POINT('',(-0.035586779,-0.204919713,0.339725));
#6746=VERTEX_POINT('',#6745);
#6747=CARTESIAN_POINT('',(0.082107979,-0.143802752,0.339725));
#6748=CARTESIAN_POINT('',(0.075016767,-0.152856232,0.339725));
#6749=CARTESIAN_POINT('',(0.067655897,-0.161750961,0.339725));
#6750=CARTESIAN_POINT('',(0.059103699,-0.169451602,0.339725));
#6751=CARTESIAN_POINT('',(0.050551501,-0.177152243,0.339725));
#6752=CARTESIAN_POINT('',(0.041130077,-0.183913572,0.339725));
#6753=CARTESIAN_POINT('',(0.030957257,-0.189286171,0.339725));
#6754=CARTESIAN_POINT('',(0.020784436,-0.19465877,0.339725));
#6755=CARTESIAN_POINT('',(0.009872063,-0.198606127,0.339725));
#6756=CARTESIAN_POINT('',(-0.001340549,-0.201201669,0.339725));
#6757=CARTESIAN_POINT('',(-0.01255316,-0.203797212,0.339725));
#6758=CARTESIAN_POINT('',(-0.024080977,-0.204557284,0.339725));
#6759=CARTESIAN_POINT('',(-0.035584416,-0.204919805,0.339725));
#6760=B_SPLINE_CURVE_WITH_KNOTS('',3,(#6747,#6748,#6749,#6750,#6751,#6752,#6753,#6754,#6755,#6756,#6757,#6758,#6759),.UNSPECIFIED.,.F.,.F.,(4,3,3,3,4),(0.,0.249992924,0.499985847,0.749978771,0.999971694),.UNSPECIFIED.);
#6761=EDGE_CURVE('NONE',#6694,#6746,#6760,.T.);
#6762=ORIENTED_EDGE('',*,*,#6761,.T.);
#6763=CARTESIAN_POINT('',(-0.035584416,-0.204919805,0.349725));
#6764=DIRECTION('',(0.,-0.,-1.));
#6765=VECTOR('',#6764,0.01);
#6766=LINE('',#6763,#6765);
#6767=EDGE_CURVE('NONE',#1411,#6746,#6766,.T.);
#6768=ORIENTED_EDGE('',*,*,#6767,.F.);
#6769=ORIENTED_EDGE('',*,*,#1426,.F.);
#6770=EDGE_LOOP('',(#6744,#6762,#6768,#6769));
#6771=FACE_BOUND('',#6770,.T.);
#6772=ADVANCED_FACE('NONE',(#6771),#6743,.F.);
#6773=CARTESIAN_POINT('',(-0.153522727,-0.142176299,0.339725));
#6774=CARTESIAN_POINT('',(-0.153522727,-0.142176299,0.349725));
#6775=CARTESIAN_POINT('',(-0.14976188,-0.147163934,0.339725));
#6776=CARTESIAN_POINT('',(-0.14976188,-0.147163934,0.349725));
#6777=CARTESIAN_POINT('',(-0.142415492,-0.156906714,0.339725));
#6778=CARTESIAN_POINT('',(-0.142415492,-0.156906714,0.349725));
#6779=CARTESIAN_POINT('',(-0.129792714,-0.169709484,0.339725));
#6780=CARTESIAN_POINT('',(-0.129792714,-0.169709484,0.349725));
#6781=CARTESIAN_POINT('',(-0.116337806,-0.180614539,0.339725));
#6782=CARTESIAN_POINT('',(-0.116337806,-0.180614539,0.349725));
#6783=CARTESIAN_POINT('',(-0.101965179,-0.189568192,0.339725));
#6784=CARTESIAN_POINT('',(-0.101965179,-0.189568192,0.349725));
#6785=CARTESIAN_POINT('',(-0.086596833,-0.19642277,0.339725));
#6786=CARTESIAN_POINT('',(-0.086596833,-0.19642277,0.349725));
#6787=CARTESIAN_POINT('',(-0.070388989,-0.20139304,0.339725));
#6788=CARTESIAN_POINT('',(-0.070388989,-0.20139304,0.349725));
#6789=CARTESIAN_POINT('',(-0.053254184,-0.204384913,0.339725));
#6790=CARTESIAN_POINT('',(-0.053254184,-0.204384913,0.349725));
#6791=CARTESIAN_POINT('',(-0.041548775,-0.204739254,0.339725));
#6792=CARTESIAN_POINT('',(-0.041548775,-0.204739254,0.349725));
#6793=CARTESIAN_POINT('',(-0.035584416,-0.204919805,0.339725));
#6794=CARTESIAN_POINT('',(-0.035584416,-0.204919805,0.349725));
#6795=B_SPLINE_SURFACE_WITH_KNOTS('',3,1,((#6773,#6774),(#6775,#6776),(#6777,#6778),(#6779,#6780),(#6781,#6782),(#6783,#6784),(#6785,#6786),(#6787,#6788),(#6789,#6790),(#6791,#6792),(#6793,#6794)),.UNSPECIFIED.,.F.,.F.,.U.,(4,1,1,1,1,1,1,1,4),(2,2),(0.,0.134496409,0.262723461,0.386291151,0.506996063,0.626523587,0.747881559,0.871535882,1.),(0.,1.),.UNSPECIFIED.);
#6796=ORIENTED_EDGE('',*,*,#6767,.T.);
#6797=CARTESIAN_POINT('',(-0.153525421,-0.142172311,0.339725));
#6798=VERTEX_POINT('',#6797);
#6799=CARTESIAN_POINT('',(-0.03558678,-0.204919734,0.339725));
#6800=CARTESIAN_POINT('',(-0.047189232,-0.204568509,0.339725));
#6801=CARTESIAN_POINT('',(-0.058821761,-0.203780244,0.339725));
#6802=CARTESIAN_POINT('',(-0.070118738,-0.201092341,0.339725));
#6803=CARTESIAN_POINT('',(-0.081415714,-0.198404438,0.339725));
#6804=CARTESIAN_POINT('',(-0.092386735,-0.194318309,0.339725));
#6805=CARTESIAN_POINT('',(-0.102595943,-0.188793859,0.339725));
#6806=CARTESIAN_POINT('',(-0.112805151,-0.183269409,0.339725));
#6807=CARTESIAN_POINT('',(-0.122203811,-0.176304936,0.339725));
#6808=CARTESIAN_POINT('',(-0.130723102,-0.168414014,0.339725));
#6809=CARTESIAN_POINT('',(-0.139242393,-0.160523092,0.339725));
#6810=CARTESIAN_POINT('',(-0.146532118,-0.151447244,0.339725));
#6811=CARTESIAN_POINT('',(-0.153522727,-0.142176299,0.339725));
#6812=B_SPLINE_CURVE_WITH_KNOTS('',3,(#6799,#6800,#6801,#6802,#6803,#6804,#6805,#6806,#6807,#6808,#6809,#6810,#6811),.UNSPECIFIED.,.F.,.F.,(4,3,3,3,4),(0.,0.249995756,0.499991512,0.749987268,0.999983024),.UNSPECIFIED.);
#6813=EDGE_CURVE('NONE',#6746,#6798,#6812,.T.);
#6814=ORIENTED_EDGE('',*,*,#6813,.T.);
#6815=CARTESIAN_POINT('',(-0.153522727,-0.142176299,0.349725));
#6816=DIRECTION('',(0.,-0.,-1.));
#6817=VECTOR('',#6816,0.01);
#6818=LINE('',#6815,#6817);
#6819=EDGE_CURVE('NONE',#1429,#6798,#6818,.T.);
#6820=ORIENTED_EDGE('',*,*,#6819,.F.);
#6821=ORIENTED_EDGE('',*,*,#1444,.F.);
#6822=EDGE_LOOP('',(#6796,#6814,#6820,#6821));
#6823=FACE_BOUND('',#6822,.T.);
#6824=ADVANCED_FACE('NONE',(#6823),#6795,.F.);
#6825=CARTESIAN_POINT('',(-0.194025974,-0.005000974,0.339725));
#6826=CARTESIAN_POINT('',(-0.194025974,-0.005000974,0.349725));
#6827=CARTESIAN_POINT('',(-0.193898506,-0.011580091,0.339725));
#6828=CARTESIAN_POINT('',(-0.193898506,-0.011580091,0.349725));
#6829=CARTESIAN_POINT('',(-0.193647767,-0.024521737,0.339725));
#6830=CARTESIAN_POINT('',(-0.193647767,-0.024521737,0.349725));
#6831=CARTESIAN_POINT('',(-0.191751187,-0.043566467,0.339725));
#6832=CARTESIAN_POINT('',(-0.191751187,-0.043566467,0.349725));
#6833=CARTESIAN_POINT('',(-0.188628605,-0.061864352,0.339725));
#6834=CARTESIAN_POINT('',(-0.188628605,-0.061864352,0.349725));
#6835=CARTESIAN_POINT('',(-0.184108225,-0.079403676,0.339725));
#6836=CARTESIAN_POINT('',(-0.184108225,-0.079403676,0.349725));
#6837=CARTESIAN_POINT('',(-0.178467139,-0.096261907,0.339725));
#6838=CARTESIAN_POINT('',(-0.178467139,-0.096261907,0.349725));
#6839=CARTESIAN_POINT('',(-0.171447403,-0.112341024,0.339725));
#6840=CARTESIAN_POINT('',(-0.171447403,-0.112341024,0.349725));
#6841=CARTESIAN_POINT('',(-0.163263519,-0.127756388,0.339725));
#6842=CARTESIAN_POINT('',(-0.163263519,-0.127756388,0.349725));
#6843=CARTESIAN_POINT('',(-0.156776077,-0.137360159,0.339725));
#6844=CARTESIAN_POINT('',(-0.156776077,-0.137360159,0.349725));
#6845=CARTESIAN_POINT('',(-0.153522727,-0.142176299,0.339725));
#6846=CARTESIAN_POINT('',(-0.153522727,-0.142176299,0.349725));
#6847=B_SPLINE_SURFACE_WITH_KNOTS('',3,1,((#6825,#6826),(#6827,#6828),(#6829,#6830),(#6831,#6832),(#6833,#6834),(#6835,#6836),(#6837,#6838),(#6839,#6840),(#6841,#6842),(#6843,#6844),(#6845,#6846)),.UNSPECIFIED.,.F.,.F.,.U.,(4,1,1,1,1,1,1,1,4),(2,2),(0.,0.135750407,0.267031837,0.394531824,0.518440798,0.640446964,0.760976254,0.880133373,1.),(0.,1.),.UNSPECIFIED.);
#6848=ORIENTED_EDGE('',*,*,#6819,.T.);
#6849=CARTESIAN_POINT('',(-0.194025974,-0.005000974,0.339725));
#6850=VERTEX_POINT('',#6849);
#6851=CARTESIAN_POINT('',(-0.153525421,-0.142172311,0.339725));
#6852=CARTESIAN_POINT('',(-0.160305156,-0.13213584,0.339725));
#6853=CARTESIAN_POINT('',(-0.166710914,-0.121817259,0.339725));
#6854=CARTESIAN_POINT('',(-0.171907055,-0.110866119,0.339725));
#6855=CARTESIAN_POINT('',(-0.177103196,-0.09991498,0.339725));
#6856=CARTESIAN_POINT('',(-0.18131175,-0.088513955,0.339725));
#6857=CARTESIAN_POINT('',(-0.184627486,-0.076857226,0.339725));
#6858=CARTESIAN_POINT('',(-0.187943222,-0.065200497,0.339725));
#6859=CARTESIAN_POINT('',(-0.190315133,-0.053286753,0.339725));
#6860=CARTESIAN_POINT('',(-0.191830931,-0.041262407,0.339725));
#6861=CARTESIAN_POINT('',(-0.193346729,-0.029238062,0.339725));
#6862=CARTESIAN_POINT('',(-0.193791228,-0.017117175,0.339725));
#6863=CARTESIAN_POINT('',(-0.194025974,-0.005000974,0.339725));
#6864=B_SPLINE_CURVE_WITH_KNOTS('',3,(#6851,#6852,#6853,#6854,#6855,#6856,#6857,#6858,#6859,#6860,#6861,#6862,#6863),.UNSPECIFIED.,.F.,.F.,(4,3,3,3,4),(0.,0.24999173,0.49998346,0.74997519,0.99996692),.UNSPECIFIED.);
#6865=EDGE_CURVE('NONE',#6798,#6850,#6864,.T.);
#6866=ORIENTED_EDGE('',*,*,#6865,.T.);
#6867=CARTESIAN_POINT('',(-0.194025974,-0.005000974,0.349725));
#6868=DIRECTION('',(0.,-0.,-1.));
#6869=VECTOR('',#6868,0.01);
#6870=LINE('',#6867,#6869);
#6871=EDGE_CURVE('NONE',#1352,#6850,#6870,.T.);
#6872=ORIENTED_EDGE('',*,*,#6871,.F.);
#6873=ORIENTED_EDGE('',*,*,#1460,.F.);
#6874=EDGE_LOOP('',(#6848,#6866,#6872,#6873));
#6875=FACE_BOUND('',#6874,.T.);
#6876=ADVANCED_FACE('NONE',(#6875),#6847,.F.);
#6877=CARTESIAN_POINT('',(-0.035340909,0.205469805,0.339725));
#6878=CARTESIAN_POINT('',(-0.035340909,0.205469805,0.349725));
#6879=CARTESIAN_POINT('',(-0.040872209,0.205335344,0.339725));
#6880=CARTESIAN_POINT('',(-0.040872209,0.205335344,0.349725));
#6881=CARTESIAN_POINT('',(-0.051781799,0.205070141,0.339725));
#6882=CARTESIAN_POINT('',(-0.051781799,0.205070141,0.349725));
#6883=CARTESIAN_POINT('',(-0.067769196,0.202319077,0.339725));
#6884=CARTESIAN_POINT('',(-0.067769196,0.202319077,0.349725));
#6885=CARTESIAN_POINT('',(-0.083126019,0.198203816,0.339725));
#6886=CARTESIAN_POINT('',(-0.083126019,0.198203816,0.349725));
#6887=CARTESIAN_POINT('',(-0.097670328,0.192055324,0.339725));
#6888=CARTESIAN_POINT('',(-0.097670328,0.192055324,0.349725));
#6889=CARTESIAN_POINT('',(-0.111605468,0.184411742,0.339725));
#6890=CARTESIAN_POINT('',(-0.111605468,0.184411742,0.349725));
#6891=CARTESIAN_POINT('',(-0.12475202,0.174908017,0.339725));
#6892=CARTESIAN_POINT('',(-0.12475202,0.174908017,0.349725));
#6893=CARTESIAN_POINT('',(-0.137272945,0.163794686,0.339725));
#6894=CARTESIAN_POINT('',(-0.137272945,0.163794686,0.349725));
#6895=CARTESIAN_POINT('',(-0.148904603,0.15097253,0.339725));
#6896=CARTESIAN_POINT('',(-0.148904603,0.15097253,0.349725));
#6897=CARTESIAN_POINT('',(-0.159567744,0.1366147,0.339725));
#6898=CARTESIAN_POINT('',(-0.159567744,0.1366147,0.349725));
#6899=CARTESIAN_POINT('',(-0.16885403,0.120694905,0.339725));
#6900=CARTESIAN_POINT('',(-0.16885403,0.120694905,0.349725));
#6901=CARTESIAN_POINT('',(-0.176627702,0.103282941,0.339725));
#6902=CARTESIAN_POINT('',(-0.176627702,0.103282941,0.349725));
#6903=CARTESIAN_POINT('',(-0.18305661,0.084459894,0.339725));
#6904=CARTESIAN_POINT('',(-0.18305661,0.084459894,0.349725));
#6905=CARTESIAN_POINT('',(-0.187949625,0.064152689,0.339725));
#6906=CARTESIAN_POINT('',(-0.187949625,0.064152689,0.349725));
#6907=CARTESIAN_POINT('',(-0.19151227,0.042397838,0.339725));
#6908=CARTESIAN_POINT('',(-0.19151227,0.042397838,0.349725));
#6909=CARTESIAN_POINT('',(-0.19360955,0.019174459,0.339725));
#6910=CARTESIAN_POINT('',(-0.19360955,0.019174459,0.349725));
#6911=CARTESIAN_POINT('',(-0.193884687,0.003201404,0.339725));
#6912=CARTESIAN_POINT('',(-0.193884687,0.003201404,0.349725));
#6913=CARTESIAN_POINT('',(-0.194025974,-0.005000974,0.339725));
#6914=CARTESIAN_POINT('',(-0.194025974,-0.005000974,0.349725));
#6915=B_SPLINE_SURFACE_WITH_KNOTS('',3,1,((#6877,#6878),(#6879,#6880),(#6881,#6882),(#6883,#6884),(#6885,#6886),(#6887,#6888),(#6889,#6890),(#6891,#6892),(#6893,#6894),(#6895,#6896),(#6897,#6898),(#6899,#6900),(#6901,#6902),(#6903,#6904),(#6905,#6906),(#6907,#6908),(#6909,#6910),(#6911,#6912),(#6913,#6914)),.UNSPECIFIED.,.F.,.F.,.U.,(4,1,1,1,1,1,1,1,1,1,1,1,1,1,1,1,4),(2,2),(0.,0.05605294,0.110555326,0.164087265,0.216990828,0.27030283,0.324984569,0.381164343,0.439832867,0.500265728,0.562255716,0.62637427,0.693374683,0.763730895,0.837994624,0.916808072,1.),(0.,1.),.UNSPECIFIED.);
#6916=ORIENTED_EDGE('',*,*,#1369,.F.);
#6917=ORIENTED_EDGE('',*,*,#6871,.T.);
#6918=CARTESIAN_POINT('',(-0.194025974,-0.005000974,0.339725));
#6919=CARTESIAN_POINT('',(-0.193601394,0.019647985,0.339725));
#6920=CARTESIAN_POINT('',(-0.192034295,0.044366254,0.339725));
#6921=CARTESIAN_POINT('',(-0.186776416,0.068454768,0.339725));
#6922=CARTESIAN_POINT('',(-0.181518537,0.092543282,0.339725));
#6923=CARTESIAN_POINT('',(-0.172768518,0.116060889,0.339725));
#6924=CARTESIAN_POINT('',(-0.159161171,0.136623045,0.339725));
#6925=CARTESIAN_POINT('',(-0.145553824,0.157185202,0.339725));
#6926=CARTESIAN_POINT('',(-0.127588187,0.175088527,0.339725));
#6927=CARTESIAN_POINT('',(-0.106164257,0.187292143,0.339725));
#6928=CARTESIAN_POINT('',(-0.095452292,0.193393951,0.339725));
#6929=CARTESIAN_POINT('',(-0.083947677,0.198123743,0.339725));
#6930=CARTESIAN_POINT('',(-0.07197368,0.20108844,0.339725));
#6931=CARTESIAN_POINT('',(-0.059999683,0.204053136,0.339725));
#6932=CARTESIAN_POINT('',(-0.047675899,0.205169952,0.339725));
#6933=CARTESIAN_POINT('',(-0.035340909,0.205469805,0.339725));
#6934=B_SPLINE_CURVE_WITH_KNOTS('',3,(#6918,#6919,#6920,#6921,#6922,#6923,#6924,#6925,#6926,#6927,#6928,#6929,#6930,#6931,#6932,#6933),.UNSPECIFIED.,.F.,.F.,(4,3,3,3,3,4),(0.,0.25,0.5,0.75,0.875,1.),.UNSPECIFIED.);
#6935=EDGE_CURVE('NONE',#6850,#6637,#6934,.T.);
#6936=ORIENTED_EDGE('',*,*,#6935,.T.);
#6937=ORIENTED_EDGE('',*,*,#6642,.F.);
#6938=EDGE_LOOP('',(#6916,#6917,#6936,#6937));
#6939=FACE_BOUND('',#6938,.T.);
#6940=ADVANCED_FACE('NONE',(#6939),#6915,.F.);
#6941=CARTESIAN_POINT('',(-0.95,-0.399725,0.339725));
#6942=DIRECTION('',(0.,0.,1.));
#6943=DIRECTION('',(0.,-1.,0.));
#6944=AXIS2_PLACEMENT_3D('',#6941,#6942,#6943);
#6945=PLANE('',#6944);
#6946=CARTESIAN_POINT('',(-0.152467532,-0.005650325,0.339725));
#6947=VERTEX_POINT('',#6946);
#6948=CARTESIAN_POINT('',(-0.035912647,-0.158166446,0.339725));
#6949=VERTEX_POINT('',#6948);
#6950=CARTESIAN_POINT('',(-0.152467532,-0.005650325,0.339725));
#6951=CARTESIAN_POINT('',(-0.152107866,-0.023556213,0.339725));
#6952=CARTESIAN_POINT('',(-0.150958428,-0.041531905,0.339725));
#6953=CARTESIAN_POINT('',(-0.146881327,-0.058970592,0.339725));
#6954=CARTESIAN_POINT('',(-0.142804225,-0.076409278,0.339725));
#6955=CARTESIAN_POINT('',(-0.136180871,-0.093378189,0.339725));
#6956=CARTESIAN_POINT('',(-0.126096962,-0.108184244,0.339725));
#6957=CARTESIAN_POINT('',(-0.116013053,-0.122990299,0.339725));
#6958=CARTESIAN_POINT('',(-0.102753805,-0.135681104,0.339725));
#6959=CARTESIAN_POINT('',(-0.087289611,-0.144727284,0.339725));
#6960=CARTESIAN_POINT('',(-0.079557514,-0.149250373,0.339725));
#6961=CARTESIAN_POINT('',(-0.071196308,-0.152685065,0.339725));
#6962=CARTESIAN_POINT('',(-0.062511888,-0.154885237,0.339725));
#6963=CARTESIAN_POINT('',(-0.053827468,-0.157085409,0.339725));
#6964=CARTESIAN_POINT('',(-0.044866214,-0.157884581,0.339725));
#6965=CARTESIAN_POINT('',(-0.035909091,-0.158166558,0.339725));
#6966=B_SPLINE_CURVE_WITH_KNOTS('',3,(#6950,#6951,#6952,#6953,#6954,#6955,#6956,#6957,#6958,#6959,#6960,#6961,#6962,#6963,#6964,#6965),.UNSPECIFIED.,.F.,.F.,(4,3,3,3,3,4),(0.,0.25,0.5,0.75,0.875,1.),.UNSPECIFIED.);
#6967=EDGE_CURVE('NONE',#6947,#6949,#6966,.T.);
#6968=ORIENTED_EDGE('',*,*,#6967,.F.);
#6969=CARTESIAN_POINT('',(-0.035012776,0.158716415,0.339725));
#6970=VERTEX_POINT('',#6969);
#6971=CARTESIAN_POINT('',(-0.035016234,0.158716558,0.339725));
#6972=CARTESIAN_POINT('',(-0.044506159,0.158422559,0.339725));
#6973=CARTESIAN_POINT('',(-0.054022693,0.157684617,0.339725));
#6974=CARTESIAN_POINT('',(-0.063218996,0.155326819,0.339725));
#6975=CARTESIAN_POINT('',(-0.072415299,0.152969022,0.339725));
#6976=CARTESIAN_POINT('',(-0.08128753,0.149339231,0.339725));
#6977=CARTESIAN_POINT('',(-0.089490305,0.144563765,0.339725));
#6978=CARTESIAN_POINT('',(-0.105895857,0.135012834,0.339725));
#6979=CARTESIAN_POINT('',(-0.119612227,0.120911923,0.339725));
#6980=CARTESIAN_POINT('',(-0.129156719,0.104507773,0.339725));
#6981=CARTESIAN_POINT('',(-0.13870121,0.088103624,0.339725));
#6982=CARTESIAN_POINT('',(-0.144513011,0.069697969,0.339725));
#6983=CARTESIAN_POINT('',(-0.14788133,0.051025707,0.339725));
#6984=CARTESIAN_POINT('',(-0.15124965,0.032353446,0.339725));
#6985=CARTESIAN_POINT('',(-0.152281996,0.013332488,0.339725));
#6986=CARTESIAN_POINT('',(-0.152467532,-0.005650325,0.339725));
#6987=B_SPLINE_CURVE_WITH_KNOTS('',3,(#6971,#6972,#6973,#6974,#6975,#6976,#6977,#6978,#6979,#6980,#6981,#6982,#6983,#6984,#6985,#6986),.UNSPECIFIED.,.F.,.F.,(4,3,3,3,3,4),(0.,0.125,0.25,0.5,0.75,1.),.UNSPECIFIED.);
#6988=EDGE_CURVE('NONE',#6970,#6947,#6987,.T.);
#6989=ORIENTED_EDGE('',*,*,#6988,.F.);
#6990=CARTESIAN_POINT('',(0.063929997,0.091505301,0.339725));
#6991=VERTEX_POINT('',#6990);
#6992=CARTESIAN_POINT('',(0.063928571,0.091508766,0.339725));
#6993=CARTESIAN_POINT('',(0.061660918,0.096279989,0.339725));
#6994=CARTESIAN_POINT('',(0.059393265,0.101051212,0.339725));
#6995=CARTESIAN_POINT('',(0.056724287,0.105592981,0.339725));
#6996=CARTESIAN_POINT('',(0.05405531,0.110134751,0.339725));
#6997=CARTESIAN_POINT('',(0.050967864,0.114439444,0.339725));
#6998=CARTESIAN_POINT('',(0.047618988,0.118525903,0.339725));
#6999=CARTESIAN_POINT('',(0.040921236,0.126698821,0.339725));
#7000=CARTESIAN_POINT('',(0.033087931,0.133890703,0.339725));
#7001=CARTESIAN_POINT('',(0.024389731,0.139879613,0.339725));
#7002=CARTESIAN_POINT('',(0.01569153,0.145868522,0.339725));
#7003=CARTESIAN_POINT('',(0.00622626,0.150751779,0.339725));
#7004=CARTESIAN_POINT('',(-0.003830677,0.153985023,0.339725));
#7005=CARTESIAN_POINT('',(-0.008859146,0.155601645,0.339725));
#7006=CARTESIAN_POINT('',(-0.014021159,0.156827868,0.339725));
#7007=CARTESIAN_POINT('',(-0.019241092,0.157553894,0.339725));
#7008=CARTESIAN_POINT('',(-0.024461025,0.158279919,0.339725));
#7009=CARTESIAN_POINT('',(-0.029738631,0.158498284,0.339725));
#7010=CARTESIAN_POINT('',(-0.035016234,0.158716558,0.339725));
#7011=B_SPLINE_CURVE_WITH_KNOTS('',3,(#6992,#6993,#6994,#6995,#6996,#6997,#6998,#6999,#7000,#7001,#7002,#7003,#7004,#7005,#7006,#7007,#7008,#7009,#7010),.UNSPECIFIED.,.F.,.F.,(4,3,3,3,3,3,4),(0.,0.125,0.25,0.5,0.75,0.875,1.),.UNSPECIFIED.);
#7012=EDGE_CURVE('NONE',#6991,#6970,#7011,.T.);
#7013=ORIENTED_EDGE('',*,*,#7012,.F.);
#7014=CARTESIAN_POINT('',(0.081298701,0.001086688,0.339725));
#7015=VERTEX_POINT('',#7014);
#7016=CARTESIAN_POINT('',(0.081298701,0.001086688,0.339725));
#7017=CARTESIAN_POINT('',(0.081151609,0.016542866,0.339725));
#7018=CARTESIAN_POINT('',(0.080126756,0.032022346,0.339725));
#7019=CARTESIAN_POINT('',(0.077329973,0.047220566,0.339725));
#7020=CARTESIAN_POINT('',(0.075931581,0.054819675,0.339725));
#7021=CARTESIAN_POINT('',(0.074078573,0.062337876,0.339725));
#7022=CARTESIAN_POINT('',(0.071898772,0.069750774,0.339725));
#7023=CARTESIAN_POINT('',(0.069718971,0.077163672,0.339725));
#7024=CARTESIAN_POINT('',(0.066868544,0.084361999,0.339725));
#7025=CARTESIAN_POINT('',(0.063928571,0.091508766,0.339725));
#7026=B_SPLINE_CURVE_WITH_KNOTS('',3,(#7016,#7017,#7018,#7019,#7020,#7021,#7022,#7023,#7024,#7025),.UNSPECIFIED.,.F.,.F.,(4,3,3,4),(0.,0.5,0.75,1.),.UNSPECIFIED.);
#7027=EDGE_CURVE('NONE',#7015,#6991,#7026,.T.);
#7028=ORIENTED_EDGE('',*,*,#7027,.F.);
#7029=CARTESIAN_POINT('',(-0.035909091,-0.158166558,0.339725));
#7030=CARTESIAN_POINT('',(-0.026656643,-0.157872087,0.339725));
#7031=CARTESIAN_POINT('',(-0.017384482,-0.157115956,0.339725));
#7032=CARTESIAN_POINT('',(-0.008420637,-0.154804696,0.339725));
#7033=CARTESIAN_POINT('',(0.000543209,-0.152493436,0.339725));
#7034=CARTESIAN_POINT('',(0.009131997,-0.148817947,0.339725));
#7035=CARTESIAN_POINT('',(0.017120135,-0.144147455,0.339725));
#7036=CARTESIAN_POINT('',(0.033096411,-0.134806471,0.339725));
#7037=CARTESIAN_POINT('',(0.046436122,-0.121221142,0.339725));
#7038=CARTESIAN_POINT('',(0.056400325,-0.105620345,0.339725));
#7039=CARTESIAN_POINT('',(0.066364527,-0.090019548,0.339725));
#7040=CARTESIAN_POINT('',(0.072487479,-0.072210575,0.339725));
#7041=CARTESIAN_POINT('',(0.076248039,-0.054096174,0.339725));
#7042=CARTESIAN_POINT('',(0.0800086,-0.035981772,0.339725));
#7043=CARTESIAN_POINT('',(0.081091034,-0.017419563,0.339725));
#7044=CARTESIAN_POINT('',(0.081298701,0.001086688,0.339725));
#7045=B_SPLINE_CURVE_WITH_KNOTS('',3,(#7029,#7030,#7031,#7032,#7033,#7034,#7035,#7036,#7037,#7038,#7039,#7040,#7041,#7042,#7043,#7044),.UNSPECIFIED.,.F.,.F.,(4,3,3,3,3,4),(0.,0.125,0.25,0.5,0.75,1.),.UNSPECIFIED.);
#7046=EDGE_CURVE('NONE',#6949,#7015,#7045,.T.);
#7047=ORIENTED_EDGE('',*,*,#7046,.F.);
#7048=EDGE_LOOP('',(#6968,#6989,#7013,#7028,#7047));
#7049=FACE_BOUND('',#7048,.T.);
#7050=ORIENTED_EDGE('',*,*,#6865,.F.);
#7051=ORIENTED_EDGE('',*,*,#6813,.F.);
#7052=ORIENTED_EDGE('',*,*,#6761,.F.);
#7053=ORIENTED_EDGE('',*,*,#6709,.F.);
#7054=ORIENTED_EDGE('',*,*,#6657,.F.);
#7055=ORIENTED_EDGE('',*,*,#6935,.F.);
#7056=EDGE_LOOP('',(#7050,#7051,#7052,#7053,#7054,#7055));
#7057=FACE_BOUND('',#7056,.T.);
#7058=ADVANCED_FACE('NONE',(#7049,#7057),#6945,.T.);
#7059=OVER_RIDING_STYLED_ITEM('',(#95),#7058,#54);
#7060=CARTESIAN_POINT('',(-0.035909091,-0.158166558,0.339725));
#7061=CARTESIAN_POINT('',(-0.035909091,-0.158166558,0.349725));
#7062=CARTESIAN_POINT('',(-0.031843702,-0.158037172,0.339725));
#7063=CARTESIAN_POINT('',(-0.031843702,-0.158037172,0.349725));
#7064=CARTESIAN_POINT('',(-0.023804953,-0.157781328,0.339725));
#7065=CARTESIAN_POINT('',(-0.023804953,-0.157781328,0.349725));
#7066=CARTESIAN_POINT('',(-0.012005903,-0.155887652,0.339725));
#7067=CARTESIAN_POINT('',(-0.012005903,-0.155887652,0.349725));
#7068=CARTESIAN_POINT('',(-0.000713959,-0.152732825,0.339725));
#7069=CARTESIAN_POINT('',(-0.000713959,-0.152732825,0.349725));
#7070=CARTESIAN_POINT('',(0.010008921,-0.148175721,0.339725));
#7071=CARTESIAN_POINT('',(0.010008921,-0.148175721,0.349725));
#7072=CARTESIAN_POINT('',(0.020266989,-0.142502418,0.339725));
#7073=CARTESIAN_POINT('',(0.020266989,-0.142502418,0.349725));
#7074=CARTESIAN_POINT('',(0.030010242,-0.135522866,0.339725));
#7075=CARTESIAN_POINT('',(0.030010242,-0.135522866,0.349725));
#7076=CARTESIAN_POINT('',(0.039203922,-0.127250791,0.339725));
#7077=CARTESIAN_POINT('',(0.039203922,-0.127250791,0.349725));
#7078=CARTESIAN_POINT('',(0.047890945,-0.117788303,0.339725));
#7079=CARTESIAN_POINT('',(0.047890945,-0.117788303,0.349725));
#7080=CARTESIAN_POINT('',(0.055756729,-0.107041226,0.339725));
#7081=CARTESIAN_POINT('',(0.055756729,-0.107041226,0.349725));
#7082=CARTESIAN_POINT('',(0.06271822,-0.09513538,0.339725));
#7083=CARTESIAN_POINT('',(0.06271822,-0.09513538,0.349725));
#7084=CARTESIAN_POINT('',(0.06846314,-0.081956657,0.339725));
#7085=CARTESIAN_POINT('',(0.06846314,-0.081956657,0.349725));
#7086=CARTESIAN_POINT('',(0.07311538,-0.067613281,0.339725));
#7087=CARTESIAN_POINT('',(0.07311538,-0.067613281,0.349725));
#7088=CARTESIAN_POINT('',(0.076901238,-0.052132594,0.339725));
#7089=CARTESIAN_POINT('',(0.076901238,-0.052132594,0.349725));
#7090=CARTESIAN_POINT('',(0.079382417,-0.035421582,0.339725));
#7091=CARTESIAN_POINT('',(0.079382417,-0.035421582,0.349725));
#7092=CARTESIAN_POINT('',(0.081089419,-0.017563514,0.339725));
#7093=CARTESIAN_POINT('',(0.081089419,-0.017563514,0.349725));
#7094=CARTESIAN_POINT('',(0.081227607,-0.005248863,0.339725));
#7095=CARTESIAN_POINT('',(0.081227607,-0.005248863,0.349725));
#7096=CARTESIAN_POINT('',(0.081298701,0.001086688,0.339725));
#7097=CARTESIAN_POINT('',(0.081298701,0.001086688,0.349725));
#7098=B_SPLINE_SURFACE_WITH_KNOTS('',3,1,((#7060,#7061),(#7062,#7063),(#7064,#7065),(#7066,#7067),(#7068,#7069),(#7070,#7071),(#7072,#7073),(#7074,#7075),(#7076,#7077),(#7078,#7079),(#7080,#7081),(#7082,#7083),(#7084,#7085),(#7086,#7087),(#7088,#7089),(#7090,#7091),(#7092,#7093),(#7094,#7095),(#7096,#7097)),.UNSPECIFIED.,.F.,.F.,.U.,(4,1,1,1,1,1,1,1,1,1,1,1,1,1,1,1,4),(2,2),(0.,0.05492315,0.108603005,0.161036856,0.212985298,0.265687451,0.319157697,0.374572767,0.432544029,0.492437849,0.554208473,0.618545634,0.6863016,0.757779208,0.833642018,0.914413361,1.),(0.,1.),.UNSPECIFIED.);
#7099=CARTESIAN_POINT('',(-0.035912647,-0.158166446,0.349725));
#7100=VERTEX_POINT('',#7099);
#7101=CARTESIAN_POINT('',(-0.035909091,-0.158166558,0.339725));
#7102=DIRECTION('',(0.,0.,1.));
#7103=VECTOR('',#7102,0.01);
#7104=LINE('',#7101,#7103);
#7105=EDGE_CURVE('NONE',#6949,#7100,#7104,.T.);
#7106=ORIENTED_EDGE('',*,*,#7105,.F.);
#7107=ORIENTED_EDGE('',*,*,#7046,.T.);
#7108=CARTESIAN_POINT('',(0.081298701,0.001086688,0.349725));
#7109=VERTEX_POINT('',#7108);
#7110=CARTESIAN_POINT('',(0.081298701,0.001086688,0.339725));
#7111=DIRECTION('',(0.,0.,1.));
#7112=VECTOR('',#7111,0.01);
#7113=LINE('',#7110,#7112);
#7114=EDGE_CURVE('NONE',#7015,#7109,#7113,.T.);
#7115=ORIENTED_EDGE('',*,*,#7114,.T.);
#7116=CARTESIAN_POINT('',(-0.035909091,-0.158166558,0.349725));
#7117=CARTESIAN_POINT('',(-0.026656643,-0.157872087,0.349725));
#7118=CARTESIAN_POINT('',(-0.017384482,-0.157115956,0.349725));
#7119=CARTESIAN_POINT('',(-0.008420637,-0.154804696,0.349725));
#7120=CARTESIAN_POINT('',(0.000543209,-0.152493436,0.349725));
#7121=CARTESIAN_POINT('',(0.009131997,-0.148817947,0.349725));
#7122=CARTESIAN_POINT('',(0.017120135,-0.144147455,0.349725));
#7123=CARTESIAN_POINT('',(0.033096411,-0.134806471,0.349725));
#7124=CARTESIAN_POINT('',(0.046436122,-0.121221142,0.349725));
#7125=CARTESIAN_POINT('',(0.056400325,-0.105620345,0.349725));
#7126=CARTESIAN_POINT('',(0.066364527,-0.090019548,0.349725));
#7127=CARTESIAN_POINT('',(0.072487479,-0.072210575,0.349725));
#7128=CARTESIAN_POINT('',(0.076248039,-0.054096174,0.349725));
#7129=CARTESIAN_POINT('',(0.0800086,-0.035981772,0.349725));
#7130=CARTESIAN_POINT('',(0.081091034,-0.017419563,0.349725));
#7131=CARTESIAN_POINT('',(0.081298701,0.001086688,0.349725));
#7132=B_SPLINE_CURVE_WITH_KNOTS('',3,(#7116,#7117,#7118,#7119,#7120,#7121,#7122,#7123,#7124,#7125,#7126,#7127,#7128,#7129,#7130,#7131),.UNSPECIFIED.,.F.,.F.,(4,3,3,3,3,4),(0.,0.125,0.25,0.5,0.75,1.),.UNSPECIFIED.);
#7133=EDGE_CURVE('NONE',#7100,#7109,#7132,.T.);
#7134=ORIENTED_EDGE('',*,*,#7133,.F.);
#7135=EDGE_LOOP('',(#7106,#7107,#7115,#7134));
#7136=FACE_BOUND('',#7135,.T.);
#7137=ADVANCED_FACE('NONE',(#7136),#7098,.T.);
#7138=CARTESIAN_POINT('',(0.081298701,0.001086688,0.339725));
#7139=CARTESIAN_POINT('',(0.081298701,0.001086688,0.349725));
#7140=CARTESIAN_POINT('',(0.081259036,0.00525462,0.339725));
#7141=CARTESIAN_POINT('',(0.081259036,0.00525462,0.349725));
#7142=CARTESIAN_POINT('',(0.081180915,0.013463466,0.339725));
#7143=CARTESIAN_POINT('',(0.081180915,0.013463466,0.349725));
#7144=CARTESIAN_POINT('',(0.080347944,0.025627815,0.339725));
#7145=CARTESIAN_POINT('',(0.080347944,0.025627815,0.349725));
#7146=CARTESIAN_POINT('',(0.078951521,0.037429798,0.339725));
#7147=CARTESIAN_POINT('',(0.078951521,0.037429798,0.349725));
#7148=CARTESIAN_POINT('',(0.077151624,0.048940872,0.339725));
#7149=CARTESIAN_POINT('',(0.077151624,0.048940872,0.349725));
#7150=CARTESIAN_POINT('',(0.074543552,0.060037614,0.339725));
#7151=CARTESIAN_POINT('',(0.074543552,0.060037614,0.349725));
#7152=CARTESIAN_POINT('',(0.071704585,0.070892702,0.339725));
#7153=CARTESIAN_POINT('',(0.071704585,0.070892702,0.349725));
#7154=CARTESIAN_POINT('',(0.068103405,0.081360181,0.339725));
#7155=CARTESIAN_POINT('',(0.068103405,0.081360181,0.349725));
#7156=CARTESIAN_POINT('',(0.065314458,0.088139821,0.339725));
#7157=CARTESIAN_POINT('',(0.065314458,0.088139821,0.349725));
#7158=CARTESIAN_POINT('',(0.063928571,0.091508766,0.339725));
#7159=CARTESIAN_POINT('',(0.063928571,0.091508766,0.349725));
#7160=B_SPLINE_SURFACE_WITH_KNOTS('',3,1,((#7138,#7139),(#7140,#7141),(#7142,#7143),(#7144,#7145),(#7146,#7147),(#7148,#7149),(#7150,#7151),(#7152,#7153),(#7154,#7155),(#7156,#7157),(#7158,#7159)),.UNSPECIFIED.,.F.,.F.,.U.,(4,1,1,1,1,1,1,1,4),(2,2),(0.,0.134830613,0.265552277,0.394217902,0.519274583,0.642230361,0.762842411,0.882151406,1.),(0.,1.),.UNSPECIFIED.);
#7161=ORIENTED_EDGE('',*,*,#7114,.F.);
#7162=ORIENTED_EDGE('',*,*,#7027,.T.);
#7163=CARTESIAN_POINT('',(0.063929997,0.091505301,0.349725));
#7164=VERTEX_POINT('',#7163);
#7165=CARTESIAN_POINT('',(0.063928571,0.091508766,0.339725));
#7166=DIRECTION('',(0.,0.,1.));
#7167=VECTOR('',#7166,0.01);
#7168=LINE('',#7165,#7167);
#7169=EDGE_CURVE('NONE',#6991,#7164,#7168,.T.);
#7170=ORIENTED_EDGE('',*,*,#7169,.T.);
#7171=CARTESIAN_POINT('',(0.081298701,0.001086688,0.349725));
#7172=CARTESIAN_POINT('',(0.081151609,0.016542866,0.349725));
#7173=CARTESIAN_POINT('',(0.080126756,0.032022346,0.349725));
#7174=CARTESIAN_POINT('',(0.077329973,0.047220566,0.349725));
#7175=CARTESIAN_POINT('',(0.075931581,0.054819675,0.349725));
#7176=CARTESIAN_POINT('',(0.074078573,0.062337876,0.349725));
#7177=CARTESIAN_POINT('',(0.071898772,0.069750774,0.349725));
#7178=CARTESIAN_POINT('',(0.069718971,0.077163672,0.349725));
#7179=CARTESIAN_POINT('',(0.066868544,0.084361999,0.349725));
#7180=CARTESIAN_POINT('',(0.063928571,0.091508766,0.349725));
#7181=B_SPLINE_CURVE_WITH_KNOTS('',3,(#7171,#7172,#7173,#7174,#7175,#7176,#7177,#7178,#7179,#7180),.UNSPECIFIED.,.F.,.F.,(4,3,3,4),(0.,0.5,0.75,1.),.UNSPECIFIED.);
#7182=EDGE_CURVE('NONE',#7109,#7164,#7181,.T.);
#7183=ORIENTED_EDGE('',*,*,#7182,.F.);
#7184=EDGE_LOOP('',(#7161,#7162,#7170,#7183));
#7185=FACE_BOUND('',#7184,.T.);
#7186=ADVANCED_FACE('NONE',(#7185),#7160,.T.);
#7187=CARTESIAN_POINT('',(0.063928571,0.091508766,0.339725));
#7188=CARTESIAN_POINT('',(0.063928571,0.091508766,0.349725));
#7189=CARTESIAN_POINT('',(0.061586732,0.096436079,0.339725));
#7190=CARTESIAN_POINT('',(0.061586732,0.096436079,0.349725));
#7191=CARTESIAN_POINT('',(0.056958905,0.106173191,0.339725));
#7192=CARTESIAN_POINT('',(0.056958905,0.106173191,0.349725));
#7193=CARTESIAN_POINT('',(0.047497307,0.11920299,0.339725));
#7194=CARTESIAN_POINT('',(0.047497307,0.11920299,0.349725));
#7195=CARTESIAN_POINT('',(0.036544724,0.130845128,0.339725));
#7196=CARTESIAN_POINT('',(0.036544724,0.130845128,0.349725));
#7197=CARTESIAN_POINT('',(0.023899583,0.140609299,0.339725));
#7198=CARTESIAN_POINT('',(0.023899583,0.140609299,0.349725));
#7199=CARTESIAN_POINT('',(0.010256263,0.148707118,0.339725));
#7200=CARTESIAN_POINT('',(0.010256263,0.148707118,0.349725));
#7201=CARTESIAN_POINT('',(-0.004265207,0.154538679,0.339725));
#7202=CARTESIAN_POINT('',(-0.004265207,0.154538679,0.349725));
#7203=CARTESIAN_POINT('',(-0.019452114,0.158072847,0.339725));
#7204=CARTESIAN_POINT('',(-0.019452114,0.158072847,0.349725));
#7205=CARTESIAN_POINT('',(-0.0298029,0.158500942,0.339725));
#7206=CARTESIAN_POINT('',(-0.0298029,0.158500942,0.349725));
#7207=CARTESIAN_POINT('',(-0.035016234,0.158716558,0.339725));
#7208=CARTESIAN_POINT('',(-0.035016234,0.158716558,0.349725));
#7209=B_SPLINE_SURFACE_WITH_KNOTS('',3,1,((#7187,#7188),(#7189,#7190),(#7191,#7192),(#7193,#7194),(#7195,#7196),(#7197,#7198),(#7199,#7200),(#7201,#7202),(#7203,#7204),(#7205,#7206),(#7207,#7208)),.UNSPECIFIED.,.F.,.F.,.U.,(4,1,1,1,1,1,1,1,4),(2,2),(0.,0.129089359,0.255100016,0.379865506,0.506890716,0.632518803,0.754841705,0.876522214,1.),(0.,1.),.UNSPECIFIED.);
#7210=ORIENTED_EDGE('',*,*,#7169,.F.);
#7211=ORIENTED_EDGE('',*,*,#7012,.T.);
#7212=CARTESIAN_POINT('',(-0.035012776,0.158716415,0.349725));
#7213=VERTEX_POINT('',#7212);
#7214=CARTESIAN_POINT('',(-0.035016234,0.158716558,0.339725));
#7215=DIRECTION('',(0.,0.,1.));
#7216=VECTOR('',#7215,0.01);
#7217=LINE('',#7214,#7216);
#7218=EDGE_CURVE('NONE',#6970,#7213,#7217,.T.);
#7219=ORIENTED_EDGE('',*,*,#7218,.T.);
#7220=CARTESIAN_POINT('',(0.063928571,0.091508766,0.349725));
#7221=CARTESIAN_POINT('',(0.061660918,0.096279989,0.349725));
#7222=CARTESIAN_POINT('',(0.059393265,0.101051212,0.349725));
#7223=CARTESIAN_POINT('',(0.056724287,0.105592981,0.349725));
#7224=CARTESIAN_POINT('',(0.05405531,0.110134751,0.349725));
#7225=CARTESIAN_POINT('',(0.050967864,0.114439444,0.349725));
#7226=CARTESIAN_POINT('',(0.047618988,0.118525903,0.349725));
#7227=CARTESIAN_POINT('',(0.040921236,0.126698821,0.349725));
#7228=CARTESIAN_POINT('',(0.033087931,0.133890703,0.349725));
#7229=CARTESIAN_POINT('',(0.024389731,0.139879613,0.349725));
#7230=CARTESIAN_POINT('',(0.01569153,0.145868522,0.349725));
#7231=CARTESIAN_POINT('',(0.00622626,0.150751779,0.349725));
#7232=CARTESIAN_POINT('',(-0.003830677,0.153985023,0.349725));
#7233=CARTESIAN_POINT('',(-0.008859146,0.155601645,0.349725));
#7234=CARTESIAN_POINT('',(-0.014021159,0.156827868,0.349725));
#7235=CARTESIAN_POINT('',(-0.019241092,0.157553894,0.349725));
#7236=CARTESIAN_POINT('',(-0.024461025,0.158279919,0.349725));
#7237=CARTESIAN_POINT('',(-0.029738631,0.158498284,0.349725));
#7238=CARTESIAN_POINT('',(-0.035016234,0.158716558,0.349725));
#7239=B_SPLINE_CURVE_WITH_KNOTS('',3,(#7220,#7221,#7222,#7223,#7224,#7225,#7226,#7227,#7228,#7229,#7230,#7231,#7232,#7233,#7234,#7235,#7236,#7237,#7238),.UNSPECIFIED.,.F.,.F.,(4,3,3,3,3,3,4),(0.,0.125,0.25,0.5,0.75,0.875,1.),.UNSPECIFIED.);
#7240=EDGE_CURVE('NONE',#7164,#7213,#7239,.T.);
#7241=ORIENTED_EDGE('',*,*,#7240,.F.);
#7242=EDGE_LOOP('',(#7210,#7211,#7219,#7241));
#7243=FACE_BOUND('',#7242,.T.);
#7244=ADVANCED_FACE('NONE',(#7243),#7209,.T.);
#7245=CARTESIAN_POINT('',(-0.035016234,0.158716558,0.339725));
#7246=CARTESIAN_POINT('',(-0.035016234,0.158716558,0.349725));
#7247=CARTESIAN_POINT('',(-0.03918947,0.158587271,0.339725));
#7248=CARTESIAN_POINT('',(-0.03918947,0.158587271,0.349725));
#7249=CARTESIAN_POINT('',(-0.047416025,0.15833241,0.339725));
#7250=CARTESIAN_POINT('',(-0.047416025,0.15833241,0.349725));
#7251=CARTESIAN_POINT('',(-0.05946238,0.156453805,0.339725));
#7252=CARTESIAN_POINT('',(-0.05946238,0.156453805,0.349725));
#7253=CARTESIAN_POINT('',(-0.070920739,0.153264341,0.339725));
#7254=CARTESIAN_POINT('',(-0.070920739,0.153264341,0.349725));
#7255=CARTESIAN_POINT('',(-0.081800282,0.148828959,0.339725));
#7256=CARTESIAN_POINT('',(-0.081800282,0.148828959,0.349725));
#7257=CARTESIAN_POINT('',(-0.092173534,0.143245981,0.339725));
#7258=CARTESIAN_POINT('',(-0.092173534,0.143245981,0.349725));
#7259=CARTESIAN_POINT('',(-0.101900612,0.136224333,0.339725));
#7260=CARTESIAN_POINT('',(-0.101900612,0.136224333,0.349725));
#7261=CARTESIAN_POINT('',(-0.111081637,0.128019272,0.339725));
#7262=CARTESIAN_POINT('',(-0.111081637,0.128019272,0.349725));
#7263=CARTESIAN_POINT('',(-0.119629034,0.118532454,0.339725));
#7264=CARTESIAN_POINT('',(-0.119629034,0.118532454,0.349725));
#7265=CARTESIAN_POINT('',(-0.127515294,0.107838765,0.339725));
#7266=CARTESIAN_POINT('',(-0.127515294,0.107838765,0.349725));
#7267=CARTESIAN_POINT('',(-0.134104789,0.09556007,0.339725));
#7268=CARTESIAN_POINT('',(-0.134104789,0.09556007,0.349725));
#7269=CARTESIAN_POINT('',(-0.139919716,0.082094141,0.339725));
#7270=CARTESIAN_POINT('',(-0.139919716,0.082094141,0.349725));
#7271=CARTESIAN_POINT('',(-0.144477009,0.067158067,0.339725));
#7272=CARTESIAN_POINT('',(-0.144477009,0.067158067,0.349725));
#7273=CARTESIAN_POINT('',(-0.148164299,0.05091585,0.339725));
#7274=CARTESIAN_POINT('',(-0.148164299,0.05091585,0.349725));
#7275=CARTESIAN_POINT('',(-0.150527878,0.033255319,0.339725));
#7276=CARTESIAN_POINT('',(-0.150527878,0.033255319,0.349725));
#7277=CARTESIAN_POINT('',(-0.152272826,0.01427075,0.339725));
#7278=CARTESIAN_POINT('',(-0.152272826,0.01427075,0.349725));
#7279=CARTESIAN_POINT('',(-0.152401112,0.00114535,0.339725));
#7280=CARTESIAN_POINT('',(-0.152401112,0.00114535,0.349725));
#7281=CARTESIAN_POINT('',(-0.152467532,-0.005650325,0.339725));
#7282=CARTESIAN_POINT('',(-0.152467532,-0.005650325,0.349725));
#7283=B_SPLINE_SURFACE_WITH_KNOTS('',3,1,((#7245,#7246),(#7247,#7248),(#7249,#7250),(#7251,#7252),(#7253,#7254),(#7255,#7256),(#7257,#7258),(#7259,#7260),(#7261,#7262),(#7263,#7264),(#7265,#7266),(#7267,#7268),(#7269,#7270),(#7271,#7272),(#7273,#7274),(#7275,#7276),(#7277,#7278),(#7279,#7280),(#7281,#7282)),.UNSPECIFIED.,.F.,.F.,.U.,(4,1,1,1,1,1,1,1,1,1,1,1,1,1,1,1,4),(2,2),(0.,0.054969301,0.108359061,0.160164043,0.211332297,0.262853205,0.314982166,0.369007168,0.424780792,0.482961821,0.543586713,0.607944797,0.675928348,0.749003235,0.827141,0.910502262,1.),(0.,1.),.UNSPECIFIED.);
#7284=ORIENTED_EDGE('',*,*,#7218,.F.);
#7285=ORIENTED_EDGE('',*,*,#6988,.T.);
#7286=CARTESIAN_POINT('',(-0.152467532,-0.005650325,0.349725));
#7287=VERTEX_POINT('',#7286);
#7288=CARTESIAN_POINT('',(-0.152467532,-0.005650325,0.339725));
#7289=DIRECTION('',(0.,0.,1.));
#7290=VECTOR('',#7289,0.01);
#7291=LINE('',#7288,#7290);
#7292=EDGE_CURVE('NONE',#6947,#7287,#7291,.T.);
#7293=ORIENTED_EDGE('',*,*,#7292,.T.);
#7294=CARTESIAN_POINT('',(-0.035016234,0.158716558,0.349725));
#7295=CARTESIAN_POINT('',(-0.044506159,0.158422559,0.349725));
#7296=CARTESIAN_POINT('',(-0.054022693,0.157684617,0.349725));
#7297=CARTESIAN_POINT('',(-0.063218996,0.155326819,0.349725));
#7298=CARTESIAN_POINT('',(-0.072415299,0.152969022,0.349725));
#7299=CARTESIAN_POINT('',(-0.08128753,0.149339231,0.349725));
#7300=CARTESIAN_POINT('',(-0.089490305,0.144563765,0.349725));
#7301=CARTESIAN_POINT('',(-0.105895857,0.135012834,0.349725));
#7302=CARTESIAN_POINT('',(-0.119612227,0.120911923,0.349725));
#7303=CARTESIAN_POINT('',(-0.129156719,0.104507773,0.349725));
#7304=CARTESIAN_POINT('',(-0.13870121,0.088103624,0.349725));
#7305=CARTESIAN_POINT('',(-0.144513011,0.069697969,0.349725));
#7306=CARTESIAN_POINT('',(-0.14788133,0.051025707,0.349725));
#7307=CARTESIAN_POINT('',(-0.15124965,0.032353446,0.349725));
#7308=CARTESIAN_POINT('',(-0.152281996,0.013332488,0.349725));
#7309=CARTESIAN_POINT('',(-0.152467532,-0.005650325,0.349725));
#7310=B_SPLINE_CURVE_WITH_KNOTS('',3,(#7294,#7295,#7296,#7297,#7298,#7299,#7300,#7301,#7302,#7303,#7304,#7305,#7306,#7307,#7308,#7309),.UNSPECIFIED.,.F.,.F.,(4,3,3,3,3,4),(0.,0.125,0.25,0.5,0.75,1.),.UNSPECIFIED.);
#7311=EDGE_CURVE('NONE',#7213,#7287,#7310,.T.);
#7312=ORIENTED_EDGE('',*,*,#7311,.F.);
#7313=EDGE_LOOP('',(#7284,#7285,#7293,#7312));
#7314=FACE_BOUND('',#7313,.T.);
#7315=ADVANCED_FACE('NONE',(#7314),#7283,.T.);
#7316=CARTESIAN_POINT('',(-0.152467532,-0.005650325,0.339725));
#7317=CARTESIAN_POINT('',(-0.152467532,-0.005650325,0.349725));
#7318=CARTESIAN_POINT('',(-0.152349538,-0.011524653,0.339725));
#7319=CARTESIAN_POINT('',(-0.152349538,-0.011524653,0.349725));
#7320=CARTESIAN_POINT('',(-0.152120195,-0.022942408,0.339725));
#7321=CARTESIAN_POINT('',(-0.152120195,-0.022942408,0.349725));
#7322=CARTESIAN_POINT('',(-0.150602197,-0.039579577,0.339725));
#7323=CARTESIAN_POINT('',(-0.150602197,-0.039579577,0.349725));
#7324=CARTESIAN_POINT('',(-0.147933281,-0.055211592,0.339725));
#7325=CARTESIAN_POINT('',(-0.147933281,-0.055211592,0.349725));
#7326=CARTESIAN_POINT('',(-0.144198828,-0.069836956,0.339725));
#7327=CARTESIAN_POINT('',(-0.144198828,-0.069836956,0.349725));
#7328=CARTESIAN_POINT('',(-0.13954687,-0.083498506,0.339725));
#7329=CARTESIAN_POINT('',(-0.13954687,-0.083498506,0.349725));
#7330=CARTESIAN_POINT('',(-0.133647706,-0.096070284,0.339725));
#7331=CARTESIAN_POINT('',(-0.133647706,-0.096070284,0.349725));
#7332=CARTESIAN_POINT('',(-0.126735377,-0.107671766,0.339725));
#7333=CARTESIAN_POINT('',(-0.126735377,-0.107671766,0.349725));
#7334=CARTESIAN_POINT('',(-0.118789582,-0.118210905,0.339725));
#7335=CARTESIAN_POINT('',(-0.118789582,-0.118210905,0.349725));
#7336=CARTESIAN_POINT('',(-0.110050037,-0.127553304,0.339725));
#7337=CARTESIAN_POINT('',(-0.110050037,-0.127553304,0.349725));
#7338=CARTESIAN_POINT('',(-0.100861791,-0.135784604,0.339725));
#7339=CARTESIAN_POINT('',(-0.100861791,-0.135784604,0.349725));
#7340=CARTESIAN_POINT('',(-0.091109789,-0.142601405,0.339725));
#7341=CARTESIAN_POINT('',(-0.091109789,-0.142601405,0.349725));
#7342=CARTESIAN_POINT('',(-0.081025831,-0.148380905,0.339725));
#7343=CARTESIAN_POINT('',(-0.081025831,-0.148380905,0.349725));
#7344=CARTESIAN_POINT('',(-0.070388666,-0.152796527,0.339725));
#7345=CARTESIAN_POINT('',(-0.070388666,-0.152796527,0.349725));
#7346=CARTESIAN_POINT('',(-0.059286239,-0.155850512,0.339725));
#7347=CARTESIAN_POINT('',(-0.059286239,-0.155850512,0.349725));
#7348=CARTESIAN_POINT('',(-0.047746411,-0.15779391,0.339725));
#7349=CARTESIAN_POINT('',(-0.047746411,-0.15779391,0.349725));
#7350=CARTESIAN_POINT('',(-0.03989415,-0.158041106,0.339725));
#7351=CARTESIAN_POINT('',(-0.03989415,-0.158041106,0.349725));
#7352=CARTESIAN_POINT('',(-0.035909091,-0.158166558,0.339725));
#7353=CARTESIAN_POINT('',(-0.035909091,-0.158166558,0.349725));
#7354=B_SPLINE_SURFACE_WITH_KNOTS('',3,1,((#7316,#7317),(#7318,#7319),(#7320,#7321),(#7322,#7323),(#7324,#7325),(#7326,#7327),(#7328,#7329),(#7330,#7331),(#7332,#7333),(#7334,#7335),(#7336,#7337),(#7338,#7339),(#7340,#7341),(#7342,#7343),(#7344,#7345),(#7346,#7347),(#7348,#7349),(#7350,#7351),(#7352,#7353)),.UNSPECIFIED.,.F.,.F.,.U.,(4,1,1,1,1,1,1,1,1,1,1,1,1,1,1,1,4),(2,2),(0.,0.082016709,0.159413413,0.233006975,0.303189177,0.369971669,0.434190987,0.496708955,0.558208581,0.61808097,0.675082792,0.730107628,0.783898416,0.83707553,0.890418764,0.944387005,1.),(0.,1.),.UNSPECIFIED.);
#7355=ORIENTED_EDGE('',*,*,#6967,.T.);
#7356=ORIENTED_EDGE('',*,*,#7105,.T.);
#7357=CARTESIAN_POINT('',(-0.152467532,-0.005650325,0.349725));
#7358=CARTESIAN_POINT('',(-0.152107866,-0.023556213,0.349725));
#7359=CARTESIAN_POINT('',(-0.150958428,-0.041531905,0.349725));
#7360=CARTESIAN_POINT('',(-0.146881327,-0.058970592,0.349725));
#7361=CARTESIAN_POINT('',(-0.142804225,-0.076409278,0.349725));
#7362=CARTESIAN_POINT('',(-0.136180871,-0.093378189,0.349725));
#7363=CARTESIAN_POINT('',(-0.126096962,-0.108184244,0.349725));
#7364=CARTESIAN_POINT('',(-0.116013053,-0.122990299,0.349725));
#7365=CARTESIAN_POINT('',(-0.102753805,-0.135681104,0.349725));
#7366=CARTESIAN_POINT('',(-0.087289611,-0.144727284,0.349725));
#7367=CARTESIAN_POINT('',(-0.079557514,-0.149250373,0.349725));
#7368=CARTESIAN_POINT('',(-0.071196308,-0.152685065,0.349725));
#7369=CARTESIAN_POINT('',(-0.062511888,-0.154885237,0.349725));
#7370=CARTESIAN_POINT('',(-0.053827468,-0.157085409,0.349725));
#7371=CARTESIAN_POINT('',(-0.044866214,-0.157884581,0.349725));
#7372=CARTESIAN_POINT('',(-0.035909091,-0.158166558,0.349725));
#7373=B_SPLINE_CURVE_WITH_KNOTS('',3,(#7357,#7358,#7359,#7360,#7361,#7362,#7363,#7364,#7365,#7366,#7367,#7368,#7369,#7370,#7371,#7372),.UNSPECIFIED.,.F.,.F.,(4,3,3,3,3,4),(0.,0.25,0.5,0.75,0.875,1.),.UNSPECIFIED.);
#7374=EDGE_CURVE('NONE',#7287,#7100,#7373,.T.);
#7375=ORIENTED_EDGE('',*,*,#7374,.F.);
#7376=ORIENTED_EDGE('',*,*,#7292,.F.);
#7377=EDGE_LOOP('',(#7355,#7356,#7375,#7376));
#7378=FACE_BOUND('',#7377,.T.);
#7379=ADVANCED_FACE('NONE',(#7378),#7354,.T.);
#7380=CARTESIAN_POINT('',(-0.95,-0.399725,0.349725));
#7381=DIRECTION('',(0.,0.,1.));
#7382=DIRECTION('',(0.,-1.,0.));
#7383=AXIS2_PLACEMENT_3D('',#7380,#7381,#7382);
#7384=PLANE('',#7383);
#7385=ORIENTED_EDGE('',*,*,#7374,.T.);
#7386=ORIENTED_EDGE('',*,*,#7133,.T.);
#7387=ORIENTED_EDGE('',*,*,#7182,.T.);
#7388=ORIENTED_EDGE('',*,*,#7240,.T.);
#7389=ORIENTED_EDGE('',*,*,#7311,.T.);
#7390=EDGE_LOOP('',(#7385,#7386,#7387,#7388,#7389));
#7391=FACE_BOUND('',#7390,.T.);
#7392=ADVANCED_FACE('NONE',(#7391),#7384,.T.);
#7393=CARTESIAN_POINT('',(-0.95,-0.399725,0.299725));
#7394=DIRECTION('',(0.,0.,1.));
#7395=DIRECTION('',(0.,-1.,0.));
#7396=AXIS2_PLACEMENT_3D('',#7393,#7394,#7395);
#7397=PLANE('',#7396);
#7398=ORIENTED_EDGE('',*,*,#84,.T.);
#7399=EDGE_LOOP('',(#7398));
#7400=FACE_BOUND('',#7399,.T.);
#7401=ADVANCED_FACE('NONE',(#7400),#7397,.T.);
#7402=OVER_RIDING_STYLED_ITEM('',(#95),#7401,#54);
#7403=CLOSED_SHELL('',(#88,#130,#147,#1464,#1506,#1537,#1570,#1601,#1634,#1665,#1698,#1720,#1736,#1770,#1795,#1829,#1854,#1880,#1905,#1929,#1954,#1980,#2005,#2031,#2049,#2067,
#2093,#2118,#2136,#2161,#2179,#2197,#2222,#2240,#2258,#2276,#2288,#2347,#2402,#2470,#2538,#2602,#2692,#2768,#2836,#2907,#2968,#2980,#3011,#3073,#3133,
#3204,#3272,#3296,#3364,#3435,#3500,#3553,#3577,#3594,#3614,#3693,#3767,#3838,#3893,#3917,#3941,#3965,#3989,#4013,#4037,#4081,#4152,#4223,#4294,#4311,
#4334,#4366,#4428,#4488,#4559,#4627,#4651,#4719,#4790,#4855,#4908,#4932,#4949,#4969,#5045,#5129,#5213,#5284,#5308,#5376,#5455,#5526,#5594,#5611,#5629,
#5703,#5774,#5845,#5913,#5984,#6050,#6074,#6142,#6213,#6257,#6303,#6352,#6404,#6470,#6538,#6555,#6579,#6668,#6720,#6772,#6824,#6876,#6940,#7058,#7137,
#7186,#7244,#7315,#7379,#7392,#7401));
#7404=MANIFOLD_SOLID_BREP('Fillet2',#7403);
#7405=DRAUGHTING_PRE_DEFINED_COLOUR('white');
#7406=FILL_AREA_STYLE_COLOUR('',#7405);
#7407=FILL_AREA_STYLE('',(#7406));
#7408=SURFACE_STYLE_FILL_AREA(#7407);
#7409=SURFACE_SIDE_STYLE('',(#7408));
#7410=SURFACE_STYLE_USAGE(.BOTH.,#7409);
#7411=PRESENTATION_STYLE_ASSIGNMENT((#7410));
#54=STYLED_ITEM('',(#7411),#7404);
#7413=CARTESIAN_POINT('',(1.25,-0.699725,-0.350275));
#7414=DIRECTION('',(0.,0.,1.));
#7415=DIRECTION('',(0.,-1.,0.));
#7416=AXIS2_PLACEMENT_3D('',#7413,#7414,#7415);
#7417=CYLINDRICAL_SURFACE('',#7416,0.2);
#7418=CARTESIAN_POINT('',(1.056350833,-0.649725,-0.350275));
#7419=VERTEX_POINT('',#7418);
#7420=CARTESIAN_POINT('',(1.056350833,-0.649725,-0.300275));
#7421=VERTEX_POINT('',#7420);
#7422=CARTESIAN_POINT('',(1.056350833,-0.649725,-0.350275));
#7423=DIRECTION('',(0.,0.,1.));
#7424=VECTOR('',#7423,0.05);
#7425=LINE('',#7422,#7424);
#7426=EDGE_CURVE('NONE',#7419,#7421,#7425,.T.);
#7427=ORIENTED_EDGE('',*,*,#7426,.F.);
#7428=CARTESIAN_POINT('',(1.05,-0.699725,-0.350275));
#7429=VERTEX_POINT('',#7428);
#7430=CARTESIAN_POINT('',(1.25,-0.699725,-0.350275));
#7431=DIRECTION('',(-0.,-0.,-1.));
#7432=DIRECTION('',(0.,-1.,0.));
#7433=AXIS2_PLACEMENT_3D('',#7430,#7431,#7432);
#7434=CIRCLE('',#7433,0.2);
#7435=EDGE_CURVE('NONE',#7429,#7419,#7434,.T.);
#7436=ORIENTED_EDGE('',*,*,#7435,.F.);
#7437=CARTESIAN_POINT('',(1.05,-0.699725,-0.100275));
#7438=VERTEX_POINT('',#7437);
#7439=CARTESIAN_POINT('',(1.05,-0.699725,-0.350275));
#7440=DIRECTION('',(0.,0.,1.));
#7441=VECTOR('',#7440,0.25);
#7442=LINE('',#7439,#7441);
#7443=EDGE_CURVE('NONE',#7429,#7438,#7442,.T.);
#7444=ORIENTED_EDGE('',*,*,#7443,.T.);
#7445=CARTESIAN_POINT('',(1.25,-0.499725,-0.100275));
#7446=VERTEX_POINT('',#7445);
#7447=CARTESIAN_POINT('',(1.25,-0.699725,-0.100275));
#7448=DIRECTION('',(-0.,-0.,-1.));
#7449=DIRECTION('',(0.,-1.,0.));
#7450=AXIS2_PLACEMENT_3D('',#7447,#7448,#7449);
#7451=CIRCLE('',#7450,0.2);
#7452=EDGE_CURVE('NONE',#7438,#7446,#7451,.T.);
#7453=ORIENTED_EDGE('',*,*,#7452,.T.);
#7454=CARTESIAN_POINT('',(1.25,-0.499725,-0.350275));
#7455=VERTEX_POINT('',#7454);
#7456=CARTESIAN_POINT('',(1.25,-0.499725,-0.350275));
#7457=DIRECTION('',(0.,0.,1.));
#7458=VECTOR('',#7457,0.25);
#7459=LINE('',#7456,#7458);
#7460=EDGE_CURVE('NONE',#7455,#7446,#7459,.T.);
#7461=ORIENTED_EDGE('',*,*,#7460,.F.);
#7462=CARTESIAN_POINT('',(1.2,-0.506075833,-0.350275));
#7463=VERTEX_POINT('',#7462);
#7464=CARTESIAN_POINT('',(1.25,-0.699725,-0.350275));
#7465=DIRECTION('',(-0.,-0.,-1.));
#7466=DIRECTION('',(0.,-1.,0.));
#7467=AXIS2_PLACEMENT_3D('',#7464,#7465,#7466);
#7468=CIRCLE('',#7467,0.2);
#7469=EDGE_CURVE('NONE',#7463,#7455,#7468,.T.);
#7470=ORIENTED_EDGE('',*,*,#7469,.F.);
#7471=CARTESIAN_POINT('',(1.2,-0.506075833,-0.300275));
#7472=VERTEX_POINT('',#7471);
#7473=CARTESIAN_POINT('',(1.2,-0.506075833,-0.350275));
#7474=DIRECTION('',(0.,0.,1.));
#7475=VECTOR('',#7474,0.05);
#7476=LINE('',#7473,#7475);
#7477=EDGE_CURVE('NONE',#7463,#7472,#7476,.T.);
#7478=ORIENTED_EDGE('',*,*,#7477,.T.);
#7479=CARTESIAN_POINT('',(1.25,-0.699725,-0.300275));
#7480=DIRECTION('',(0.,0.,1.));
#7481=DIRECTION('',(0.,-1.,0.));
#7482=AXIS2_PLACEMENT_3D('',#7479,#7480,#7481);
#7483=CIRCLE('',#7482,0.2);
#7484=EDGE_CURVE('NONE',#7472,#7421,#7483,.T.);
#7485=ORIENTED_EDGE('',*,*,#7484,.T.);
#7486=EDGE_LOOP('',(#7427,#7436,#7444,#7453,#7461,#7470,#7478,#7485));
#7487=FACE_BOUND('',#7486,.T.);
#7488=ADVANCED_FACE('NONE',(#7487),#7417,.T.);
#7489=CARTESIAN_POINT('',(1.25,-0.699725,-0.350275));
#7490=DIRECTION('',(0.,0.,1.));
#7491=DIRECTION('',(0.,-1.,0.));
#7492=AXIS2_PLACEMENT_3D('',#7489,#7490,#7491);
#7493=CYLINDRICAL_SURFACE('',#7492,0.15);
#7494=CARTESIAN_POINT('',(1.25,-0.549725,-0.350275));
#7495=VERTEX_POINT('',#7494);
#7496=CARTESIAN_POINT('',(1.25,-0.549725,-0.100275));
#7497=VERTEX_POINT('',#7496);
#7498=CARTESIAN_POINT('',(1.25,-0.549725,-0.350275));
#7499=DIRECTION('',(0.,0.,1.));
#7500=VECTOR('',#7499,0.25);
#7501=LINE('',#7498,#7500);
#7502=EDGE_CURVE('NONE',#7495,#7497,#7501,.T.);
#7503=ORIENTED_EDGE('',*,*,#7502,.T.);
#7504=CARTESIAN_POINT('',(1.1,-0.699725,-0.100275));
#7505=VERTEX_POINT('',#7504);
#7506=CARTESIAN_POINT('',(1.25,-0.699725,-0.100275));
#7507=DIRECTION('',(0.,0.,1.));
#7508=DIRECTION('',(0.,-1.,0.));
#7509=AXIS2_PLACEMENT_3D('',#7506,#7507,#7508);
#7510=CIRCLE('',#7509,0.15);
#7511=EDGE_CURVE('NONE',#7497,#7505,#7510,.T.);
#7512=ORIENTED_EDGE('',*,*,#7511,.T.);
#7513=CARTESIAN_POINT('',(1.1,-0.699725,-0.350275));
#7514=VERTEX_POINT('',#7513);
#7515=CARTESIAN_POINT('',(1.1,-0.699725,-0.350275));
#7516=DIRECTION('',(0.,0.,1.));
#7517=VECTOR('',#7516,0.25);
#7518=LINE('',#7515,#7517);
#7519=EDGE_CURVE('NONE',#7514,#7505,#7518,.T.);
#7520=ORIENTED_EDGE('',*,*,#7519,.F.);
#7521=CARTESIAN_POINT('',(1.25,-0.699725,-0.350275));
#7522=DIRECTION('',(0.,0.,1.));
#7523=DIRECTION('',(0.,-1.,0.));
#7524=AXIS2_PLACEMENT_3D('',#7521,#7522,#7523);
#7525=CIRCLE('',#7524,0.15);
#7526=EDGE_CURVE('NONE',#7495,#7514,#7525,.T.);
#7527=ORIENTED_EDGE('',*,*,#7526,.F.);
#7528=EDGE_LOOP('',(#7503,#7512,#7520,#7527));
#7529=FACE_BOUND('',#7528,.T.);
#7530=ADVANCED_FACE('NONE',(#7529),#7493,.F.);
#7531=CARTESIAN_POINT('',(1.05,-0.699725,-0.350275));
#7532=DIRECTION('',(0.,1.,-0.));
#7533=DIRECTION('',(-1.,0.,0.));
#7534=AXIS2_PLACEMENT_3D('',#7531,#7532,#7533);
#7535=PLANE('',#7534);
#7536=ORIENTED_EDGE('',*,*,#7519,.T.);
#7537=CARTESIAN_POINT('',(1.1,-0.699725,-0.100275));
#7538=DIRECTION('',(-1.,0.,0.));
#7539=VECTOR('',#7538,0.05);
#7540=LINE('',#7537,#7539);
#7541=EDGE_CURVE('NONE',#7505,#7438,#7540,.T.);
#7542=ORIENTED_EDGE('',*,*,#7541,.T.);
#7543=ORIENTED_EDGE('',*,*,#7443,.F.);
#7544=CARTESIAN_POINT('',(1.1,-0.699725,-0.350275));
#7545=DIRECTION('',(-1.,-0.,0.));
#7546=VECTOR('',#7545,0.05);
#7547=LINE('',#7544,#7546);
#7548=EDGE_CURVE('NONE',#7514,#7429,#7547,.T.);
#7549=ORIENTED_EDGE('',*,*,#7548,.F.);
#7550=EDGE_LOOP('',(#7536,#7542,#7543,#7549));
#7551=FACE_BOUND('',#7550,.T.);
#7552=ADVANCED_FACE('NONE',(#7551),#7535,.F.);
#7553=CARTESIAN_POINT('',(1.25,-0.549725,-0.350275));
#7554=DIRECTION('',(-1.,0.,0.));
#7555=DIRECTION('',(0.,-1.,0.));
#7556=AXIS2_PLACEMENT_3D('',#7553,#7554,#7555);
#7557=PLANE('',#7556);
#7558=ORIENTED_EDGE('',*,*,#7460,.T.);
#7559=CARTESIAN_POINT('',(1.25,-0.499725,-0.100275));
#7560=DIRECTION('',(0.,-1.,0.));
#7561=VECTOR('',#7560,0.05);
#7562=LINE('',#7559,#7561);
#7563=EDGE_CURVE('NONE',#7446,#7497,#7562,.T.);
#7564=ORIENTED_EDGE('',*,*,#7563,.T.);
#7565=ORIENTED_EDGE('',*,*,#7502,.F.);
#7566=CARTESIAN_POINT('',(1.25,-0.499725,-0.350275));
#7567=DIRECTION('',(-0.,-1.,0.));
#7568=VECTOR('',#7567,0.05);
#7569=LINE('',#7566,#7568);
#7570=EDGE_CURVE('NONE',#7455,#7495,#7569,.T.);
#7571=ORIENTED_EDGE('',*,*,#7570,.F.);
#7572=EDGE_LOOP('',(#7558,#7564,#7565,#7571));
#7573=FACE_BOUND('',#7572,.T.);
#7574=ADVANCED_FACE('NONE',(#7573),#7557,.F.);
#7575=CARTESIAN_POINT('',(1.25,-0.699725,-0.350275));
#7576=DIRECTION('',(0.,-0.,-1.));
#7577=DIRECTION('',(0.,1.,-0.));
#7578=AXIS2_PLACEMENT_3D('',#7575,#7576,#7577);
#7579=PLANE('',#7578);
#7580=ORIENTED_EDGE('',*,*,#7526,.T.);
#7581=ORIENTED_EDGE('',*,*,#7548,.T.);
#7582=ORIENTED_EDGE('',*,*,#7435,.T.);
#7583=CARTESIAN_POINT('',(0.6,-0.649725,-0.350275));
#7584=VERTEX_POINT('',#7583);
#7585=CARTESIAN_POINT('',(1.056350833,-0.649725,-0.350275));
#7586=DIRECTION('',(-1.,-0.,0.));
#7587=VECTOR('',#7586,0.456350833);
#7588=LINE('',#7585,#7587);
#7589=EDGE_CURVE('NONE',#7419,#7584,#7588,.T.);
#7590=ORIENTED_EDGE('',*,*,#7589,.T.);
#7591=CARTESIAN_POINT('',(0.6,-0.049725,-0.350275));
#7592=VERTEX_POINT('',#7591);
#7593=CARTESIAN_POINT('',(0.6,-0.649725,-0.350275));
#7594=DIRECTION('',(0.,1.,-0.));
#7595=VECTOR('',#7594,0.6);
#7596=LINE('',#7593,#7595);
#7597=EDGE_CURVE('NONE',#7584,#7592,#7596,.T.);
#7598=ORIENTED_EDGE('',*,*,#7597,.T.);
#7599=CARTESIAN_POINT('',(1.2,-0.049725,-0.350275));
#7600=VERTEX_POINT('',#7599);
#7601=CARTESIAN_POINT('',(0.6,-0.049725,-0.350275));
#7602=DIRECTION('',(1.,0.,-0.));
#7603=VECTOR('',#7602,0.6);
#7604=LINE('',#7601,#7603);
#7605=EDGE_CURVE('NONE',#7592,#7600,#7604,.T.);
#7606=ORIENTED_EDGE('',*,*,#7605,.T.);
#7607=CARTESIAN_POINT('',(1.2,-0.049725,-0.350275));
#7608=DIRECTION('',(-0.,-1.,0.));
#7609=VECTOR('',#7608,0.456350833);
#7610=LINE('',#7607,#7609);
#7611=EDGE_CURVE('NONE',#7600,#7463,#7610,.T.);
#7612=ORIENTED_EDGE('',*,*,#7611,.T.);
#7613=ORIENTED_EDGE('',*,*,#7469,.T.);
#7614=ORIENTED_EDGE('',*,*,#7570,.T.);
#7615=EDGE_LOOP('',(#7580,#7581,#7582,#7590,#7598,#7606,#7612,#7613,#7614));
#7616=FACE_BOUND('',#7615,.T.);
#7617=ADVANCED_FACE('NONE',(#7616),#7579,.T.);
#7618=CARTESIAN_POINT('',(1.25,-0.699725,-0.100275));
#7619=DIRECTION('',(0.,-0.,-1.));
#7620=DIRECTION('',(0.,1.,-0.));
#7621=AXIS2_PLACEMENT_3D('',#7618,#7619,#7620);
#7622=PLANE('',#7621);
#7623=ORIENTED_EDGE('',*,*,#7511,.F.);
#7624=ORIENTED_EDGE('',*,*,#7563,.F.);
#7625=ORIENTED_EDGE('',*,*,#7452,.F.);
#7626=ORIENTED_EDGE('',*,*,#7541,.F.);
#7627=EDGE_LOOP('',(#7623,#7624,#7625,#7626));
#7628=FACE_BOUND('',#7627,.T.);
#7629=ADVANCED_FACE('NONE',(#7628),#7622,.F.);
#7630=CARTESIAN_POINT('',(1.056350833,-0.649725,-1.198803137));
#7631=DIRECTION('',(0.,1.,-0.));
#7632=DIRECTION('',(-1.,0.,-0.));
#7633=AXIS2_PLACEMENT_3D('',#7630,#7631,#7632);
#7634=PLANE('',#7633);
#7635=ORIENTED_EDGE('',*,*,#7589,.F.);
#7636=ORIENTED_EDGE('',*,*,#7426,.T.);
#7637=CARTESIAN_POINT('',(0.6,-0.649725,-0.300275));
#7638=VERTEX_POINT('',#7637);
#7639=CARTESIAN_POINT('',(1.056350833,-0.649725,-0.300275));
#7640=DIRECTION('',(-1.,0.,-0.));
#7641=VECTOR('',#7640,0.456350833);
#7642=LINE('',#7639,#7641);
#7643=EDGE_CURVE('NONE',#7421,#7638,#7642,.T.);
#7644=ORIENTED_EDGE('',*,*,#7643,.T.);
#7645=CARTESIAN_POINT('',(0.6,-0.649725,-0.350275));
#7646=DIRECTION('',(0.,0.,1.));
#7647=VECTOR('',#7646,0.05);
#7648=LINE('',#7645,#7647);
#7649=EDGE_CURVE('NONE',#7584,#7638,#7648,.T.);
#7650=ORIENTED_EDGE('',*,*,#7649,.F.);
#7651=EDGE_LOOP('',(#7635,#7636,#7644,#7650));
#7652=FACE_BOUND('',#7651,.T.);
#7653=ADVANCED_FACE('NONE',(#7652),#7634,.F.);
#7654=CARTESIAN_POINT('',(0.6,-0.649725,-1.198803137));
#7655=DIRECTION('',(1.,-0.,0.));
#7656=DIRECTION('',(0.,1.,-0.));
#7657=AXIS2_PLACEMENT_3D('',#7654,#7655,#7656);
#7658=PLANE('',#7657);
#7659=ORIENTED_EDGE('',*,*,#7597,.F.);
#7660=ORIENTED_EDGE('',*,*,#7649,.T.);
#7661=CARTESIAN_POINT('',(0.6,-0.049725,-0.300275));
#7662=VERTEX_POINT('',#7661);
#7663=CARTESIAN_POINT('',(0.6,-0.649725,-0.300275));
#7664=DIRECTION('',(0.,1.,-0.));
#7665=VECTOR('',#7664,0.6);
#7666=LINE('',#7663,#7665);
#7667=EDGE_CURVE('NONE',#7638,#7662,#7666,.T.);
#7668=ORIENTED_EDGE('',*,*,#7667,.T.);
#7669=CARTESIAN_POINT('',(0.6,-0.049725,-0.350275));
#7670=DIRECTION('',(0.,0.,1.));
#7671=VECTOR('',#7670,0.05);
#7672=LINE('',#7669,#7671);
#7673=EDGE_CURVE('NONE',#7592,#7662,#7672,.T.);
#7674=ORIENTED_EDGE('',*,*,#7673,.F.);
#7675=EDGE_LOOP('',(#7659,#7660,#7668,#7674));
#7676=FACE_BOUND('',#7675,.T.);
#7677=ADVANCED_FACE('NONE',(#7676),#7658,.F.);
#7678=CARTESIAN_POINT('',(0.6,-0.049725,-1.198803137));
#7679=DIRECTION('',(0.,-1.,0.));
#7680=DIRECTION('',(1.,0.,0.));
#7681=AXIS2_PLACEMENT_3D('',#7678,#7679,#7680);
#7682=PLANE('',#7681);
#7683=ORIENTED_EDGE('',*,*,#7605,.F.);
#7684=ORIENTED_EDGE('',*,*,#7673,.T.);
#7685=CARTESIAN_POINT('',(1.2,-0.049725,-0.300275));
#7686=VERTEX_POINT('',#7685);
#7687=CARTESIAN_POINT('',(0.6,-0.049725,-0.300275));
#7688=DIRECTION('',(1.,0.,-0.));
#7689=VECTOR('',#7688,0.6);
#7690=LINE('',#7687,#7689);
#7691=EDGE_CURVE('NONE',#7662,#7686,#7690,.T.);
#7692=ORIENTED_EDGE('',*,*,#7691,.T.);
#7693=CARTESIAN_POINT('',(1.2,-0.049725,-0.350275));
#7694=DIRECTION('',(0.,0.,1.));
#7695=VECTOR('',#7694,0.05);
#7696=LINE('',#7693,#7695);
#7697=EDGE_CURVE('NONE',#7600,#7686,#7696,.T.);
#7698=ORIENTED_EDGE('',*,*,#7697,.F.);
#7699=EDGE_LOOP('',(#7683,#7684,#7692,#7698));
#7700=FACE_BOUND('',#7699,.T.);
#7701=ADVANCED_FACE('NONE',(#7700),#7682,.F.);
#7702=CARTESIAN_POINT('',(1.2,-0.049725,-1.198803137));
#7703=DIRECTION('',(-1.,0.,0.));
#7704=DIRECTION('',(0.,-1.,0.));
#7705=AXIS2_PLACEMENT_3D('',#7702,#7703,#7704);
#7706=PLANE('',#7705);
#7707=ORIENTED_EDGE('',*,*,#7611,.F.);
#7708=ORIENTED_EDGE('',*,*,#7697,.T.);
#7709=CARTESIAN_POINT('',(1.2,-0.049725,-0.300275));
#7710=DIRECTION('',(0.,-1.,0.));
#7711=VECTOR('',#7710,0.456350833);
#7712=LINE('',#7709,#7711);
#7713=EDGE_CURVE('NONE',#7686,#7472,#7712,.T.);
#7714=ORIENTED_EDGE('',*,*,#7713,.T.);
#7715=ORIENTED_EDGE('',*,*,#7477,.F.);
#7716=EDGE_LOOP('',(#7707,#7708,#7714,#7715));
#7717=FACE_BOUND('',#7716,.T.);
#7718=ADVANCED_FACE('NONE',(#7717),#7706,.F.);
#7719=CARTESIAN_POINT('',(1.25,-0.699725,-0.300275));
#7720=DIRECTION('',(0.,-0.,-1.));
#7721=DIRECTION('',(0.,1.,-0.));
#7722=AXIS2_PLACEMENT_3D('',#7719,#7720,#7721);
#7723=PLANE('',#7722);
#7724=ORIENTED_EDGE('',*,*,#7484,.F.);
#7725=ORIENTED_EDGE('',*,*,#7713,.F.);
#7726=ORIENTED_EDGE('',*,*,#7691,.F.);
#7727=ORIENTED_EDGE('',*,*,#7667,.F.);
#7728=ORIENTED_EDGE('',*,*,#7643,.F.);
#7729=EDGE_LOOP('',(#7724,#7725,#7726,#7727,#7728));
#7730=FACE_BOUND('',#7729,.T.);
#7731=ADVANCED_FACE('NONE',(#7730),#7723,.F.);
#7732=CLOSED_SHELL('',(#7488,#7530,#7552,#7574,#7617,#7629,#7653,#7677,#7701,#7718,#7731));
#7733=MANIFOLD_SOLID_BREP('Boss-Extrude5',#7732);
#7412=STYLED_ITEM('',(#7411),#7733);
#7735=CARTESIAN_POINT('',(-1.25,1.300275,0.149725));
#7736=DIRECTION('',(0.,-0.,-1.));
#7737=DIRECTION('',(0.,1.,-0.));
#7738=AXIS2_PLACEMENT_3D('',#7735,#7736,#7737);
#7739=CYLINDRICAL_SURFACE('',#7738,0.15);
#7740=CARTESIAN_POINT('',(-1.25,1.150275,0.099725));
#7741=VERTEX_POINT('',#7740);
#7742=CARTESIAN_POINT('',(-1.25,1.150275,-0.100275));
#7743=VERTEX_POINT('',#7742);
#7744=CARTESIAN_POINT('',(-1.25,1.150275,0.099725));
#7745=DIRECTION('',(-0.,-0.,-1.));
#7746=VECTOR('',#7745,0.2);
#7747=LINE('',#7744,#7746);
#7748=EDGE_CURVE('NONE',#7741,#7743,#7747,.T.);
#7749=ORIENTED_EDGE('',*,*,#7748,.F.);
#7750=CARTESIAN_POINT('',(-1.1,1.300275,0.099725));
#7751=VERTEX_POINT('',#7750);
#7752=CARTESIAN_POINT('',(-1.25,1.300275,0.099725));
#7753=DIRECTION('',(-0.,0.,1.));
#7754=DIRECTION('',(0.,1.,-0.));
#7755=AXIS2_PLACEMENT_3D('',#7752,#7753,#7754);
#7756=CIRCLE('',#7755,0.15);
#7757=EDGE_CURVE('NONE',#7741,#7751,#7756,.T.);
#7758=ORIENTED_EDGE('',*,*,#7757,.T.);
#7759=CARTESIAN_POINT('',(-1.1,1.300275,-0.100275));
#7760=VERTEX_POINT('',#7759);
#7761=CARTESIAN_POINT('',(-1.1,1.300275,0.099725));
#7762=DIRECTION('',(0.,-0.,-1.));
#7763=VECTOR('',#7762,0.2);
#7764=LINE('',#7761,#7763);
#7765=EDGE_CURVE('NONE',#7751,#7760,#7764,.T.);
#7766=ORIENTED_EDGE('',*,*,#7765,.T.);
#7767=CARTESIAN_POINT('',(-1.25,1.300275,-0.100275));
#7768=DIRECTION('',(-0.,0.,1.));
#7769=DIRECTION('',(0.,1.,-0.));
#7770=AXIS2_PLACEMENT_3D('',#7767,#7768,#7769);
#7771=CIRCLE('',#7770,0.15);
#7772=EDGE_CURVE('NONE',#7743,#7760,#7771,.T.);
#7773=ORIENTED_EDGE('',*,*,#7772,.F.);
#7774=EDGE_LOOP('',(#7749,#7758,#7766,#7773));
#7775=FACE_BOUND('',#7774,.T.);
#7776=ADVANCED_FACE('NONE',(#7775),#7739,.F.);
#7777=CARTESIAN_POINT('',(1.25,-0.699725,0.149725));
#7778=DIRECTION('',(0.,-0.,-1.));
#7779=DIRECTION('',(0.,1.,-0.));
#7780=AXIS2_PLACEMENT_3D('',#7777,#7778,#7779);
#7781=CYLINDRICAL_SURFACE('',#7780,0.15);
#7782=CARTESIAN_POINT('',(1.25,-0.549725,0.099725));
#7783=VERTEX_POINT('',#7782);
#7784=CARTESIAN_POINT('',(1.25,-0.549725,-0.100275));
#7785=VERTEX_POINT('',#7784);
#7786=CARTESIAN_POINT('',(1.25,-0.549725,0.099725));
#7787=DIRECTION('',(-0.,-0.,-1.));
#7788=VECTOR('',#7787,0.2);
#7789=LINE('',#7786,#7788);
#7790=EDGE_CURVE('NONE',#7783,#7785,#7789,.T.);
#7791=ORIENTED_EDGE('',*,*,#7790,.F.);
#7792=CARTESIAN_POINT('',(1.1,-0.699725,0.099725));
#7793=VERTEX_POINT('',#7792);
#7794=CARTESIAN_POINT('',(1.25,-0.699725,0.099725));
#7795=DIRECTION('',(-0.,0.,1.));
#7796=DIRECTION('',(0.,1.,-0.));
#7797=AXIS2_PLACEMENT_3D('',#7794,#7795,#7796);
#7798=CIRCLE('',#7797,0.15);
#7799=EDGE_CURVE('NONE',#7783,#7793,#7798,.T.);
#7800=ORIENTED_EDGE('',*,*,#7799,.T.);
#7801=CARTESIAN_POINT('',(1.1,-0.699725,-0.100275));
#7802=VERTEX_POINT('',#7801);
#7803=CARTESIAN_POINT('',(1.1,-0.699725,0.099725));
#7804=DIRECTION('',(0.,-0.,-1.));
#7805=VECTOR('',#7804,0.2);
#7806=LINE('',#7803,#7805);
#7807=EDGE_CURVE('NONE',#7793,#7802,#7806,.T.);
#7808=ORIENTED_EDGE('',*,*,#7807,.T.);
#7809=CARTESIAN_POINT('',(1.25,-0.699725,-0.100275));
#7810=DIRECTION('',(-0.,0.,1.));
#7811=DIRECTION('',(0.,1.,-0.));
#7812=AXIS2_PLACEMENT_3D('',#7809,#7810,#7811);
#7813=CIRCLE('',#7812,0.15);
#7814=EDGE_CURVE('NONE',#7785,#7802,#7813,.T.);
#7815=ORIENTED_EDGE('',*,*,#7814,.F.);
#7816=EDGE_LOOP('',(#7791,#7800,#7808,#7815));
#7817=FACE_BOUND('',#7816,.T.);
#7818=ADVANCED_FACE('NONE',(#7817),#7781,.F.);
#7819=CARTESIAN_POINT('',(1.25,1.300275,0.149725));
#7820=DIRECTION('',(0.,-0.,-1.));
#7821=DIRECTION('',(0.,1.,-0.));
#7822=AXIS2_PLACEMENT_3D('',#7819,#7820,#7821);
#7823=CYLINDRICAL_SURFACE('',#7822,0.15);
#7824=CARTESIAN_POINT('',(1.1,1.300275,0.099725));
#7825=VERTEX_POINT('',#7824);
#7826=CARTESIAN_POINT('',(1.1,1.300275,-0.100275));
#7827=VERTEX_POINT('',#7826);
#7828=CARTESIAN_POINT('',(1.1,1.300275,0.099725));
#7829=DIRECTION('',(-0.,-0.,-1.));
#7830=VECTOR('',#7829,0.2);
#7831=LINE('',#7828,#7830);
#7832=EDGE_CURVE('NONE',#7825,#7827,#7831,.T.);
#7833=ORIENTED_EDGE('',*,*,#7832,.F.);
#7834=CARTESIAN_POINT('',(1.25,1.150275,0.099725));
#7835=VERTEX_POINT('',#7834);
#7836=CARTESIAN_POINT('',(1.25,1.300275,0.099725));
#7837=DIRECTION('',(-0.,0.,1.));
#7838=DIRECTION('',(0.,1.,-0.));
#7839=AXIS2_PLACEMENT_3D('',#7836,#7837,#7838);
#7840=CIRCLE('',#7839,0.15);
#7841=EDGE_CURVE('NONE',#7825,#7835,#7840,.T.);
#7842=ORIENTED_EDGE('',*,*,#7841,.T.);
#7843=CARTESIAN_POINT('',(1.25,1.150275,-0.100275));
#7844=VERTEX_POINT('',#7843);
#7845=CARTESIAN_POINT('',(1.25,1.150275,0.099725));
#7846=DIRECTION('',(0.,-0.,-1.));
#7847=VECTOR('',#7846,0.2);
#7848=LINE('',#7845,#7847);
#7849=EDGE_CURVE('NONE',#7835,#7844,#7848,.T.);
#7850=ORIENTED_EDGE('',*,*,#7849,.T.);
#7851=CARTESIAN_POINT('',(1.25,1.300275,-0.100275));
#7852=DIRECTION('',(-0.,0.,1.));
#7853=DIRECTION('',(0.,1.,-0.));
#7854=AXIS2_PLACEMENT_3D('',#7851,#7852,#7853);
#7855=CIRCLE('',#7854,0.15);
#7856=EDGE_CURVE('NONE',#7827,#7844,#7855,.T.);
#7857=ORIENTED_EDGE('',*,*,#7856,.F.);
#7858=EDGE_LOOP('',(#7833,#7842,#7850,#7857));
#7859=FACE_BOUND('',#7858,.T.);
#7860=ADVANCED_FACE('NONE',(#7859),#7823,.F.);
#7861=CARTESIAN_POINT('',(-1.1,1.300275,0.149725));
#7862=DIRECTION('',(0.,-1.,0.));
#7863=DIRECTION('',(1.,0.,-0.));
#7864=AXIS2_PLACEMENT_3D('',#7861,#7862,#7863);
#7865=PLANE('',#7864);
#7866=ORIENTED_EDGE('',*,*,#7765,.F.);
#7867=CARTESIAN_POINT('',(-1.1,1.300275,0.099725));
#7868=DIRECTION('',(1.,0.,-0.));
#7869=VECTOR('',#7868,2.2);
#7870=LINE('',#7867,#7869);
#7871=EDGE_CURVE('NONE',#7751,#7825,#7870,.T.);
#7872=ORIENTED_EDGE('',*,*,#7871,.T.);
#7873=ORIENTED_EDGE('',*,*,#7832,.T.);
#7874=CARTESIAN_POINT('',(1.05,1.300275,-0.100275));
#7875=VERTEX_POINT('',#7874);
#7876=CARTESIAN_POINT('',(1.1,1.300275,-0.100275));
#7877=DIRECTION('',(-1.,-0.,0.));
#7878=VECTOR('',#7877,0.05);
#7879=LINE('',#7876,#7878);
#7880=EDGE_CURVE('NONE',#7827,#7875,#7879,.T.);
#7881=ORIENTED_EDGE('',*,*,#7880,.T.);
#7882=CARTESIAN_POINT('',(1.05,1.300275,-0.300275));
#7883=VERTEX_POINT('',#7882);
#7884=CARTESIAN_POINT('',(1.05,1.300275,-0.100275));
#7885=DIRECTION('',(-0.,-0.,-1.));
#7886=VECTOR('',#7885,0.2);
#7887=LINE('',#7884,#7886);
#7888=EDGE_CURVE('NONE',#7875,#7883,#7887,.T.);
#7889=ORIENTED_EDGE('',*,*,#7888,.T.);
#7890=CARTESIAN_POINT('',(-1.05,1.300275,-0.300275));
#7891=VERTEX_POINT('',#7890);
#7892=CARTESIAN_POINT('',(1.05,1.300275,-0.300275));
#7893=DIRECTION('',(-1.,-0.,0.));
#7894=VECTOR('',#7893,2.1);
#7895=LINE('',#7892,#7894);
#7896=EDGE_CURVE('NONE',#7883,#7891,#7895,.T.);
#7897=ORIENTED_EDGE('',*,*,#7896,.T.);
#7898=CARTESIAN_POINT('',(-1.05,1.300275,-0.100275));
#7899=VERTEX_POINT('',#7898);
#7900=CARTESIAN_POINT('',(-1.05,1.300275,-0.300275));
#7901=DIRECTION('',(0.,0.,1.));
#7902=VECTOR('',#7901,0.2);
#7903=LINE('',#7900,#7902);
#7904=EDGE_CURVE('NONE',#7891,#7899,#7903,.T.);
#7905=ORIENTED_EDGE('',*,*,#7904,.T.);
#7906=CARTESIAN_POINT('',(-1.1,1.300275,-0.100275));
#7907=DIRECTION('',(1.,0.,-0.));
#7908=VECTOR('',#7907,0.05);
#7909=LINE('',#7906,#7908);
#7910=EDGE_CURVE('NONE',#7760,#7899,#7909,.T.);
#7911=ORIENTED_EDGE('',*,*,#7910,.F.);
#7912=EDGE_LOOP('',(#7866,#7872,#7873,#7881,#7889,#7897,#7905,#7911));
#7913=FACE_BOUND('',#7912,.T.);
#7914=ADVANCED_FACE('NONE',(#7913),#7865,.F.);
#7915=CARTESIAN_POINT('',(-1.25,-0.549725,0.149725));
#7916=DIRECTION('',(1.,0.,0.));
#7917=DIRECTION('',(0.,1.,-0.));
#7918=AXIS2_PLACEMENT_3D('',#7915,#7916,#7917);
#7919=PLANE('',#7918);
#7920=CARTESIAN_POINT('',(-1.25,-0.549725,0.099725));
#7921=VERTEX_POINT('',#7920);
#7922=CARTESIAN_POINT('',(-1.25,-0.549725,-0.100275));
#7923=VERTEX_POINT('',#7922);
#7924=CARTESIAN_POINT('',(-1.25,-0.549725,0.099725));
#7925=DIRECTION('',(0.,-0.,-1.));
#7926=VECTOR('',#7925,0.2);
#7927=LINE('',#7924,#7926);
#7928=EDGE_CURVE('NONE',#7921,#7923,#7927,.T.);
#7929=ORIENTED_EDGE('',*,*,#7928,.F.);
#7930=CARTESIAN_POINT('',(-1.25,-0.549725,0.099725));
#7931=DIRECTION('',(0.,1.,-0.));
#7932=VECTOR('',#7931,1.7);
#7933=LINE('',#7930,#7932);
#7934=EDGE_CURVE('NONE',#7921,#7741,#7933,.T.);
#7935=ORIENTED_EDGE('',*,*,#7934,.T.);
#7936=ORIENTED_EDGE('',*,*,#7748,.T.);
#7937=CARTESIAN_POINT('',(-1.25,1.100275,-0.100275));
#7938=VERTEX_POINT('',#7937);
#7939=CARTESIAN_POINT('',(-1.25,1.100275,-0.100275));
#7940=DIRECTION('',(0.,1.,-0.));
#7941=VECTOR('',#7940,0.05);
#7942=LINE('',#7939,#7941);
#7943=EDGE_CURVE('NONE',#7938,#7743,#7942,.T.);
#7944=ORIENTED_EDGE('',*,*,#7943,.F.);
#7945=CARTESIAN_POINT('',(-1.25,1.100275,-0.300275));
#7946=VERTEX_POINT('',#7945);
#7947=CARTESIAN_POINT('',(-1.25,1.100275,-0.100275));
#7948=DIRECTION('',(-0.,-0.,-1.));
#7949=VECTOR('',#7948,0.2);
#7950=LINE('',#7947,#7949);
#7951=EDGE_CURVE('NONE',#7938,#7946,#7950,.T.);
#7952=ORIENTED_EDGE('',*,*,#7951,.T.);
#7953=CARTESIAN_POINT('',(-1.25,-0.499725,-0.300275));
#7954=VERTEX_POINT('',#7953);
#7955=CARTESIAN_POINT('',(-1.25,1.100275,-0.300275));
#7956=DIRECTION('',(-0.,-1.,0.));
#7957=VECTOR('',#7956,1.6);
#7958=LINE('',#7955,#7957);
#7959=EDGE_CURVE('NONE',#7946,#7954,#7958,.T.);
#7960=ORIENTED_EDGE('',*,*,#7959,.T.);
#7961=CARTESIAN_POINT('',(-1.25,-0.499725,-0.100275));
#7962=VERTEX_POINT('',#7961);
#7963=CARTESIAN_POINT('',(-1.25,-0.499725,-0.300275));
#7964=DIRECTION('',(0.,0.,1.));
#7965=VECTOR('',#7964,0.2);
#7966=LINE('',#7963,#7965);
#7967=EDGE_CURVE('NONE',#7954,#7962,#7966,.T.);
#7968=ORIENTED_EDGE('',*,*,#7967,.T.);
#7969=CARTESIAN_POINT('',(-1.25,-0.499725,-0.100275));
#7970=DIRECTION('',(-0.,-1.,0.));
#7971=VECTOR('',#7970,0.05);
#7972=LINE('',#7969,#7971);
#7973=EDGE_CURVE('NONE',#7962,#7923,#7972,.T.);
#7974=ORIENTED_EDGE('',*,*,#7973,.T.);
#7975=EDGE_LOOP('',(#7929,#7935,#7936,#7944,#7952,#7960,#7968,#7974));
#7976=FACE_BOUND('',#7975,.T.);
#7977=ADVANCED_FACE('NONE',(#7976),#7919,.F.);
#7978=CARTESIAN_POINT('',(-1.25,-0.699725,0.149725));
#7979=DIRECTION('',(0.,-0.,-1.));
#7980=DIRECTION('',(0.,1.,-0.));
#7981=AXIS2_PLACEMENT_3D('',#7978,#7979,#7980);
#7982=CYLINDRICAL_SURFACE('',#7981,0.15);
#7983=CARTESIAN_POINT('',(-1.1,-0.699725,0.099725));
#7984=VERTEX_POINT('',#7983);
#7985=CARTESIAN_POINT('',(-1.1,-0.699725,-0.100275));
#7986=VERTEX_POINT('',#7985);
#7987=CARTESIAN_POINT('',(-1.1,-0.699725,0.099725));
#7988=DIRECTION('',(-0.,-0.,-1.));
#7989=VECTOR('',#7988,0.2);
#7990=LINE('',#7987,#7989);
#7991=EDGE_CURVE('NONE',#7984,#7986,#7990,.T.);
#7992=ORIENTED_EDGE('',*,*,#7991,.F.);
#7993=CARTESIAN_POINT('',(-1.25,-0.699725,0.099725));
#7994=DIRECTION('',(-0.,0.,1.));
#7995=DIRECTION('',(0.,1.,-0.));
#7996=AXIS2_PLACEMENT_3D('',#7993,#7994,#7995);
#7997=CIRCLE('',#7996,0.15);
#7998=EDGE_CURVE('NONE',#7984,#7921,#7997,.T.);
#7999=ORIENTED_EDGE('',*,*,#7998,.T.);
#8000=ORIENTED_EDGE('',*,*,#7928,.T.);
#8001=CARTESIAN_POINT('',(-1.25,-0.699725,-0.100275));
#8002=DIRECTION('',(-0.,0.,1.));
#8003=DIRECTION('',(0.,1.,-0.));
#8004=AXIS2_PLACEMENT_3D('',#8001,#8002,#8003);
#8005=CIRCLE('',#8004,0.15);
#8006=EDGE_CURVE('NONE',#7986,#7923,#8005,.T.);
#8007=ORIENTED_EDGE('',*,*,#8006,.F.);
#8008=EDGE_LOOP('',(#7992,#7999,#8000,#8007));
#8009=FACE_BOUND('',#8008,.T.);
#8010=ADVANCED_FACE('NONE',(#8009),#7982,.F.);
#8011=CARTESIAN_POINT('',(1.1,-0.699725,0.149725));
#8012=DIRECTION('',(-0.,1.,-0.));
#8013=DIRECTION('',(-1.,-0.,0.));
#8014=AXIS2_PLACEMENT_3D('',#8011,#8012,#8013);
#8015=PLANE('',#8014);
#8016=ORIENTED_EDGE('',*,*,#7807,.F.);
#8017=CARTESIAN_POINT('',(1.1,-0.699725,0.099725));
#8018=DIRECTION('',(-1.,-0.,0.));
#8019=VECTOR('',#8018,2.2);
#8020=LINE('',#8017,#8019);
#8021=EDGE_CURVE('NONE',#7793,#7984,#8020,.T.);
#8022=ORIENTED_EDGE('',*,*,#8021,.T.);
#8023=ORIENTED_EDGE('',*,*,#7991,.T.);
#8024=CARTESIAN_POINT('',(-1.05,-0.699725,-0.100275));
#8025=VERTEX_POINT('',#8024);
#8026=CARTESIAN_POINT('',(-1.1,-0.699725,-0.100275));
#8027=DIRECTION('',(1.,0.,-0.));
#8028=VECTOR('',#8027,0.05);
#8029=LINE('',#8026,#8028);
#8030=EDGE_CURVE('NONE',#7986,#8025,#8029,.T.);
#8031=ORIENTED_EDGE('',*,*,#8030,.T.);
#8032=CARTESIAN_POINT('',(-1.05,-0.699725,-0.300275));
#8033=VERTEX_POINT('',#8032);
#8034=CARTESIAN_POINT('',(-1.05,-0.699725,-0.100275));
#8035=DIRECTION('',(-0.,-0.,-1.));
#8036=VECTOR('',#8035,0.2);
#8037=LINE('',#8034,#8036);
#8038=EDGE_CURVE('NONE',#8025,#8033,#8037,.T.);
#8039=ORIENTED_EDGE('',*,*,#8038,.T.);
#8040=CARTESIAN_POINT('',(1.05,-0.699725,-0.300275));
#8041=VERTEX_POINT('',#8040);
#8042=CARTESIAN_POINT('',(-1.05,-0.699725,-0.300275));
#8043=DIRECTION('',(1.,0.,-0.));
#8044=VECTOR('',#8043,2.1);
#8045=LINE('',#8042,#8044);
#8046=EDGE_CURVE('NONE',#8033,#8041,#8045,.T.);
#8047=ORIENTED_EDGE('',*,*,#8046,.T.);
#8048=CARTESIAN_POINT('',(1.05,-0.699725,-0.100275));
#8049=VERTEX_POINT('',#8048);
#8050=CARTESIAN_POINT('',(1.05,-0.699725,-0.100275));
#8051=DIRECTION('',(0.,-0.,-1.));
#8052=VECTOR('',#8051,0.2);
#8053=LINE('',#8050,#8052);
#8054=EDGE_CURVE('NONE',#8049,#8041,#8053,.T.);
#8055=ORIENTED_EDGE('',*,*,#8054,.F.);
#8056=CARTESIAN_POINT('',(1.1,-0.699725,-0.100275));
#8057=DIRECTION('',(-1.,-0.,0.));
#8058=VECTOR('',#8057,0.05);
#8059=LINE('',#8056,#8058);
#8060=EDGE_CURVE('NONE',#7802,#8049,#8059,.T.);
#8061=ORIENTED_EDGE('',*,*,#8060,.F.);
#8062=EDGE_LOOP('',(#8016,#8022,#8023,#8031,#8039,#8047,#8055,#8061));
#8063=FACE_BOUND('',#8062,.T.);
#8064=ADVANCED_FACE('NONE',(#8063),#8015,.F.);
#8065=CARTESIAN_POINT('',(1.25,1.150275,0.149725));
#8066=DIRECTION('',(-1.,-0.,0.));
#8067=DIRECTION('',(0.,-1.,0.));
#8068=AXIS2_PLACEMENT_3D('',#8065,#8066,#8067);
#8069=PLANE('',#8068);
#8070=ORIENTED_EDGE('',*,*,#7849,.F.);
#8071=CARTESIAN_POINT('',(1.25,1.150275,0.099725));
#8072=DIRECTION('',(0.,-1.,0.));
#8073=VECTOR('',#8072,1.7);
#8074=LINE('',#8071,#8073);
#8075=EDGE_CURVE('NONE',#7835,#7783,#8074,.T.);
#8076=ORIENTED_EDGE('',*,*,#8075,.T.);
#8077=ORIENTED_EDGE('',*,*,#7790,.T.);
#8078=CARTESIAN_POINT('',(1.25,-0.499725,-0.100275));
#8079=VERTEX_POINT('',#8078);
#8080=CARTESIAN_POINT('',(1.25,-0.499725,-0.100275));
#8081=DIRECTION('',(-0.,-1.,0.));
#8082=VECTOR('',#8081,0.05);
#8083=LINE('',#8080,#8082);
#8084=EDGE_CURVE('NONE',#8079,#7785,#8083,.T.);
#8085=ORIENTED_EDGE('',*,*,#8084,.F.);
#8086=CARTESIAN_POINT('',(1.25,-0.499725,-0.300275));
#8087=VERTEX_POINT('',#8086);
#8088=CARTESIAN_POINT('',(1.25,-0.499725,-0.100275));
#8089=DIRECTION('',(-0.,-0.,-1.));
#8090=VECTOR('',#8089,0.2);
#8091=LINE('',#8088,#8090);
#8092=EDGE_CURVE('NONE',#8079,#8087,#8091,.T.);
#8093=ORIENTED_EDGE('',*,*,#8092,.T.);
#8094=CARTESIAN_POINT('',(1.25,1.100275,-0.300275));
#8095=VERTEX_POINT('',#8094);
#8096=CARTESIAN_POINT('',(1.25,-0.499725,-0.300275));
#8097=DIRECTION('',(-0.,1.,-0.));
#8098=VECTOR('',#8097,1.6);
#8099=LINE('',#8096,#8098);
#8100=EDGE_CURVE('NONE',#8087,#8095,#8099,.T.);
#8101=ORIENTED_EDGE('',*,*,#8100,.T.);
#8102=CARTESIAN_POINT('',(1.25,1.100275,-0.100275));
#8103=VERTEX_POINT('',#8102);
#8104=CARTESIAN_POINT('',(1.25,1.100275,-0.300275));
#8105=DIRECTION('',(0.,0.,1.));
#8106=VECTOR('',#8105,0.2);
#8107=LINE('',#8104,#8106);
#8108=EDGE_CURVE('NONE',#8095,#8103,#8107,.T.);
#8109=ORIENTED_EDGE('',*,*,#8108,.T.);
#8110=CARTESIAN_POINT('',(1.25,1.100275,-0.100275));
#8111=DIRECTION('',(-0.,1.,-0.));
#8112=VECTOR('',#8111,0.05);
#8113=LINE('',#8110,#8112);
#8114=EDGE_CURVE('NONE',#8103,#7844,#8113,.T.);
#8115=ORIENTED_EDGE('',*,*,#8114,.T.);
#8116=EDGE_LOOP('',(#8070,#8076,#8077,#8085,#8093,#8101,#8109,#8115));
#8117=FACE_BOUND('',#8116,.T.);
#8118=ADVANCED_FACE('NONE',(#8117),#8069,.F.);
#8119=CARTESIAN_POINT('',(1.25,1.300275,0.149725));
#8120=DIRECTION('',(0.,0.,1.));
#8121=DIRECTION('',(0.,-1.,0.));
#8122=AXIS2_PLACEMENT_3D('',#8119,#8120,#8121);
#8123=PLANE('',#8122);
#8124=CARTESIAN_POINT('',(-1.2,1.106625833,0.149725));
#8125=VERTEX_POINT('',#8124);
#8126=CARTESIAN_POINT('',(-1.2,-0.506075833,0.149725));
#8127=VERTEX_POINT('',#8126);
#8128=CARTESIAN_POINT('',(-1.2,1.106625833,0.149725));
#8129=DIRECTION('',(0.,-1.,0.));
#8130=VECTOR('',#8129,1.612701665);
#8131=LINE('',#8128,#8130);
#8132=EDGE_CURVE('NONE',#8125,#8127,#8131,.T.);
#8133=ORIENTED_EDGE('',*,*,#8132,.T.);
#8134=CARTESIAN_POINT('',(-1.056350833,-0.649725,0.149725));
#8135=VERTEX_POINT('',#8134);
#8136=CARTESIAN_POINT('',(-1.25,-0.699725,0.149725));
#8137=DIRECTION('',(-0.,-0.,-1.));
#8138=DIRECTION('',(0.,-1.,0.));
#8139=AXIS2_PLACEMENT_3D('',#8136,#8137,#8138);
#8140=CIRCLE('',#8139,0.2);
#8141=EDGE_CURVE('NONE',#8127,#8135,#8140,.T.);
#8142=ORIENTED_EDGE('',*,*,#8141,.T.);
#8143=CARTESIAN_POINT('',(1.056350833,-0.649725,0.149725));
#8144=VERTEX_POINT('',#8143);
#8145=CARTESIAN_POINT('',(-1.056350833,-0.649725,0.149725));
#8146=DIRECTION('',(1.,0.,-0.));
#8147=VECTOR('',#8146,2.112701665);
#8148=LINE('',#8145,#8147);
#8149=EDGE_CURVE('NONE',#8135,#8144,#8148,.T.);
#8150=ORIENTED_EDGE('',*,*,#8149,.T.);
#8151=CARTESIAN_POINT('',(1.2,-0.506075833,0.149725));
#8152=VERTEX_POINT('',#8151);
#8153=CARTESIAN_POINT('',(1.25,-0.699725,0.149725));
#8154=DIRECTION('',(-0.,-0.,-1.));
#8155=DIRECTION('',(0.,-1.,0.));
#8156=AXIS2_PLACEMENT_3D('',#8153,#8154,#8155);
#8157=CIRCLE('',#8156,0.2);
#8158=EDGE_CURVE('NONE',#8144,#8152,#8157,.T.);
#8159=ORIENTED_EDGE('',*,*,#8158,.T.);
#8160=CARTESIAN_POINT('',(1.2,1.106625833,0.149725));
#8161=VERTEX_POINT('',#8160);
#8162=CARTESIAN_POINT('',(1.2,-0.506075833,0.149725));
#8163=DIRECTION('',(-0.,1.,-0.));
#8164=VECTOR('',#8163,1.612701665);
#8165=LINE('',#8162,#8164);
#8166=EDGE_CURVE('NONE',#8152,#8161,#8165,.T.);
#8167=ORIENTED_EDGE('',*,*,#8166,.T.);
#8168=CARTESIAN_POINT('',(1.056350833,1.250275,0.149725));
#8169=VERTEX_POINT('',#8168);
#8170=CARTESIAN_POINT('',(1.25,1.300275,0.149725));
#8171=DIRECTION('',(-0.,-0.,-1.));
#8172=DIRECTION('',(0.,-1.,0.));
#8173=AXIS2_PLACEMENT_3D('',#8170,#8171,#8172);
#8174=CIRCLE('',#8173,0.2);
#8175=EDGE_CURVE('NONE',#8161,#8169,#8174,.T.);
#8176=ORIENTED_EDGE('',*,*,#8175,.T.);
#8177=CARTESIAN_POINT('',(-1.056350833,1.250275,0.149725));
#8178=VERTEX_POINT('',#8177);
#8179=CARTESIAN_POINT('',(1.056350833,1.250275,0.149725));
#8180=DIRECTION('',(-1.,-0.,0.));
#8181=VECTOR('',#8180,2.112701665);
#8182=LINE('',#8179,#8181);
#8183=EDGE_CURVE('NONE',#8169,#8178,#8182,.T.);
#8184=ORIENTED_EDGE('',*,*,#8183,.T.);
#8185=CARTESIAN_POINT('',(-1.25,1.300275,0.149725));
#8186=DIRECTION('',(-0.,-0.,-1.));
#8187=DIRECTION('',(0.,-1.,0.));
#8188=AXIS2_PLACEMENT_3D('',#8185,#8186,#8187);
#8189=CIRCLE('',#8188,0.2);
#8190=EDGE_CURVE('NONE',#8178,#8125,#8189,.T.);
#8191=ORIENTED_EDGE('',*,*,#8190,.T.);
#8192=EDGE_LOOP('',(#8133,#8142,#8150,#8159,#8167,#8176,#8184,#8191));
#8193=FACE_BOUND('',#8192,.T.);
#8194=ADVANCED_FACE('NONE',(#8193),#8123,.T.);
#8195=CARTESIAN_POINT('',(1.25,1.300275,-0.300275));
#8196=DIRECTION('',(0.,0.,1.));
#8197=DIRECTION('',(0.,-1.,0.));
#8198=AXIS2_PLACEMENT_3D('',#8195,#8196,#8197);
#8199=PLANE('',#8198);
#8200=ORIENTED_EDGE('',*,*,#7896,.F.);
#8201=CARTESIAN_POINT('',(1.25,1.300275,-0.300275));
#8202=DIRECTION('',(-0.,0.,1.));
#8203=DIRECTION('',(0.,1.,-0.));
#8204=AXIS2_PLACEMENT_3D('',#8201,#8202,#8203);
#8205=CIRCLE('',#8204,0.2);
#8206=EDGE_CURVE('NONE',#7883,#8095,#8205,.T.);
#8207=ORIENTED_EDGE('',*,*,#8206,.T.);
#8208=ORIENTED_EDGE('',*,*,#8100,.F.);
#8209=CARTESIAN_POINT('',(1.25,-0.699725,-0.300275));
#8210=DIRECTION('',(0.,-0.,-1.));
#8211=DIRECTION('',(0.,1.,-0.));
#8212=AXIS2_PLACEMENT_3D('',#8209,#8210,#8211);
#8213=CIRCLE('',#8212,0.2);
#8214=EDGE_CURVE('NONE',#8041,#8087,#8213,.T.);
#8215=ORIENTED_EDGE('',*,*,#8214,.F.);
#8216=ORIENTED_EDGE('',*,*,#8046,.F.);
#8217=CARTESIAN_POINT('',(-1.25,-0.699725,-0.300275));
#8218=DIRECTION('',(-0.,0.,1.));
#8219=DIRECTION('',(0.,1.,-0.));
#8220=AXIS2_PLACEMENT_3D('',#8217,#8218,#8219);
#8221=CIRCLE('',#8220,0.2);
#8222=EDGE_CURVE('NONE',#8033,#7954,#8221,.T.);
#8223=ORIENTED_EDGE('',*,*,#8222,.T.);
#8224=ORIENTED_EDGE('',*,*,#7959,.F.);
#8225=CARTESIAN_POINT('',(-1.25,1.300275,-0.300275));
#8226=DIRECTION('',(-0.,0.,1.));
#8227=DIRECTION('',(0.,1.,-0.));
#8228=AXIS2_PLACEMENT_3D('',#8225,#8226,#8227);
#8229=CIRCLE('',#8228,0.2);
#8230=EDGE_CURVE('NONE',#7946,#7891,#8229,.T.);
#8231=ORIENTED_EDGE('',*,*,#8230,.T.);
#8232=EDGE_LOOP('',(#8200,#8207,#8208,#8215,#8216,#8223,#8224,#8231));
#8233=FACE_BOUND('',#8232,.T.);
#8234=ADVANCED_FACE('NONE',(#8233),#8199,.F.);
#8235=CARTESIAN_POINT('',(1.25,-0.699725,-0.100275));
#8236=DIRECTION('',(0.,-0.,-1.));
#8237=DIRECTION('',(0.,1.,-0.));
#8238=AXIS2_PLACEMENT_3D('',#8235,#8236,#8237);
#8239=CYLINDRICAL_SURFACE('',#8238,0.2);
#8240=ORIENTED_EDGE('',*,*,#8214,.T.);
#8241=ORIENTED_EDGE('',*,*,#8092,.F.);
#8242=CARTESIAN_POINT('',(1.25,-0.699725,-0.100275));
#8243=DIRECTION('',(0.,-0.,-1.));
#8244=DIRECTION('',(0.,1.,-0.));
#8245=AXIS2_PLACEMENT_3D('',#8242,#8243,#8244);
#8246=CIRCLE('',#8245,0.2);
#8247=EDGE_CURVE('NONE',#8049,#8079,#8246,.T.);
#8248=ORIENTED_EDGE('',*,*,#8247,.F.);
#8249=ORIENTED_EDGE('',*,*,#8054,.T.);
#8250=EDGE_LOOP('',(#8240,#8241,#8248,#8249));
#8251=FACE_BOUND('',#8250,.T.);
#8252=ADVANCED_FACE('NONE',(#8251),#8239,.F.);
#8253=CARTESIAN_POINT('',(1.25,-0.699725,-0.100275));
#8254=DIRECTION('',(0.,-0.,-1.));
#8255=DIRECTION('',(0.,1.,-0.));
#8256=AXIS2_PLACEMENT_3D('',#8253,#8254,#8255);
#8257=PLANE('',#8256);
#8258=ORIENTED_EDGE('',*,*,#7814,.T.);
#8259=ORIENTED_EDGE('',*,*,#8060,.T.);
#8260=ORIENTED_EDGE('',*,*,#8247,.T.);
#8261=ORIENTED_EDGE('',*,*,#8084,.T.);
#8262=EDGE_LOOP('',(#8258,#8259,#8260,#8261));
#8263=FACE_BOUND('',#8262,.T.);
#8264=ADVANCED_FACE('NONE',(#8263),#8257,.T.);
#8265=CARTESIAN_POINT('',(-1.25,-0.699725,-0.100275));
#8266=DIRECTION('',(0.,0.,1.));
#8267=DIRECTION('',(0.,-1.,0.));
#8268=AXIS2_PLACEMENT_3D('',#8265,#8266,#8267);
#8269=PLANE('',#8268);
#8270=CARTESIAN_POINT('',(-1.25,-0.699725,-0.100275));
#8271=DIRECTION('',(0.,-0.,-1.));
#8272=DIRECTION('',(0.,1.,-0.));
#8273=AXIS2_PLACEMENT_3D('',#8270,#8271,#8272);
#8274=CIRCLE('',#8273,0.2);
#8275=EDGE_CURVE('NONE',#7962,#8025,#8274,.T.);
#8276=ORIENTED_EDGE('',*,*,#8275,.T.);
#8277=ORIENTED_EDGE('',*,*,#8030,.F.);
#8278=ORIENTED_EDGE('',*,*,#8006,.T.);
#8279=ORIENTED_EDGE('',*,*,#7973,.F.);
#8280=EDGE_LOOP('',(#8276,#8277,#8278,#8279));
#8281=FACE_BOUND('',#8280,.T.);
#8282=ADVANCED_FACE('NONE',(#8281),#8269,.F.);
#8283=CARTESIAN_POINT('',(-1.25,-0.699725,-0.100275));
#8284=DIRECTION('',(0.,-0.,-1.));
#8285=DIRECTION('',(0.,1.,-0.));
#8286=AXIS2_PLACEMENT_3D('',#8283,#8284,#8285);
#8287=CYLINDRICAL_SURFACE('',#8286,0.2);
#8288=ORIENTED_EDGE('',*,*,#8222,.F.);
#8289=ORIENTED_EDGE('',*,*,#8038,.F.);
#8290=ORIENTED_EDGE('',*,*,#8275,.F.);
#8291=ORIENTED_EDGE('',*,*,#7967,.F.);
#8292=EDGE_LOOP('',(#8288,#8289,#8290,#8291));
#8293=FACE_BOUND('',#8292,.T.);
#8294=ADVANCED_FACE('NONE',(#8293),#8287,.F.);
#8295=CARTESIAN_POINT('',(-1.25,1.300275,-0.100275));
#8296=DIRECTION('',(0.,-0.,-1.));
#8297=DIRECTION('',(0.,1.,-0.));
#8298=AXIS2_PLACEMENT_3D('',#8295,#8296,#8297);
#8299=PLANE('',#8298);
#8300=ORIENTED_EDGE('',*,*,#7910,.T.);
#8301=CARTESIAN_POINT('',(-1.25,1.300275,-0.100275));
#8302=DIRECTION('',(0.,-0.,-1.));
#8303=DIRECTION('',(0.,1.,-0.));
#8304=AXIS2_PLACEMENT_3D('',#8301,#8302,#8303);
#8305=CIRCLE('',#8304,0.2);
#8306=EDGE_CURVE('NONE',#7899,#7938,#8305,.T.);
#8307=ORIENTED_EDGE('',*,*,#8306,.T.);
#8308=ORIENTED_EDGE('',*,*,#7943,.T.);
#8309=ORIENTED_EDGE('',*,*,#7772,.T.);
#8310=EDGE_LOOP('',(#8300,#8307,#8308,#8309));
#8311=FACE_BOUND('',#8310,.T.);
#8312=ADVANCED_FACE('NONE',(#8311),#8299,.T.);
#8313=CARTESIAN_POINT('',(-1.25,1.300275,-0.100275));
#8314=DIRECTION('',(0.,-0.,-1.));
#8315=DIRECTION('',(0.,1.,-0.));
#8316=AXIS2_PLACEMENT_3D('',#8313,#8314,#8315);
#8317=CYLINDRICAL_SURFACE('',#8316,0.2);
#8318=ORIENTED_EDGE('',*,*,#8230,.F.);
#8319=ORIENTED_EDGE('',*,*,#7951,.F.);
#8320=ORIENTED_EDGE('',*,*,#8306,.F.);
#8321=ORIENTED_EDGE('',*,*,#7904,.F.);
#8322=EDGE_LOOP('',(#8318,#8319,#8320,#8321));
#8323=FACE_BOUND('',#8322,.T.);
#8324=ADVANCED_FACE('NONE',(#8323),#8317,.F.);
#8325=CARTESIAN_POINT('',(1.25,1.300275,-0.100275));
#8326=DIRECTION('',(0.,0.,1.));
#8327=DIRECTION('',(0.,-1.,0.));
#8328=AXIS2_PLACEMENT_3D('',#8325,#8326,#8327);
#8329=PLANE('',#8328);
#8330=ORIENTED_EDGE('',*,*,#7856,.T.);
#8331=ORIENTED_EDGE('',*,*,#8114,.F.);
#8332=CARTESIAN_POINT('',(1.25,1.300275,-0.100275));
#8333=DIRECTION('',(0.,-0.,-1.));
#8334=DIRECTION('',(0.,1.,-0.));
#8335=AXIS2_PLACEMENT_3D('',#8332,#8333,#8334);
#8336=CIRCLE('',#8335,0.2);
#8337=EDGE_CURVE('NONE',#8103,#7875,#8336,.T.);
#8338=ORIENTED_EDGE('',*,*,#8337,.T.);
#8339=ORIENTED_EDGE('',*,*,#7880,.F.);
#8340=EDGE_LOOP('',(#8330,#8331,#8338,#8339));
#8341=FACE_BOUND('',#8340,.T.);
#8342=ADVANCED_FACE('NONE',(#8341),#8329,.F.);
#8343=CARTESIAN_POINT('',(1.25,1.300275,-0.100275));
#8344=DIRECTION('',(0.,-0.,-1.));
#8345=DIRECTION('',(0.,1.,-0.));
#8346=AXIS2_PLACEMENT_3D('',#8343,#8344,#8345);
#8347=CYLINDRICAL_SURFACE('',#8346,0.2);
#8348=ORIENTED_EDGE('',*,*,#8337,.F.);
#8349=ORIENTED_EDGE('',*,*,#8108,.F.);
#8350=ORIENTED_EDGE('',*,*,#8206,.F.);
#8351=ORIENTED_EDGE('',*,*,#7888,.F.);
#8352=EDGE_LOOP('',(#8348,#8349,#8350,#8351));
#8353=FACE_BOUND('',#8352,.T.);
#8354=ADVANCED_FACE('NONE',(#8353),#8347,.F.);
#8355=CARTESIAN_POINT('',(1.25,1.300275,0.149725));
#8356=DIRECTION('',(0.,0.,1.));
#8357=DIRECTION('',(0.,-1.,0.));
#8358=AXIS2_PLACEMENT_3D('',#8355,#8356,#8357);
#8359=CONICAL_SURFACE('',#8358,0.2,45.);
#8360=CARTESIAN_POINT('',(1.25,1.150275,0.099725));
#8361=CARTESIAN_POINT('',(1.233976587,1.134251587,0.115748413));
#8362=CARTESIAN_POINT('',(1.217201564,1.119950107,0.132523436));
#8363=CARTESIAN_POINT('',(1.2,1.106625833,0.149725));
#8364=B_SPLINE_CURVE_WITH_KNOTS('',3,(#8360,#8361,#8362,#8363),.UNSPECIFIED.,.F.,.F.,(4,4),(0.,0.000083098),.UNSPECIFIED.);
#8365=EDGE_CURVE('NONE',#7835,#8161,#8364,.T.);
#8366=ORIENTED_EDGE('',*,*,#8365,.F.);
#8367=ORIENTED_EDGE('',*,*,#7841,.F.);
#8368=CARTESIAN_POINT('',(1.056350833,1.250275,0.149725));
#8369=CARTESIAN_POINT('',(1.069675107,1.267476564,0.132523436));
#8370=CARTESIAN_POINT('',(1.083976587,1.284251587,0.115748413));
#8371=CARTESIAN_POINT('',(1.1,1.300275,0.099725));
#8372=B_SPLINE_CURVE_WITH_KNOTS('',3,(#8368,#8369,#8370,#8371),.UNSPECIFIED.,.F.,.F.,(4,4),(0.,0.000083098),.UNSPECIFIED.);
#8373=EDGE_CURVE('NONE',#8169,#7825,#8372,.T.);
#8374=ORIENTED_EDGE('',*,*,#8373,.F.);
#8375=ORIENTED_EDGE('',*,*,#8175,.F.);
#8376=EDGE_LOOP('',(#8366,#8367,#8374,#8375));
#8377=FACE_BOUND('',#8376,.T.);
#8378=ADVANCED_FACE('NONE',(#8377),#8359,.F.);
#8379=CARTESIAN_POINT('',(1.25,1.250275,0.149725));
#8380=DIRECTION('',(-0.,0.707106781,0.707106781));
#8381=DIRECTION('',(1.,0.,0.));
#8382=AXIS2_PLACEMENT_3D('',#8379,#8380,#8381);
#8383=PLANE('',#8382);
#8384=ORIENTED_EDGE('',*,*,#8373,.T.);
#8385=ORIENTED_EDGE('',*,*,#7871,.F.);
#8386=CARTESIAN_POINT('',(-1.056350833,1.250275,0.149725));
#8387=CARTESIAN_POINT('',(-1.069675107,1.267476564,0.132523436));
#8388=CARTESIAN_POINT('',(-1.083976587,1.284251587,0.115748413));
#8389=CARTESIAN_POINT('',(-1.1,1.300275,0.099725));
#8390=B_SPLINE_CURVE_WITH_KNOTS('',3,(#8386,#8387,#8388,#8389),.UNSPECIFIED.,.F.,.F.,(4,4),(0.,0.000083098),.UNSPECIFIED.);
#8391=EDGE_CURVE('NONE',#8178,#7751,#8390,.T.);
#8392=ORIENTED_EDGE('',*,*,#8391,.F.);
#8393=ORIENTED_EDGE('',*,*,#8183,.F.);
#8394=EDGE_LOOP('',(#8384,#8385,#8392,#8393));
#8395=FACE_BOUND('',#8394,.T.);
#8396=ADVANCED_FACE('NONE',(#8395),#8383,.T.);
#8397=CARTESIAN_POINT('',(1.2,1.300275,0.149725));
#8398=DIRECTION('',(0.707106781,0.,0.707106781));
#8399=DIRECTION('',(0.,-1.,0.));
#8400=AXIS2_PLACEMENT_3D('',#8397,#8398,#8399);
#8401=PLANE('',#8400);
#8402=ORIENTED_EDGE('',*,*,#8365,.T.);
#8403=ORIENTED_EDGE('',*,*,#8166,.F.);
#8404=CARTESIAN_POINT('',(1.25,-0.549725,0.099725));
#8405=CARTESIAN_POINT('',(1.233976587,-0.533701587,0.115748413));
#8406=CARTESIAN_POINT('',(1.217201564,-0.519400107,0.132523436));
#8407=CARTESIAN_POINT('',(1.2,-0.506075833,0.149725));
#8408=B_SPLINE_CURVE_WITH_KNOTS('',3,(#8404,#8405,#8406,#8407),.UNSPECIFIED.,.F.,.F.,(4,4),(0.,0.000083098),.UNSPECIFIED.);
#8409=EDGE_CURVE('NONE',#7783,#8152,#8408,.T.);
#8410=ORIENTED_EDGE('',*,*,#8409,.F.);
#8411=ORIENTED_EDGE('',*,*,#8075,.F.);
#8412=EDGE_LOOP('',(#8402,#8403,#8410,#8411));
#8413=FACE_BOUND('',#8412,.T.);
#8414=ADVANCED_FACE('NONE',(#8413),#8401,.T.);
#8415=CARTESIAN_POINT('',(-1.25,1.300275,0.149725));
#8416=DIRECTION('',(0.,0.,1.));
#8417=DIRECTION('',(0.,-1.,0.));
#8418=AXIS2_PLACEMENT_3D('',#8415,#8416,#8417);
#8419=CONICAL_SURFACE('',#8418,0.2,45.);
#8420=ORIENTED_EDGE('',*,*,#8391,.T.);
#8421=ORIENTED_EDGE('',*,*,#7757,.F.);
#8422=CARTESIAN_POINT('',(-1.2,1.106625833,0.149725));
#8423=CARTESIAN_POINT('',(-1.217201564,1.119950107,0.132523436));
#8424=CARTESIAN_POINT('',(-1.233976587,1.134251587,0.115748413));
#8425=CARTESIAN_POINT('',(-1.25,1.150275,0.099725));
#8426=B_SPLINE_CURVE_WITH_KNOTS('',3,(#8422,#8423,#8424,#8425),.UNSPECIFIED.,.F.,.F.,(4,4),(0.,0.000083098),.UNSPECIFIED.);
#8427=EDGE_CURVE('NONE',#8125,#7741,#8426,.T.);
#8428=ORIENTED_EDGE('',*,*,#8427,.F.);
#8429=ORIENTED_EDGE('',*,*,#8190,.F.);
#8430=EDGE_LOOP('',(#8420,#8421,#8428,#8429));
#8431=FACE_BOUND('',#8430,.T.);
#8432=ADVANCED_FACE('NONE',(#8431),#8419,.F.);
#8433=CARTESIAN_POINT('',(1.25,-0.699725,0.149725));
#8434=DIRECTION('',(0.,0.,1.));
#8435=DIRECTION('',(0.,-1.,0.));
#8436=AXIS2_PLACEMENT_3D('',#8433,#8434,#8435);
#8437=CONICAL_SURFACE('',#8436,0.2,45.);
#8438=ORIENTED_EDGE('',*,*,#8409,.T.);
#8439=ORIENTED_EDGE('',*,*,#8158,.F.);
#8440=CARTESIAN_POINT('',(1.1,-0.699725,0.099725));
#8441=CARTESIAN_POINT('',(1.083976587,-0.683701587,0.115748413));
#8442=CARTESIAN_POINT('',(1.069675107,-0.666926564,0.132523436));
#8443=CARTESIAN_POINT('',(1.056350833,-0.649725,0.149725));
#8444=B_SPLINE_CURVE_WITH_KNOTS('',3,(#8440,#8441,#8442,#8443),.UNSPECIFIED.,.F.,.F.,(4,4),(0.,0.000083098),.UNSPECIFIED.);
#8445=EDGE_CURVE('NONE',#7793,#8144,#8444,.T.);
#8446=ORIENTED_EDGE('',*,*,#8445,.F.);
#8447=ORIENTED_EDGE('',*,*,#7799,.F.);
#8448=EDGE_LOOP('',(#8438,#8439,#8446,#8447));
#8449=FACE_BOUND('',#8448,.T.);
#8450=ADVANCED_FACE('NONE',(#8449),#8437,.F.);
#8451=CARTESIAN_POINT('',(-1.2,1.300275,0.149725));
#8452=DIRECTION('',(-0.707106781,0.,0.707106781));
#8453=DIRECTION('',(0.,1.,-0.));
#8454=AXIS2_PLACEMENT_3D('',#8451,#8452,#8453);
#8455=PLANE('',#8454);
#8456=ORIENTED_EDGE('',*,*,#8427,.T.);
#8457=ORIENTED_EDGE('',*,*,#7934,.F.);
#8458=CARTESIAN_POINT('',(-1.2,-0.506075833,0.149725));
#8459=CARTESIAN_POINT('',(-1.217201564,-0.519400107,0.132523436));
#8460=CARTESIAN_POINT('',(-1.233976587,-0.533701587,0.115748413));
#8461=CARTESIAN_POINT('',(-1.25,-0.549725,0.099725));
#8462=B_SPLINE_CURVE_WITH_KNOTS('',3,(#8458,#8459,#8460,#8461),.UNSPECIFIED.,.F.,.F.,(4,4),(0.,0.000083098),.UNSPECIFIED.);
#8463=EDGE_CURVE('NONE',#8127,#7921,#8462,.T.);
#8464=ORIENTED_EDGE('',*,*,#8463,.F.);
#8465=ORIENTED_EDGE('',*,*,#8132,.F.);
#8466=EDGE_LOOP('',(#8456,#8457,#8464,#8465));
#8467=FACE_BOUND('',#8466,.T.);
#8468=ADVANCED_FACE('NONE',(#8467),#8455,.T.);
#8469=CARTESIAN_POINT('',(1.25,-0.649725,0.149725));
#8470=DIRECTION('',(0.,-0.707106781,0.707106781));
#8471=DIRECTION('',(-1.,-0.,-0.));
#8472=AXIS2_PLACEMENT_3D('',#8469,#8470,#8471);
#8473=PLANE('',#8472);
#8474=ORIENTED_EDGE('',*,*,#8445,.T.);
#8475=ORIENTED_EDGE('',*,*,#8149,.F.);
#8476=CARTESIAN_POINT('',(-1.1,-0.699725,0.099725));
#8477=CARTESIAN_POINT('',(-1.083976587,-0.683701587,0.115748413));
#8478=CARTESIAN_POINT('',(-1.069675107,-0.666926564,0.132523436));
#8479=CARTESIAN_POINT('',(-1.056350833,-0.649725,0.149725));
#8480=B_SPLINE_CURVE_WITH_KNOTS('',3,(#8476,#8477,#8478,#8479),.UNSPECIFIED.,.F.,.F.,(4,4),(0.,0.000083098),.UNSPECIFIED.);
#8481=EDGE_CURVE('NONE',#7984,#8135,#8480,.T.);
#8482=ORIENTED_EDGE('',*,*,#8481,.F.);
#8483=ORIENTED_EDGE('',*,*,#8021,.F.);
#8484=EDGE_LOOP('',(#8474,#8475,#8482,#8483));
#8485=FACE_BOUND('',#8484,.T.);
#8486=ADVANCED_FACE('NONE',(#8485),#8473,.T.);
#8487=CARTESIAN_POINT('',(-1.25,-0.699725,0.149725));
#8488=DIRECTION('',(0.,0.,1.));
#8489=DIRECTION('',(0.,-1.,0.));
#8490=AXIS2_PLACEMENT_3D('',#8487,#8488,#8489);
#8491=CONICAL_SURFACE('',#8490,0.2,45.);
#8492=ORIENTED_EDGE('',*,*,#8463,.T.);
#8493=ORIENTED_EDGE('',*,*,#7998,.F.);
#8494=ORIENTED_EDGE('',*,*,#8481,.T.);
#8495=ORIENTED_EDGE('',*,*,#8141,.F.);
#8496=EDGE_LOOP('',(#8492,#8493,#8494,#8495));
#8497=FACE_BOUND('',#8496,.T.);
#8498=ADVANCED_FACE('NONE',(#8497),#8491,.F.);
#8499=CLOSED_SHELL('',(#7776,#7818,#7860,#7914,#7977,#8010,#8064,#8118,#8194,#8234,#8252,#8264,#8282,#8294,#8312,#8324,#8342,#8354,#8378,#8396,#8414,#8432,#8450,#8468,#8486,#8498));
#8500=MANIFOLD_SOLID_BREP('Chamfer1',#8499);
#7734=STYLED_ITEM('',(#95),#8500);
#8502=CARTESIAN_POINT('',(1.25,1.300275,-0.350275));
#8503=DIRECTION('',(0.,0.,1.));
#8504=DIRECTION('',(0.,1.,-0.));
#8505=AXIS2_PLACEMENT_3D('',#8502,#8503,#8504);
#8506=CYLINDRICAL_SURFACE('',#8505,0.2);
#8507=CARTESIAN_POINT('',(1.056350833,1.250275,-0.350275));
#8508=VERTEX_POINT('',#8507);
#8509=CARTESIAN_POINT('',(1.056350833,1.250275,-0.300275));
#8510=VERTEX_POINT('',#8509);
#8511=CARTESIAN_POINT('',(1.056350833,1.250275,-0.350275));
#8512=DIRECTION('',(0.,0.,1.));
#8513=VECTOR('',#8512,0.05);
#8514=LINE('',#8511,#8513);
#8515=EDGE_CURVE('NONE',#8508,#8510,#8514,.T.);
#8516=ORIENTED_EDGE('',*,*,#8515,.T.);
#8517=CARTESIAN_POINT('',(1.2,1.106625833,-0.300275));
#8518=VERTEX_POINT('',#8517);
#8519=CARTESIAN_POINT('',(1.25,1.300275,-0.300275));
#8520=DIRECTION('',(-0.,-0.,-1.));
#8521=DIRECTION('',(0.,-1.,0.));
#8522=AXIS2_PLACEMENT_3D('',#8519,#8520,#8521);
#8523=CIRCLE('',#8522,0.2);
#8524=EDGE_CURVE('NONE',#8518,#8510,#8523,.T.);
#8525=ORIENTED_EDGE('',*,*,#8524,.F.);
#8526=CARTESIAN_POINT('',(1.2,1.106625833,-0.350275));
#8527=VERTEX_POINT('',#8526);
#8528=CARTESIAN_POINT('',(1.2,1.106625833,-0.350275));
#8529=DIRECTION('',(-0.,0.,1.));
#8530=VECTOR('',#8529,0.05);
#8531=LINE('',#8528,#8530);
#8532=EDGE_CURVE('NONE',#8527,#8518,#8531,.T.);
#8533=ORIENTED_EDGE('',*,*,#8532,.F.);
#8534=CARTESIAN_POINT('',(1.25,1.100275,-0.350275));
#8535=VERTEX_POINT('',#8534);
#8536=CARTESIAN_POINT('',(1.25,1.300275,-0.350275));
#8537=DIRECTION('',(0.,0.,1.));
#8538=DIRECTION('',(0.,-1.,0.));
#8539=AXIS2_PLACEMENT_3D('',#8536,#8537,#8538);
#8540=CIRCLE('',#8539,0.2);
#8541=EDGE_CURVE('NONE',#8527,#8535,#8540,.T.);
#8542=ORIENTED_EDGE('',*,*,#8541,.T.);
#8543=CARTESIAN_POINT('',(1.25,1.100275,-0.100275));
#8544=VERTEX_POINT('',#8543);
#8545=CARTESIAN_POINT('',(1.25,1.100275,-0.350275));
#8546=DIRECTION('',(0.,0.,1.));
#8547=VECTOR('',#8546,0.25);
#8548=LINE('',#8545,#8547);
#8549=EDGE_CURVE('NONE',#8535,#8544,#8548,.T.);
#8550=ORIENTED_EDGE('',*,*,#8549,.T.);
#8551=CARTESIAN_POINT('',(1.05,1.300275,-0.100275));
#8552=VERTEX_POINT('',#8551);
#8553=CARTESIAN_POINT('',(1.25,1.300275,-0.100275));
#8554=DIRECTION('',(0.,0.,1.));
#8555=DIRECTION('',(0.,-1.,0.));
#8556=AXIS2_PLACEMENT_3D('',#8553,#8554,#8555);
#8557=CIRCLE('',#8556,0.2);
#8558=EDGE_CURVE('NONE',#8552,#8544,#8557,.T.);
#8559=ORIENTED_EDGE('',*,*,#8558,.F.);
#8560=CARTESIAN_POINT('',(1.05,1.300275,-0.350275));
#8561=VERTEX_POINT('',#8560);
#8562=CARTESIAN_POINT('',(1.05,1.300275,-0.350275));
#8563=DIRECTION('',(-0.,0.,1.));
#8564=VECTOR('',#8563,0.25);
#8565=LINE('',#8562,#8564);
#8566=EDGE_CURVE('NONE',#8561,#8552,#8565,.T.);
#8567=ORIENTED_EDGE('',*,*,#8566,.F.);
#8568=CARTESIAN_POINT('',(1.25,1.300275,-0.350275));
#8569=DIRECTION('',(0.,0.,1.));
#8570=DIRECTION('',(0.,-1.,0.));
#8571=AXIS2_PLACEMENT_3D('',#8568,#8569,#8570);
#8572=CIRCLE('',#8571,0.2);
#8573=EDGE_CURVE('NONE',#8561,#8508,#8572,.T.);
#8574=ORIENTED_EDGE('',*,*,#8573,.T.);
#8575=EDGE_LOOP('',(#8516,#8525,#8533,#8542,#8550,#8559,#8567,#8574));
#8576=FACE_BOUND('',#8575,.T.);
#8577=ADVANCED_FACE('NONE',(#8576),#8506,.T.);
#8578=CARTESIAN_POINT('',(1.25,1.300275,-0.350275));
#8579=DIRECTION('',(0.,0.,1.));
#8580=DIRECTION('',(0.,1.,-0.));
#8581=AXIS2_PLACEMENT_3D('',#8578,#8579,#8580);
#8582=CYLINDRICAL_SURFACE('',#8581,0.15);
#8583=CARTESIAN_POINT('',(1.25,1.150275,-0.350275));
#8584=VERTEX_POINT('',#8583);
#8585=CARTESIAN_POINT('',(1.25,1.150275,-0.100275));
#8586=VERTEX_POINT('',#8585);
#8587=CARTESIAN_POINT('',(1.25,1.150275,-0.350275));
#8588=DIRECTION('',(-0.,0.,1.));
#8589=VECTOR('',#8588,0.25);
#8590=LINE('',#8587,#8589);
#8591=EDGE_CURVE('NONE',#8584,#8586,#8590,.T.);
#8592=ORIENTED_EDGE('',*,*,#8591,.F.);
#8593=CARTESIAN_POINT('',(1.1,1.300275,-0.350275));
#8594=VERTEX_POINT('',#8593);
#8595=CARTESIAN_POINT('',(1.25,1.300275,-0.350275));
#8596=DIRECTION('',(-0.,-0.,-1.));
#8597=DIRECTION('',(0.,-1.,0.));
#8598=AXIS2_PLACEMENT_3D('',#8595,#8596,#8597);
#8599=CIRCLE('',#8598,0.15);
#8600=EDGE_CURVE('NONE',#8584,#8594,#8599,.T.);
#8601=ORIENTED_EDGE('',*,*,#8600,.T.);
#8602=CARTESIAN_POINT('',(1.1,1.300275,-0.100275));
#8603=VERTEX_POINT('',#8602);
#8604=CARTESIAN_POINT('',(1.1,1.300275,-0.350275));
#8605=DIRECTION('',(0.,0.,1.));
#8606=VECTOR('',#8605,0.25);
#8607=LINE('',#8604,#8606);
#8608=EDGE_CURVE('NONE',#8594,#8603,#8607,.T.);
#8609=ORIENTED_EDGE('',*,*,#8608,.T.);
#8610=CARTESIAN_POINT('',(1.25,1.300275,-0.100275));
#8611=DIRECTION('',(-0.,-0.,-1.));
#8612=DIRECTION('',(0.,-1.,0.));
#8613=AXIS2_PLACEMENT_3D('',#8610,#8611,#8612);
#8614=CIRCLE('',#8613,0.15);
#8615=EDGE_CURVE('NONE',#8586,#8603,#8614,.T.);
#8616=ORIENTED_EDGE('',*,*,#8615,.F.);
#8617=EDGE_LOOP('',(#8592,#8601,#8609,#8616));
#8618=FACE_BOUND('',#8617,.T.);
#8619=ADVANCED_FACE('NONE',(#8618),#8582,.F.);
#8620=CARTESIAN_POINT('',(1.05,1.300275,-0.350275));
#8621=DIRECTION('',(0.,-1.,0.));
#8622=DIRECTION('',(-1.,0.,0.));
#8623=AXIS2_PLACEMENT_3D('',#8620,#8621,#8622);
#8624=PLANE('',#8623);
#8625=ORIENTED_EDGE('',*,*,#8608,.F.);
#8626=CARTESIAN_POINT('',(1.1,1.300275,-0.350275));
#8627=DIRECTION('',(-1.,0.,0.));
#8628=VECTOR('',#8627,0.05);
#8629=LINE('',#8626,#8628);
#8630=EDGE_CURVE('NONE',#8594,#8561,#8629,.T.);
#8631=ORIENTED_EDGE('',*,*,#8630,.T.);
#8632=ORIENTED_EDGE('',*,*,#8566,.T.);
#8633=CARTESIAN_POINT('',(1.1,1.300275,-0.100275));
#8634=DIRECTION('',(-1.,0.,0.));
#8635=VECTOR('',#8634,0.05);
#8636=LINE('',#8633,#8635);
#8637=EDGE_CURVE('NONE',#8603,#8552,#8636,.T.);
#8638=ORIENTED_EDGE('',*,*,#8637,.F.);
#8639=EDGE_LOOP('',(#8625,#8631,#8632,#8638));
#8640=FACE_BOUND('',#8639,.T.);
#8641=ADVANCED_FACE('NONE',(#8640),#8624,.F.);
#8642=CARTESIAN_POINT('',(1.25,1.150275,-0.350275));
#8643=DIRECTION('',(-1.,0.,0.));
#8644=DIRECTION('',(0.,1.,-0.));
#8645=AXIS2_PLACEMENT_3D('',#8642,#8643,#8644);
#8646=PLANE('',#8645);
#8647=ORIENTED_EDGE('',*,*,#8549,.F.);
#8648=CARTESIAN_POINT('',(1.25,1.100275,-0.350275));
#8649=DIRECTION('',(0.,1.,-0.));
#8650=VECTOR('',#8649,0.05);
#8651=LINE('',#8648,#8650);
#8652=EDGE_CURVE('NONE',#8535,#8584,#8651,.T.);
#8653=ORIENTED_EDGE('',*,*,#8652,.T.);
#8654=ORIENTED_EDGE('',*,*,#8591,.T.);
#8655=CARTESIAN_POINT('',(1.25,1.100275,-0.100275));
#8656=DIRECTION('',(-0.,1.,-0.));
#8657=VECTOR('',#8656,0.05);
#8658=LINE('',#8655,#8657);
#8659=EDGE_CURVE('NONE',#8544,#8586,#8658,.T.);
#8660=ORIENTED_EDGE('',*,*,#8659,.F.);
#8661=EDGE_LOOP('',(#8647,#8653,#8654,#8660));
#8662=FACE_BOUND('',#8661,.T.);
#8663=ADVANCED_FACE('NONE',(#8662),#8646,.F.);
#8664=CARTESIAN_POINT('',(1.25,1.300275,-0.350275));
#8665=DIRECTION('',(0.,-0.,-1.));
#8666=DIRECTION('',(0.,-1.,0.));
#8667=AXIS2_PLACEMENT_3D('',#8664,#8665,#8666);
#8668=PLANE('',#8667);
#8669=ORIENTED_EDGE('',*,*,#8600,.F.);
#8670=ORIENTED_EDGE('',*,*,#8652,.F.);
#8671=ORIENTED_EDGE('',*,*,#8541,.F.);
#8672=CARTESIAN_POINT('',(1.2,0.650275,-0.350275));
#8673=VERTEX_POINT('',#8672);
#8674=CARTESIAN_POINT('',(1.2,0.650275,-0.350275));
#8675=DIRECTION('',(0.,1.,-0.));
#8676=VECTOR('',#8675,0.456350833);
#8677=LINE('',#8674,#8676);
#8678=EDGE_CURVE('NONE',#8673,#8527,#8677,.T.);
#8679=ORIENTED_EDGE('',*,*,#8678,.F.);
#8680=CARTESIAN_POINT('',(0.6,0.650275,-0.350275));
#8681=VERTEX_POINT('',#8680);
#8682=CARTESIAN_POINT('',(0.6,0.650275,-0.350275));
#8683=DIRECTION('',(1.,0.,-0.));
#8684=VECTOR('',#8683,0.6);
#8685=LINE('',#8682,#8684);
#8686=EDGE_CURVE('NONE',#8681,#8673,#8685,.T.);
#8687=ORIENTED_EDGE('',*,*,#8686,.F.);
#8688=CARTESIAN_POINT('',(0.6,1.250275,-0.350275));
#8689=VERTEX_POINT('',#8688);
#8690=CARTESIAN_POINT('',(0.6,1.250275,-0.350275));
#8691=DIRECTION('',(0.,-1.,0.));
#8692=VECTOR('',#8691,0.6);
#8693=LINE('',#8690,#8692);
#8694=EDGE_CURVE('NONE',#8689,#8681,#8693,.T.);
#8695=ORIENTED_EDGE('',*,*,#8694,.F.);
#8696=CARTESIAN_POINT('',(1.056350833,1.250275,-0.350275));
#8697=DIRECTION('',(-1.,-0.,0.));
#8698=VECTOR('',#8697,0.456350833);
#8699=LINE('',#8696,#8698);
#8700=EDGE_CURVE('NONE',#8508,#8689,#8699,.T.);
#8701=ORIENTED_EDGE('',*,*,#8700,.F.);
#8702=ORIENTED_EDGE('',*,*,#8573,.F.);
#8703=ORIENTED_EDGE('',*,*,#8630,.F.);
#8704=EDGE_LOOP('',(#8669,#8670,#8671,#8679,#8687,#8695,#8701,#8702,#8703));
#8705=FACE_BOUND('',#8704,.T.);
#8706=ADVANCED_FACE('NONE',(#8705),#8668,.T.);
#8707=CARTESIAN_POINT('',(1.25,1.300275,-0.100275));
#8708=DIRECTION('',(0.,-0.,-1.));
#8709=DIRECTION('',(0.,-1.,0.));
#8710=AXIS2_PLACEMENT_3D('',#8707,#8708,#8709);
#8711=PLANE('',#8710);
#8712=ORIENTED_EDGE('',*,*,#8615,.T.);
#8713=ORIENTED_EDGE('',*,*,#8637,.T.);
#8714=ORIENTED_EDGE('',*,*,#8558,.T.);
#8715=ORIENTED_EDGE('',*,*,#8659,.T.);
#8716=EDGE_LOOP('',(#8712,#8713,#8714,#8715));
#8717=FACE_BOUND('',#8716,.T.);
#8718=ADVANCED_FACE('NONE',(#8717),#8711,.F.);
#8719=CARTESIAN_POINT('',(1.056350833,1.250275,-1.198803137));
#8720=DIRECTION('',(0.,-1.,0.));
#8721=DIRECTION('',(-1.,-0.,0.));
#8722=AXIS2_PLACEMENT_3D('',#8719,#8720,#8721);
#8723=PLANE('',#8722);
#8724=ORIENTED_EDGE('',*,*,#8700,.T.);
#8725=CARTESIAN_POINT('',(0.6,1.250275,-0.300275));
#8726=VERTEX_POINT('',#8725);
#8727=CARTESIAN_POINT('',(0.6,1.250275,-0.350275));
#8728=DIRECTION('',(-0.,0.,1.));
#8729=VECTOR('',#8728,0.05);
#8730=LINE('',#8727,#8729);
#8731=EDGE_CURVE('NONE',#8689,#8726,#8730,.T.);
#8732=ORIENTED_EDGE('',*,*,#8731,.T.);
#8733=CARTESIAN_POINT('',(1.056350833,1.250275,-0.300275));
#8734=DIRECTION('',(-1.,0.,0.));
#8735=VECTOR('',#8734,0.456350833);
#8736=LINE('',#8733,#8735);
#8737=EDGE_CURVE('NONE',#8510,#8726,#8736,.T.);
#8738=ORIENTED_EDGE('',*,*,#8737,.F.);
#8739=ORIENTED_EDGE('',*,*,#8515,.F.);
#8740=EDGE_LOOP('',(#8724,#8732,#8738,#8739));
#8741=FACE_BOUND('',#8740,.T.);
#8742=ADVANCED_FACE('NONE',(#8741),#8723,.F.);
#8743=CARTESIAN_POINT('',(0.6,1.250275,-1.198803137));
#8744=DIRECTION('',(1.,0.,-0.));
#8745=DIRECTION('',(0.,-1.,0.));
#8746=AXIS2_PLACEMENT_3D('',#8743,#8744,#8745);
#8747=PLANE('',#8746);
#8748=ORIENTED_EDGE('',*,*,#8694,.T.);
#8749=CARTESIAN_POINT('',(0.6,0.650275,-0.300275));
#8750=VERTEX_POINT('',#8749);
#8751=CARTESIAN_POINT('',(0.6,0.650275,-0.350275));
#8752=DIRECTION('',(-0.,0.,1.));
#8753=VECTOR('',#8752,0.05);
#8754=LINE('',#8751,#8753);
#8755=EDGE_CURVE('NONE',#8681,#8750,#8754,.T.);
#8756=ORIENTED_EDGE('',*,*,#8755,.T.);
#8757=CARTESIAN_POINT('',(0.6,1.250275,-0.300275));
#8758=DIRECTION('',(0.,-1.,0.));
#8759=VECTOR('',#8758,0.6);
#8760=LINE('',#8757,#8759);
#8761=EDGE_CURVE('NONE',#8726,#8750,#8760,.T.);
#8762=ORIENTED_EDGE('',*,*,#8761,.F.);
#8763=ORIENTED_EDGE('',*,*,#8731,.F.);
#8764=EDGE_LOOP('',(#8748,#8756,#8762,#8763));
#8765=FACE_BOUND('',#8764,.T.);
#8766=ADVANCED_FACE('NONE',(#8765),#8747,.F.);
#8767=CARTESIAN_POINT('',(0.6,0.650275,-1.198803137));
#8768=DIRECTION('',(0.,1.,-0.));
#8769=DIRECTION('',(1.,0.,0.));
#8770=AXIS2_PLACEMENT_3D('',#8767,#8768,#8769);
#8771=PLANE('',#8770);
#8772=ORIENTED_EDGE('',*,*,#8686,.T.);
#8773=CARTESIAN_POINT('',(1.2,0.650275,-0.300275));
#8774=VERTEX_POINT('',#8773);
#8775=CARTESIAN_POINT('',(1.2,0.650275,-0.350275));
#8776=DIRECTION('',(-0.,0.,1.));
#8777=VECTOR('',#8776,0.05);
#8778=LINE('',#8775,#8777);
#8779=EDGE_CURVE('NONE',#8673,#8774,#8778,.T.);
#8780=ORIENTED_EDGE('',*,*,#8779,.T.);
#8781=CARTESIAN_POINT('',(0.6,0.650275,-0.300275));
#8782=DIRECTION('',(1.,-0.,-0.));
#8783=VECTOR('',#8782,0.6);
#8784=LINE('',#8781,#8783);
#8785=EDGE_CURVE('NONE',#8750,#8774,#8784,.T.);
#8786=ORIENTED_EDGE('',*,*,#8785,.F.);
#8787=ORIENTED_EDGE('',*,*,#8755,.F.);
#8788=EDGE_LOOP('',(#8772,#8780,#8786,#8787));
#8789=FACE_BOUND('',#8788,.T.);
#8790=ADVANCED_FACE('NONE',(#8789),#8771,.F.);
#8791=CARTESIAN_POINT('',(1.2,0.650275,-1.198803137));
#8792=DIRECTION('',(-1.,0.,0.));
#8793=DIRECTION('',(0.,1.,-0.));
#8794=AXIS2_PLACEMENT_3D('',#8791,#8792,#8793);
#8795=PLANE('',#8794);
#8796=ORIENTED_EDGE('',*,*,#8678,.T.);
#8797=ORIENTED_EDGE('',*,*,#8532,.T.);
#8798=CARTESIAN_POINT('',(1.2,0.650275,-0.300275));
#8799=DIRECTION('',(-0.,1.,-0.));
#8800=VECTOR('',#8799,0.456350833);
#8801=LINE('',#8798,#8800);
#8802=EDGE_CURVE('NONE',#8774,#8518,#8801,.T.);
#8803=ORIENTED_EDGE('',*,*,#8802,.F.);
#8804=ORIENTED_EDGE('',*,*,#8779,.F.);
#8805=EDGE_LOOP('',(#8796,#8797,#8803,#8804));
#8806=FACE_BOUND('',#8805,.T.);
#8807=ADVANCED_FACE('NONE',(#8806),#8795,.F.);
#8808=CARTESIAN_POINT('',(1.25,1.300275,-0.300275));
#8809=DIRECTION('',(0.,-0.,-1.));
#8810=DIRECTION('',(0.,-1.,0.));
#8811=AXIS2_PLACEMENT_3D('',#8808,#8809,#8810);
#8812=PLANE('',#8811);
#8813=ORIENTED_EDGE('',*,*,#8524,.T.);
#8814=ORIENTED_EDGE('',*,*,#8737,.T.);
#8815=ORIENTED_EDGE('',*,*,#8761,.T.);
#8816=ORIENTED_EDGE('',*,*,#8785,.T.);
#8817=ORIENTED_EDGE('',*,*,#8802,.T.);
#8818=EDGE_LOOP('',(#8813,#8814,#8815,#8816,#8817));
#8819=FACE_BOUND('',#8818,.T.);
#8820=ADVANCED_FACE('NONE',(#8819),#8812,.F.);
#8821=CLOSED_SHELL('',(#8577,#8619,#8641,#8663,#8706,#8718,#8742,#8766,#8790,#8807,#8820));
#8822=MANIFOLD_SOLID_BREP('Mirror3[1]',#8821);
#8501=STYLED_ITEM('',(#7411),#8822);
#8824=CARTESIAN_POINT('',(-1.25,1.300275,-0.350275));
#8825=DIRECTION('',(0.,0.,1.));
#8826=DIRECTION('',(0.,1.,-0.));
#8827=AXIS2_PLACEMENT_3D('',#8824,#8825,#8826);
#8828=CYLINDRICAL_SURFACE('',#8827,0.2);
#8829=CARTESIAN_POINT('',(-1.056350833,1.250275,-0.350275));
#8830=VERTEX_POINT('',#8829);
#8831=CARTESIAN_POINT('',(-1.056350833,1.250275,-0.300275));
#8832=VERTEX_POINT('',#8831);
#8833=CARTESIAN_POINT('',(-1.056350833,1.250275,-0.350275));
#8834=DIRECTION('',(0.,0.,1.));
#8835=VECTOR('',#8834,0.05);
#8836=LINE('',#8833,#8835);
#8837=EDGE_CURVE('NONE',#8830,#8832,#8836,.T.);
#8838=ORIENTED_EDGE('',*,*,#8837,.F.);
#8839=CARTESIAN_POINT('',(-1.05,1.300275,-0.350275));
#8840=VERTEX_POINT('',#8839);
#8841=CARTESIAN_POINT('',(-1.25,1.300275,-0.350275));
#8842=DIRECTION('',(-0.,-0.,-1.));
#8843=DIRECTION('',(0.,-1.,0.));
#8844=AXIS2_PLACEMENT_3D('',#8841,#8842,#8843);
#8845=CIRCLE('',#8844,0.2);
#8846=EDGE_CURVE('NONE',#8840,#8830,#8845,.T.);
#8847=ORIENTED_EDGE('',*,*,#8846,.F.);
#8848=CARTESIAN_POINT('',(-1.05,1.300275,-0.100275));
#8849=VERTEX_POINT('',#8848);
#8850=CARTESIAN_POINT('',(-1.05,1.300275,-0.350275));
#8851=DIRECTION('',(0.,0.,1.));
#8852=VECTOR('',#8851,0.25);
#8853=LINE('',#8850,#8852);
#8854=EDGE_CURVE('NONE',#8840,#8849,#8853,.T.);
#8855=ORIENTED_EDGE('',*,*,#8854,.T.);
#8856=CARTESIAN_POINT('',(-1.25,1.100275,-0.100275));
#8857=VERTEX_POINT('',#8856);
#8858=CARTESIAN_POINT('',(-1.25,1.300275,-0.100275));
#8859=DIRECTION('',(-0.,-0.,-1.));
#8860=DIRECTION('',(0.,-1.,0.));
#8861=AXIS2_PLACEMENT_3D('',#8858,#8859,#8860);
#8862=CIRCLE('',#8861,0.2);
#8863=EDGE_CURVE('NONE',#8849,#8857,#8862,.T.);
#8864=ORIENTED_EDGE('',*,*,#8863,.T.);
#8865=CARTESIAN_POINT('',(-1.25,1.100275,-0.350275));
#8866=VERTEX_POINT('',#8865);
#8867=CARTESIAN_POINT('',(-1.25,1.100275,-0.350275));
#8868=DIRECTION('',(0.,0.,1.));
#8869=VECTOR('',#8868,0.25);
#8870=LINE('',#8867,#8869);
#8871=EDGE_CURVE('NONE',#8866,#8857,#8870,.T.);
#8872=ORIENTED_EDGE('',*,*,#8871,.F.);
#8873=CARTESIAN_POINT('',(-1.2,1.106625833,-0.350275));
#8874=VERTEX_POINT('',#8873);
#8875=CARTESIAN_POINT('',(-1.25,1.300275,-0.350275));
#8876=DIRECTION('',(-0.,-0.,-1.));
#8877=DIRECTION('',(0.,-1.,0.));
#8878=AXIS2_PLACEMENT_3D('',#8875,#8876,#8877);
#8879=CIRCLE('',#8878,0.2);
#8880=EDGE_CURVE('NONE',#8874,#8866,#8879,.T.);
#8881=ORIENTED_EDGE('',*,*,#8880,.F.);
#8882=CARTESIAN_POINT('',(-1.2,1.106625833,-0.300275));
#8883=VERTEX_POINT('',#8882);
#8884=CARTESIAN_POINT('',(-1.2,1.106625833,-0.350275));
#8885=DIRECTION('',(0.,0.,1.));
#8886=VECTOR('',#8885,0.05);
#8887=LINE('',#8884,#8886);
#8888=EDGE_CURVE('NONE',#8874,#8883,#8887,.T.);
#8889=ORIENTED_EDGE('',*,*,#8888,.T.);
#8890=CARTESIAN_POINT('',(-1.25,1.300275,-0.300275));
#8891=DIRECTION('',(0.,0.,1.));
#8892=DIRECTION('',(0.,-1.,0.));
#8893=AXIS2_PLACEMENT_3D('',#8890,#8891,#8892);
#8894=CIRCLE('',#8893,0.2);
#8895=EDGE_CURVE('NONE',#8883,#8832,#8894,.T.);
#8896=ORIENTED_EDGE('',*,*,#8895,.T.);
#8897=EDGE_LOOP('',(#8838,#8847,#8855,#8864,#8872,#8881,#8889,#8896));
#8898=FACE_BOUND('',#8897,.T.);
#8899=ADVANCED_FACE('NONE',(#8898),#8828,.T.);
#8900=CARTESIAN_POINT('',(-1.25,1.300275,-0.350275));
#8901=DIRECTION('',(0.,0.,1.));
#8902=DIRECTION('',(0.,1.,-0.));
#8903=AXIS2_PLACEMENT_3D('',#8900,#8901,#8902);
#8904=CYLINDRICAL_SURFACE('',#8903,0.15);
#8905=CARTESIAN_POINT('',(-1.25,1.150275,-0.350275));
#8906=VERTEX_POINT('',#8905);
#8907=CARTESIAN_POINT('',(-1.25,1.150275,-0.100275));
#8908=VERTEX_POINT('',#8907);
#8909=CARTESIAN_POINT('',(-1.25,1.150275,-0.350275));
#8910=DIRECTION('',(0.,0.,1.));
#8911=VECTOR('',#8910,0.25);
#8912=LINE('',#8909,#8911);
#8913=EDGE_CURVE('NONE',#8906,#8908,#8912,.T.);
#8914=ORIENTED_EDGE('',*,*,#8913,.T.);
#8915=CARTESIAN_POINT('',(-1.1,1.300275,-0.100275));
#8916=VERTEX_POINT('',#8915);
#8917=CARTESIAN_POINT('',(-1.25,1.300275,-0.100275));
#8918=DIRECTION('',(0.,0.,1.));
#8919=DIRECTION('',(0.,-1.,0.));
#8920=AXIS2_PLACEMENT_3D('',#8917,#8918,#8919);
#8921=CIRCLE('',#8920,0.15);
#8922=EDGE_CURVE('NONE',#8908,#8916,#8921,.T.);
#8923=ORIENTED_EDGE('',*,*,#8922,.T.);
#8924=CARTESIAN_POINT('',(-1.1,1.300275,-0.350275));
#8925=VERTEX_POINT('',#8924);
#8926=CARTESIAN_POINT('',(-1.1,1.300275,-0.350275));
#8927=DIRECTION('',(0.,0.,1.));
#8928=VECTOR('',#8927,0.25);
#8929=LINE('',#8926,#8928);
#8930=EDGE_CURVE('NONE',#8925,#8916,#8929,.T.);
#8931=ORIENTED_EDGE('',*,*,#8930,.F.);
#8932=CARTESIAN_POINT('',(-1.25,1.300275,-0.350275));
#8933=DIRECTION('',(0.,0.,1.));
#8934=DIRECTION('',(0.,-1.,0.));
#8935=AXIS2_PLACEMENT_3D('',#8932,#8933,#8934);
#8936=CIRCLE('',#8935,0.15);
#8937=EDGE_CURVE('NONE',#8906,#8925,#8936,.T.);
#8938=ORIENTED_EDGE('',*,*,#8937,.F.);
#8939=EDGE_LOOP('',(#8914,#8923,#8931,#8938));
#8940=FACE_BOUND('',#8939,.T.);
#8941=ADVANCED_FACE('NONE',(#8940),#8904,.F.);
#8942=CARTESIAN_POINT('',(-1.05,1.300275,-0.350275));
#8943=DIRECTION('',(0.,-1.,0.));
#8944=DIRECTION('',(1.,0.,0.));
#8945=AXIS2_PLACEMENT_3D('',#8942,#8943,#8944);
#8946=PLANE('',#8945);
#8947=ORIENTED_EDGE('',*,*,#8930,.T.);
#8948=CARTESIAN_POINT('',(-1.1,1.300275,-0.100275));
#8949=DIRECTION('',(1.,0.,-0.));
#8950=VECTOR('',#8949,0.05);
#8951=LINE('',#8948,#8950);
#8952=EDGE_CURVE('NONE',#8916,#8849,#8951,.T.);
#8953=ORIENTED_EDGE('',*,*,#8952,.T.);
#8954=ORIENTED_EDGE('',*,*,#8854,.F.);
#8955=CARTESIAN_POINT('',(-1.1,1.300275,-0.350275));
#8956=DIRECTION('',(1.,-0.,-0.));
#8957=VECTOR('',#8956,0.05);
#8958=LINE('',#8955,#8957);
#8959=EDGE_CURVE('NONE',#8925,#8840,#8958,.T.);
#8960=ORIENTED_EDGE('',*,*,#8959,.F.);
#8961=EDGE_LOOP('',(#8947,#8953,#8954,#8960));
#8962=FACE_BOUND('',#8961,.T.);
#8963=ADVANCED_FACE('NONE',(#8962),#8946,.F.);
#8964=CARTESIAN_POINT('',(-1.25,1.150275,-0.350275));
#8965=DIRECTION('',(1.,0.,0.));
#8966=DIRECTION('',(0.,1.,-0.));
#8967=AXIS2_PLACEMENT_3D('',#8964,#8965,#8966);
#8968=PLANE('',#8967);
#8969=ORIENTED_EDGE('',*,*,#8871,.T.);
#8970=CARTESIAN_POINT('',(-1.25,1.100275,-0.100275));
#8971=DIRECTION('',(0.,1.,-0.));
#8972=VECTOR('',#8971,0.05);
#8973=LINE('',#8970,#8972);
#8974=EDGE_CURVE('NONE',#8857,#8908,#8973,.T.);
#8975=ORIENTED_EDGE('',*,*,#8974,.T.);
#8976=ORIENTED_EDGE('',*,*,#8913,.F.);
#8977=CARTESIAN_POINT('',(-1.25,1.100275,-0.350275));
#8978=DIRECTION('',(-0.,1.,-0.));
#8979=VECTOR('',#8978,0.05);
#8980=LINE('',#8977,#8979);
#8981=EDGE_CURVE('NONE',#8866,#8906,#8980,.T.);
#8982=ORIENTED_EDGE('',*,*,#8981,.F.);
#8983=EDGE_LOOP('',(#8969,#8975,#8976,#8982));
#8984=FACE_BOUND('',#8983,.T.);
#8985=ADVANCED_FACE('NONE',(#8984),#8968,.F.);
#8986=CARTESIAN_POINT('',(-1.25,1.300275,-0.350275));
#8987=DIRECTION('',(0.,-0.,-1.));
#8988=DIRECTION('',(0.,-1.,0.));
#8989=AXIS2_PLACEMENT_3D('',#8986,#8987,#8988);
#8990=PLANE('',#8989);
#8991=ORIENTED_EDGE('',*,*,#8937,.T.);
#8992=ORIENTED_EDGE('',*,*,#8959,.T.);
#8993=ORIENTED_EDGE('',*,*,#8846,.T.);
#8994=CARTESIAN_POINT('',(-0.6,1.250275,-0.350275));
#8995=VERTEX_POINT('',#8994);
#8996=CARTESIAN_POINT('',(-1.056350833,1.250275,-0.350275));
#8997=DIRECTION('',(1.,-0.,-0.));
#8998=VECTOR('',#8997,0.456350833);
#8999=LINE('',#8996,#8998);
#9000=EDGE_CURVE('NONE',#8830,#8995,#8999,.T.);
#9001=ORIENTED_EDGE('',*,*,#9000,.T.);
#9002=CARTESIAN_POINT('',(-0.6,0.650275,-0.350275));
#9003=VERTEX_POINT('',#9002);
#9004=CARTESIAN_POINT('',(-0.6,1.250275,-0.350275));
#9005=DIRECTION('',(0.,-1.,0.));
#9006=VECTOR('',#9005,0.6);
#9007=LINE('',#9004,#9006);
#9008=EDGE_CURVE('NONE',#8995,#9003,#9007,.T.);
#9009=ORIENTED_EDGE('',*,*,#9008,.T.);
#9010=CARTESIAN_POINT('',(-1.2,0.650275,-0.350275));
#9011=VERTEX_POINT('',#9010);
#9012=CARTESIAN_POINT('',(-0.6,0.650275,-0.350275));
#9013=DIRECTION('',(-1.,0.,0.));
#9014=VECTOR('',#9013,0.6);
#9015=LINE('',#9012,#9014);
#9016=EDGE_CURVE('NONE',#9003,#9011,#9015,.T.);
#9017=ORIENTED_EDGE('',*,*,#9016,.T.);
#9018=CARTESIAN_POINT('',(-1.2,0.650275,-0.350275));
#9019=DIRECTION('',(-0.,1.,-0.));
#9020=VECTOR('',#9019,0.456350833);
#9021=LINE('',#9018,#9020);
#9022=EDGE_CURVE('NONE',#9011,#8874,#9021,.T.);
#9023=ORIENTED_EDGE('',*,*,#9022,.T.);
#9024=ORIENTED_EDGE('',*,*,#8880,.T.);
#9025=ORIENTED_EDGE('',*,*,#8981,.T.);
#9026=EDGE_LOOP('',(#8991,#8992,#8993,#9001,#9009,#9017,#9023,#9024,#9025));
#9027=FACE_BOUND('',#9026,.T.);
#9028=ADVANCED_FACE('NONE',(#9027),#8990,.T.);
#9029=CARTESIAN_POINT('',(-1.25,1.300275,-0.100275));
#9030=DIRECTION('',(0.,-0.,-1.));
#9031=DIRECTION('',(0.,-1.,0.));
#9032=AXIS2_PLACEMENT_3D('',#9029,#9030,#9031);
#9033=PLANE('',#9032);
#9034=ORIENTED_EDGE('',*,*,#8922,.F.);
#9035=ORIENTED_EDGE('',*,*,#8974,.F.);
#9036=ORIENTED_EDGE('',*,*,#8863,.F.);
#9037=ORIENTED_EDGE('',*,*,#8952,.F.);
#9038=EDGE_LOOP('',(#9034,#9035,#9036,#9037));
#9039=FACE_BOUND('',#9038,.T.);
#9040=ADVANCED_FACE('NONE',(#9039),#9033,.F.);
#9041=CARTESIAN_POINT('',(-1.056350833,1.250275,-1.198803137));
#9042=DIRECTION('',(-0.,-1.,0.));
#9043=DIRECTION('',(1.,-0.,0.));
#9044=AXIS2_PLACEMENT_3D('',#9041,#9042,#9043);
#9045=PLANE('',#9044);
#9046=ORIENTED_EDGE('',*,*,#9000,.F.);
#9047=ORIENTED_EDGE('',*,*,#8837,.T.);
#9048=CARTESIAN_POINT('',(-0.6,1.250275,-0.300275));
#9049=VERTEX_POINT('',#9048);
#9050=CARTESIAN_POINT('',(-1.056350833,1.250275,-0.300275));
#9051=DIRECTION('',(1.,-0.,0.));
#9052=VECTOR('',#9051,0.456350833);
#9053=LINE('',#9050,#9052);
#9054=EDGE_CURVE('NONE',#8832,#9049,#9053,.T.);
#9055=ORIENTED_EDGE('',*,*,#9054,.T.);
#9056=CARTESIAN_POINT('',(-0.6,1.250275,-0.350275));
#9057=DIRECTION('',(0.,0.,1.));
#9058=VECTOR('',#9057,0.05);
#9059=LINE('',#9056,#9058);
#9060=EDGE_CURVE('NONE',#8995,#9049,#9059,.T.);
#9061=ORIENTED_EDGE('',*,*,#9060,.F.);
#9062=EDGE_LOOP('',(#9046,#9047,#9055,#9061));
#9063=FACE_BOUND('',#9062,.T.);
#9064=ADVANCED_FACE('NONE',(#9063),#9045,.F.);
#9065=CARTESIAN_POINT('',(-0.6,1.250275,-1.198803137));
#9066=DIRECTION('',(-1.,0.,-0.));
#9067=DIRECTION('',(-0.,-1.,0.));
#9068=AXIS2_PLACEMENT_3D('',#9065,#9066,#9067);
#9069=PLANE('',#9068);
#9070=ORIENTED_EDGE('',*,*,#9008,.F.);
#9071=ORIENTED_EDGE('',*,*,#9060,.T.);
#9072=CARTESIAN_POINT('',(-0.6,0.650275,-0.300275));
#9073=VERTEX_POINT('',#9072);
#9074=CARTESIAN_POINT('',(-0.6,1.250275,-0.300275));
#9075=DIRECTION('',(-0.,-1.,0.));
#9076=VECTOR('',#9075,0.6);
#9077=LINE('',#9074,#9076);
#9078=EDGE_CURVE('NONE',#9049,#9073,#9077,.T.);
#9079=ORIENTED_EDGE('',*,*,#9078,.T.);
#9080=CARTESIAN_POINT('',(-0.6,0.650275,-0.350275));
#9081=DIRECTION('',(0.,0.,1.));
#9082=VECTOR('',#9081,0.05);
#9083=LINE('',#9080,#9082);
#9084=EDGE_CURVE('NONE',#9003,#9073,#9083,.T.);
#9085=ORIENTED_EDGE('',*,*,#9084,.F.);
#9086=EDGE_LOOP('',(#9070,#9071,#9079,#9085));
#9087=FACE_BOUND('',#9086,.T.);
#9088=ADVANCED_FACE('NONE',(#9087),#9069,.F.);
#9089=CARTESIAN_POINT('',(-0.6,0.650275,-1.198803137));
#9090=DIRECTION('',(0.,1.,-0.));
#9091=DIRECTION('',(-1.,0.,0.));
#9092=AXIS2_PLACEMENT_3D('',#9089,#9090,#9091);
#9093=PLANE('',#9092);
#9094=ORIENTED_EDGE('',*,*,#9016,.F.);
#9095=ORIENTED_EDGE('',*,*,#9084,.T.);
#9096=CARTESIAN_POINT('',(-1.2,0.650275,-0.300275));
#9097=VERTEX_POINT('',#9096);
#9098=CARTESIAN_POINT('',(-0.6,0.650275,-0.300275));
#9099=DIRECTION('',(-1.,0.,0.));
#9100=VECTOR('',#9099,0.6);
#9101=LINE('',#9098,#9100);
#9102=EDGE_CURVE('NONE',#9073,#9097,#9101,.T.);
#9103=ORIENTED_EDGE('',*,*,#9102,.T.);
#9104=CARTESIAN_POINT('',(-1.2,0.650275,-0.350275));
#9105=DIRECTION('',(0.,0.,1.));
#9106=VECTOR('',#9105,0.05);
#9107=LINE('',#9104,#9106);
#9108=EDGE_CURVE('NONE',#9011,#9097,#9107,.T.);
#9109=ORIENTED_EDGE('',*,*,#9108,.F.);
#9110=EDGE_LOOP('',(#9094,#9095,#9103,#9109));
#9111=FACE_BOUND('',#9110,.T.);
#9112=ADVANCED_FACE('NONE',(#9111),#9093,.F.);
#9113=CARTESIAN_POINT('',(-1.2,0.650275,-1.198803137));
#9114=DIRECTION('',(1.,0.,0.));
#9115=DIRECTION('',(0.,1.,-0.));
#9116=AXIS2_PLACEMENT_3D('',#9113,#9114,#9115);
#9117=PLANE('',#9116);
#9118=ORIENTED_EDGE('',*,*,#9022,.F.);
#9119=ORIENTED_EDGE('',*,*,#9108,.T.);
#9120=CARTESIAN_POINT('',(-1.2,0.650275,-0.300275));
#9121=DIRECTION('',(0.,1.,-0.));
#9122=VECTOR('',#9121,0.456350833);
#9123=LINE('',#9120,#9122);
#9124=EDGE_CURVE('NONE',#9097,#8883,#9123,.T.);
#9125=ORIENTED_EDGE('',*,*,#9124,.T.);
#9126=ORIENTED_EDGE('',*,*,#8888,.F.);
#9127=EDGE_LOOP('',(#9118,#9119,#9125,#9126));
#9128=FACE_BOUND('',#9127,.T.);
#9129=ADVANCED_FACE('NONE',(#9128),#9117,.F.);
#9130=CARTESIAN_POINT('',(-1.25,1.300275,-0.300275));
#9131=DIRECTION('',(0.,-0.,-1.));
#9132=DIRECTION('',(0.,-1.,0.));
#9133=AXIS2_PLACEMENT_3D('',#9130,#9131,#9132);
#9134=PLANE('',#9133);
#9135=ORIENTED_EDGE('',*,*,#8895,.F.);
#9136=ORIENTED_EDGE('',*,*,#9124,.F.);
#9137=ORIENTED_EDGE('',*,*,#9102,.F.);
#9138=ORIENTED_EDGE('',*,*,#9078,.F.);
#9139=ORIENTED_EDGE('',*,*,#9054,.F.);
#9140=EDGE_LOOP('',(#9135,#9136,#9137,#9138,#9139));
#9141=FACE_BOUND('',#9140,.T.);
#9142=ADVANCED_FACE('NONE',(#9141),#9134,.F.);
#9143=CLOSED_SHELL('',(#8899,#8941,#8963,#8985,#9028,#9040,#9064,#9088,#9112,#9129,#9142));
#9144=MANIFOLD_SOLID_BREP('Mirror3[2]',#9143);
#8823=STYLED_ITEM('',(#7411),#9144);
#9146=CARTESIAN_POINT('',(-1.25,-0.699725,-0.350275));
#9147=DIRECTION('',(0.,0.,1.));
#9148=DIRECTION('',(0.,-1.,0.));
#9149=AXIS2_PLACEMENT_3D('',#9146,#9147,#9148);
#9150=CYLINDRICAL_SURFACE('',#9149,0.2);
#9151=CARTESIAN_POINT('',(-1.056350833,-0.649725,-0.350275));
#9152=VERTEX_POINT('',#9151);
#9153=CARTESIAN_POINT('',(-1.056350833,-0.649725,-0.300275));
#9154=VERTEX_POINT('',#9153);
#9155=CARTESIAN_POINT('',(-1.056350833,-0.649725,-0.350275));
#9156=DIRECTION('',(0.,0.,1.));
#9157=VECTOR('',#9156,0.05);
#9158=LINE('',#9155,#9157);
#9159=EDGE_CURVE('NONE',#9152,#9154,#9158,.T.);
#9160=ORIENTED_EDGE('',*,*,#9159,.T.);
#9161=CARTESIAN_POINT('',(-1.2,-0.506075833,-0.300275));
#9162=VERTEX_POINT('',#9161);
#9163=CARTESIAN_POINT('',(-1.25,-0.699725,-0.300275));
#9164=DIRECTION('',(-0.,-0.,-1.));
#9165=DIRECTION('',(0.,-1.,0.));
#9166=AXIS2_PLACEMENT_3D('',#9163,#9164,#9165);
#9167=CIRCLE('',#9166,0.2);
#9168=EDGE_CURVE('NONE',#9162,#9154,#9167,.T.);
#9169=ORIENTED_EDGE('',*,*,#9168,.F.);
#9170=CARTESIAN_POINT('',(-1.2,-0.506075833,-0.350275));
#9171=VERTEX_POINT('',#9170);
#9172=CARTESIAN_POINT('',(-1.2,-0.506075833,-0.350275));
#9173=DIRECTION('',(-0.,0.,1.));
#9174=VECTOR('',#9173,0.05);
#9175=LINE('',#9172,#9174);
#9176=EDGE_CURVE('NONE',#9171,#9162,#9175,.T.);
#9177=ORIENTED_EDGE('',*,*,#9176,.F.);
#9178=CARTESIAN_POINT('',(-1.25,-0.499725,-0.350275));
#9179=VERTEX_POINT('',#9178);
#9180=CARTESIAN_POINT('',(-1.25,-0.699725,-0.350275));
#9181=DIRECTION('',(0.,0.,1.));
#9182=DIRECTION('',(0.,-1.,0.));
#9183=AXIS2_PLACEMENT_3D('',#9180,#9181,#9182);
#9184=CIRCLE('',#9183,0.2);
#9185=EDGE_CURVE('NONE',#9171,#9179,#9184,.T.);
#9186=ORIENTED_EDGE('',*,*,#9185,.T.);
#9187=CARTESIAN_POINT('',(-1.25,-0.499725,-0.100275));
#9188=VERTEX_POINT('',#9187);
#9189=CARTESIAN_POINT('',(-1.25,-0.499725,-0.350275));
#9190=DIRECTION('',(0.,0.,1.));
#9191=VECTOR('',#9190,0.25);
#9192=LINE('',#9189,#9191);
#9193=EDGE_CURVE('NONE',#9179,#9188,#9192,.T.);
#9194=ORIENTED_EDGE('',*,*,#9193,.T.);
#9195=CARTESIAN_POINT('',(-1.05,-0.699725,-0.100275));
#9196=VERTEX_POINT('',#9195);
#9197=CARTESIAN_POINT('',(-1.25,-0.699725,-0.100275));
#9198=DIRECTION('',(0.,0.,1.));
#9199=DIRECTION('',(0.,-1.,0.));
#9200=AXIS2_PLACEMENT_3D('',#9197,#9198,#9199);
#9201=CIRCLE('',#9200,0.2);
#9202=EDGE_CURVE('NONE',#9196,#9188,#9201,.T.);
#9203=ORIENTED_EDGE('',*,*,#9202,.F.);
#9204=CARTESIAN_POINT('',(-1.05,-0.699725,-0.350275));
#9205=VERTEX_POINT('',#9204);
#9206=CARTESIAN_POINT('',(-1.05,-0.699725,-0.350275));
#9207=DIRECTION('',(-0.,0.,1.));
#9208=VECTOR('',#9207,0.25);
#9209=LINE('',#9206,#9208);
#9210=EDGE_CURVE('NONE',#9205,#9196,#9209,.T.);
#9211=ORIENTED_EDGE('',*,*,#9210,.F.);
#9212=CARTESIAN_POINT('',(-1.25,-0.699725,-0.350275));
#9213=DIRECTION('',(0.,0.,1.));
#9214=DIRECTION('',(0.,-1.,0.));
#9215=AXIS2_PLACEMENT_3D('',#9212,#9213,#9214);
#9216=CIRCLE('',#9215,0.2);
#9217=EDGE_CURVE('NONE',#9205,#9152,#9216,.T.);
#9218=ORIENTED_EDGE('',*,*,#9217,.T.);
#9219=EDGE_LOOP('',(#9160,#9169,#9177,#9186,#9194,#9203,#9211,#9218));
#9220=FACE_BOUND('',#9219,.T.);
#9221=ADVANCED_FACE('NONE',(#9220),#9150,.T.);
#9222=CARTESIAN_POINT('',(-1.25,-0.699725,-0.350275));
#9223=DIRECTION('',(0.,0.,1.));
#9224=DIRECTION('',(0.,-1.,0.));
#9225=AXIS2_PLACEMENT_3D('',#9222,#9223,#9224);
#9226=CYLINDRICAL_SURFACE('',#9225,0.15);
#9227=CARTESIAN_POINT('',(-1.25,-0.549725,-0.350275));
#9228=VERTEX_POINT('',#9227);
#9229=CARTESIAN_POINT('',(-1.25,-0.549725,-0.100275));
#9230=VERTEX_POINT('',#9229);
#9231=CARTESIAN_POINT('',(-1.25,-0.549725,-0.350275));
#9232=DIRECTION('',(-0.,0.,1.));
#9233=VECTOR('',#9232,0.25);
#9234=LINE('',#9231,#9233);
#9235=EDGE_CURVE('NONE',#9228,#9230,#9234,.T.);
#9236=ORIENTED_EDGE('',*,*,#9235,.F.);
#9237=CARTESIAN_POINT('',(-1.1,-0.699725,-0.350275));
#9238=VERTEX_POINT('',#9237);
#9239=CARTESIAN_POINT('',(-1.25,-0.699725,-0.350275));
#9240=DIRECTION('',(-0.,-0.,-1.));
#9241=DIRECTION('',(0.,-1.,0.));
#9242=AXIS2_PLACEMENT_3D('',#9239,#9240,#9241);
#9243=CIRCLE('',#9242,0.15);
#9244=EDGE_CURVE('NONE',#9228,#9238,#9243,.T.);
#9245=ORIENTED_EDGE('',*,*,#9244,.T.);
#9246=CARTESIAN_POINT('',(-1.1,-0.699725,-0.100275));
#9247=VERTEX_POINT('',#9246);
#9248=CARTESIAN_POINT('',(-1.1,-0.699725,-0.350275));
#9249=DIRECTION('',(0.,0.,1.));
#9250=VECTOR('',#9249,0.25);
#9251=LINE('',#9248,#9250);
#9252=EDGE_CURVE('NONE',#9238,#9247,#9251,.T.);
#9253=ORIENTED_EDGE('',*,*,#9252,.T.);
#9254=CARTESIAN_POINT('',(-1.25,-0.699725,-0.100275));
#9255=DIRECTION('',(-0.,-0.,-1.));
#9256=DIRECTION('',(0.,-1.,0.));
#9257=AXIS2_PLACEMENT_3D('',#9254,#9255,#9256);
#9258=CIRCLE('',#9257,0.15);
#9259=EDGE_CURVE('NONE',#9230,#9247,#9258,.T.);
#9260=ORIENTED_EDGE('',*,*,#9259,.F.);
#9261=EDGE_LOOP('',(#9236,#9245,#9253,#9260));
#9262=FACE_BOUND('',#9261,.T.);
#9263=ADVANCED_FACE('NONE',(#9262),#9226,.F.);
#9264=CARTESIAN_POINT('',(-1.05,-0.699725,-0.350275));
#9265=DIRECTION('',(0.,1.,-0.));
#9266=DIRECTION('',(1.,0.,0.));
#9267=AXIS2_PLACEMENT_3D('',#9264,#9265,#9266);
#9268=PLANE('',#9267);
#9269=ORIENTED_EDGE('',*,*,#9252,.F.);
#9270=CARTESIAN_POINT('',(-1.1,-0.699725,-0.350275));
#9271=DIRECTION('',(1.,0.,-0.));
#9272=VECTOR('',#9271,0.05);
#9273=LINE('',#9270,#9272);
#9274=EDGE_CURVE('NONE',#9238,#9205,#9273,.T.);
#9275=ORIENTED_EDGE('',*,*,#9274,.T.);
#9276=ORIENTED_EDGE('',*,*,#9210,.T.);
#9277=CARTESIAN_POINT('',(-1.1,-0.699725,-0.100275));
#9278=DIRECTION('',(1.,0.,-0.));
#9279=VECTOR('',#9278,0.05);
#9280=LINE('',#9277,#9279);
#9281=EDGE_CURVE('NONE',#9247,#9196,#9280,.T.);
#9282=ORIENTED_EDGE('',*,*,#9281,.F.);
#9283=EDGE_LOOP('',(#9269,#9275,#9276,#9282));
#9284=FACE_BOUND('',#9283,.T.);
#9285=ADVANCED_FACE('NONE',(#9284),#9268,.F.);
#9286=CARTESIAN_POINT('',(-1.25,-0.549725,-0.350275));
#9287=DIRECTION('',(1.,0.,0.));
#9288=DIRECTION('',(0.,-1.,0.));
#9289=AXIS2_PLACEMENT_3D('',#9286,#9287,#9288);
#9290=PLANE('',#9289);
#9291=ORIENTED_EDGE('',*,*,#9193,.F.);
#9292=CARTESIAN_POINT('',(-1.25,-0.499725,-0.350275));
#9293=DIRECTION('',(0.,-1.,0.));
#9294=VECTOR('',#9293,0.05);
#9295=LINE('',#9292,#9294);
#9296=EDGE_CURVE('NONE',#9179,#9228,#9295,.T.);
#9297=ORIENTED_EDGE('',*,*,#9296,.T.);
#9298=ORIENTED_EDGE('',*,*,#9235,.T.);
#9299=CARTESIAN_POINT('',(-1.25,-0.499725,-0.100275));
#9300=DIRECTION('',(-0.,-1.,0.));
#9301=VECTOR('',#9300,0.05);
#9302=LINE('',#9299,#9301);
#9303=EDGE_CURVE('NONE',#9188,#9230,#9302,.T.);
#9304=ORIENTED_EDGE('',*,*,#9303,.F.);
#9305=EDGE_LOOP('',(#9291,#9297,#9298,#9304));
#9306=FACE_BOUND('',#9305,.T.);
#9307=ADVANCED_FACE('NONE',(#9306),#9290,.F.);
#9308=CARTESIAN_POINT('',(-1.25,-0.699725,-0.350275));
#9309=DIRECTION('',(0.,-0.,-1.));
#9310=DIRECTION('',(0.,1.,-0.));
#9311=AXIS2_PLACEMENT_3D('',#9308,#9309,#9310);
#9312=PLANE('',#9311);
#9313=CARTESIAN_POINT('',(-0.6,-0.349725,-0.350275));
#9314=VERTEX_POINT('',#9313);
#9315=CARTESIAN_POINT('',(-0.9,-0.049725,-0.350275));
#9316=VERTEX_POINT('',#9315);
#9317=CARTESIAN_POINT('',(-0.6,-0.349725,-0.350275));
#9318=DIRECTION('',(-0.707106781,0.707106781,-0.));
#9319=VECTOR('',#9318,0.424264069);
#9320=LINE('',#9317,#9319);
#9321=EDGE_CURVE('NONE',#9314,#9316,#9320,.T.);
#9322=ORIENTED_EDGE('',*,*,#9321,.F.);
#9323=CARTESIAN_POINT('',(-0.6,-0.649725,-0.350275));
#9324=VERTEX_POINT('',#9323);
#9325=CARTESIAN_POINT('',(-0.6,-0.649725,-0.350275));
#9326=DIRECTION('',(-0.,1.,-0.));
#9327=VECTOR('',#9326,0.3);
#9328=LINE('',#9325,#9327);
#9329=EDGE_CURVE('NONE',#9324,#9314,#9328,.T.);
#9330=ORIENTED_EDGE('',*,*,#9329,.F.);
#9331=CARTESIAN_POINT('',(-1.056350833,-0.649725,-0.350275));
#9332=DIRECTION('',(1.,0.,-0.));
#9333=VECTOR('',#9332,0.456350833);
#9334=LINE('',#9331,#9333);
#9335=EDGE_CURVE('NONE',#9152,#9324,#9334,.T.);
#9336=ORIENTED_EDGE('',*,*,#9335,.F.);
#9337=ORIENTED_EDGE('',*,*,#9217,.F.);
#9338=ORIENTED_EDGE('',*,*,#9274,.F.);
#9339=ORIENTED_EDGE('',*,*,#9244,.F.);
#9340=ORIENTED_EDGE('',*,*,#9296,.F.);
#9341=ORIENTED_EDGE('',*,*,#9185,.F.);
#9342=CARTESIAN_POINT('',(-1.2,-0.049725,-0.350275));
#9343=VERTEX_POINT('',#9342);
#9344=CARTESIAN_POINT('',(-1.2,-0.049725,-0.350275));
#9345=DIRECTION('',(0.,-1.,0.));
#9346=VECTOR('',#9345,0.456350833);
#9347=LINE('',#9344,#9346);
#9348=EDGE_CURVE('NONE',#9343,#9171,#9347,.T.);
#9349=ORIENTED_EDGE('',*,*,#9348,.F.);
#9350=CARTESIAN_POINT('',(-0.9,-0.049725,-0.350275));
#9351=DIRECTION('',(-1.,0.,0.));
#9352=VECTOR('',#9351,0.3);
#9353=LINE('',#9350,#9352);
#9354=EDGE_CURVE('NONE',#9316,#9343,#9353,.T.);
#9355=ORIENTED_EDGE('',*,*,#9354,.F.);
#9356=EDGE_LOOP('',(#9322,#9330,#9336,#9337,#9338,#9339,#9340,#9341,#9349,#9355));
#9357=FACE_BOUND('',#9356,.T.);
#9358=ADVANCED_FACE('NONE',(#9357),#9312,.T.);
#9359=CARTESIAN_POINT('',(-1.25,-0.699725,-0.100275));
#9360=DIRECTION('',(0.,-0.,-1.));
#9361=DIRECTION('',(0.,1.,-0.));
#9362=AXIS2_PLACEMENT_3D('',#9359,#9360,#9361);
#9363=PLANE('',#9362);
#9364=ORIENTED_EDGE('',*,*,#9259,.T.);
#9365=ORIENTED_EDGE('',*,*,#9281,.T.);
#9366=ORIENTED_EDGE('',*,*,#9202,.T.);
#9367=ORIENTED_EDGE('',*,*,#9303,.T.);
#9368=EDGE_LOOP('',(#9364,#9365,#9366,#9367));
#9369=FACE_BOUND('',#9368,.T.);
#9370=ADVANCED_FACE('NONE',(#9369),#9363,.F.);
#9371=CARTESIAN_POINT('',(-1.056350833,-0.649725,-1.198803137));
#9372=DIRECTION('',(-0.,1.,-0.));
#9373=DIRECTION('',(1.,0.,-0.));
#9374=AXIS2_PLACEMENT_3D('',#9371,#9372,#9373);
#9375=PLANE('',#9374);
#9376=ORIENTED_EDGE('',*,*,#9335,.T.);
#9377=CARTESIAN_POINT('',(-0.6,-0.649725,-0.300275));
#9378=VERTEX_POINT('',#9377);
#9379=CARTESIAN_POINT('',(-0.6,-0.649725,-0.350275));
#9380=DIRECTION('',(-0.,0.,1.));
#9381=VECTOR('',#9380,0.05);
#9382=LINE('',#9379,#9381);
#9383=EDGE_CURVE('NONE',#9324,#9378,#9382,.T.);
#9384=ORIENTED_EDGE('',*,*,#9383,.T.);
#9385=CARTESIAN_POINT('',(-1.056350833,-0.649725,-0.300275));
#9386=DIRECTION('',(1.,0.,-0.));
#9387=VECTOR('',#9386,0.456350833);
#9388=LINE('',#9385,#9387);
#9389=EDGE_CURVE('NONE',#9154,#9378,#9388,.T.);
#9390=ORIENTED_EDGE('',*,*,#9389,.F.);
#9391=ORIENTED_EDGE('',*,*,#9159,.F.);
#9392=EDGE_LOOP('',(#9376,#9384,#9390,#9391));
#9393=FACE_BOUND('',#9392,.T.);
#9394=ADVANCED_FACE('NONE',(#9393),#9375,.F.);
#9395=CARTESIAN_POINT('',(-0.6,-0.649725,-1.198803137));
#9396=DIRECTION('',(-1.,-0.,0.));
#9397=DIRECTION('',(-0.,1.,-0.));
#9398=AXIS2_PLACEMENT_3D('',#9395,#9396,#9397);
#9399=PLANE('',#9398);
#9400=ORIENTED_EDGE('',*,*,#9329,.T.);
#9401=CARTESIAN_POINT('',(-0.6,-0.349725,-0.300275));
#9402=VERTEX_POINT('',#9401);
#9403=CARTESIAN_POINT('',(-0.6,-0.349725,-0.300275));
#9404=DIRECTION('',(-0.,-0.,-1.));
#9405=VECTOR('',#9404,0.05);
#9406=LINE('',#9403,#9405);
#9407=EDGE_CURVE('NONE',#9402,#9314,#9406,.T.);
#9408=ORIENTED_EDGE('',*,*,#9407,.F.);
#9409=CARTESIAN_POINT('',(-0.6,-0.649725,-0.300275));
#9410=DIRECTION('',(0.,1.,-0.));
#9411=VECTOR('',#9410,0.3);
#9412=LINE('',#9409,#9411);
#9413=EDGE_CURVE('NONE',#9378,#9402,#9412,.T.);
#9414=ORIENTED_EDGE('',*,*,#9413,.F.);
#9415=ORIENTED_EDGE('',*,*,#9383,.F.);
#9416=EDGE_LOOP('',(#9400,#9408,#9414,#9415));
#9417=FACE_BOUND('',#9416,.T.);
#9418=ADVANCED_FACE('NONE',(#9417),#9399,.F.);
#9419=CARTESIAN_POINT('',(-0.6,-0.049725,-1.198803137));
#9420=DIRECTION('',(0.,-1.,0.));
#9421=DIRECTION('',(-1.,0.,0.));
#9422=AXIS2_PLACEMENT_3D('',#9419,#9420,#9421);
#9423=PLANE('',#9422);
#9424=CARTESIAN_POINT('',(-0.9,-0.049725,-0.300275));
#9425=VERTEX_POINT('',#9424);
#9426=CARTESIAN_POINT('',(-1.2,-0.049725,-0.300275));
#9427=VERTEX_POINT('',#9426);
#9428=CARTESIAN_POINT('',(-0.9,-0.049725,-0.300275));
#9429=DIRECTION('',(-1.,-0.,0.));
#9430=VECTOR('',#9429,0.3);
#9431=LINE('',#9428,#9430);
#9432=EDGE_CURVE('NONE',#9425,#9427,#9431,.T.);
#9433=ORIENTED_EDGE('',*,*,#9432,.F.);
#9434=CARTESIAN_POINT('',(-0.9,-0.049725,-0.300275));
#9435=DIRECTION('',(0.,-0.,-1.));
#9436=VECTOR('',#9435,0.05);
#9437=LINE('',#9434,#9436);
#9438=EDGE_CURVE('NONE',#9425,#9316,#9437,.T.);
#9439=ORIENTED_EDGE('',*,*,#9438,.T.);
#9440=ORIENTED_EDGE('',*,*,#9354,.T.);
#9441=CARTESIAN_POINT('',(-1.2,-0.049725,-0.350275));
#9442=DIRECTION('',(-0.,0.,1.));
#9443=VECTOR('',#9442,0.05);
#9444=LINE('',#9441,#9443);
#9445=EDGE_CURVE('NONE',#9343,#9427,#9444,.T.);
#9446=ORIENTED_EDGE('',*,*,#9445,.T.);
#9447=EDGE_LOOP('',(#9433,#9439,#9440,#9446));
#9448=FACE_BOUND('',#9447,.T.);
#9449=ADVANCED_FACE('NONE',(#9448),#9423,.F.);
#9450=CARTESIAN_POINT('',(-1.2,-0.049725,-1.198803137));
#9451=DIRECTION('',(1.,0.,0.));
#9452=DIRECTION('',(0.,-1.,0.));
#9453=AXIS2_PLACEMENT_3D('',#9450,#9451,#9452);
#9454=PLANE('',#9453);
#9455=ORIENTED_EDGE('',*,*,#9348,.T.);
#9456=ORIENTED_EDGE('',*,*,#9176,.T.);
#9457=CARTESIAN_POINT('',(-1.2,-0.049725,-0.300275));
#9458=DIRECTION('',(-0.,-1.,0.));
#9459=VECTOR('',#9458,0.456350833);
#9460=LINE('',#9457,#9459);
#9461=EDGE_CURVE('NONE',#9427,#9162,#9460,.T.);
#9462=ORIENTED_EDGE('',*,*,#9461,.F.);
#9463=ORIENTED_EDGE('',*,*,#9445,.F.);
#9464=EDGE_LOOP('',(#9455,#9456,#9462,#9463));
#9465=FACE_BOUND('',#9464,.T.);
#9466=ADVANCED_FACE('NONE',(#9465),#9454,.F.);
#9467=CARTESIAN_POINT('',(-1.25,-0.699725,-0.300275));
#9468=DIRECTION('',(0.,-0.,-1.));
#9469=DIRECTION('',(0.,1.,-0.));
#9470=AXIS2_PLACEMENT_3D('',#9467,#9468,#9469);
#9471=PLANE('',#9470);
#9472=ORIENTED_EDGE('',*,*,#9413,.T.);
#9473=CARTESIAN_POINT('',(-0.9,-0.049725,-0.300275));
#9474=DIRECTION('',(0.707106781,-0.707106781,0.));
#9475=VECTOR('',#9474,0.424264069);
#9476=LINE('',#9473,#9475);
#9477=EDGE_CURVE('NONE',#9425,#9402,#9476,.T.);
#9478=ORIENTED_EDGE('',*,*,#9477,.F.);
#9479=ORIENTED_EDGE('',*,*,#9432,.T.);
#9480=ORIENTED_EDGE('',*,*,#9461,.T.);
#9481=ORIENTED_EDGE('',*,*,#9168,.T.);
#9482=ORIENTED_EDGE('',*,*,#9389,.T.);
#9483=EDGE_LOOP('',(#9472,#9478,#9479,#9480,#9481,#9482));
#9484=FACE_BOUND('',#9483,.T.);
#9485=ADVANCED_FACE('NONE',(#9484),#9471,.F.);
#9486=CARTESIAN_POINT('',(-0.6,-0.349725,0.350725));
#9487=DIRECTION('',(-0.707106781,-0.707106781,0.));
#9488=DIRECTION('',(0.707106781,-0.707106781,0.));
#9489=AXIS2_PLACEMENT_3D('',#9486,#9487,#9488);
#9490=PLANE('',#9489);
#9491=ORIENTED_EDGE('',*,*,#9477,.T.);
#9492=ORIENTED_EDGE('',*,*,#9407,.T.);
#9493=ORIENTED_EDGE('',*,*,#9321,.T.);
#9494=ORIENTED_EDGE('',*,*,#9438,.F.);
#9495=EDGE_LOOP('',(#9491,#9492,#9493,#9494));
#9496=FACE_BOUND('',#9495,.T.);
#9497=ADVANCED_FACE('NONE',(#9496),#9490,.F.);
#9498=CLOSED_SHELL('',(#9221,#9263,#9285,#9307,#9358,#9370,#9394,#9418,#9449,#9466,#9485,#9497));
#9499=MANIFOLD_SOLID_BREP('Cut-Extrude3',#9498);
#9145=STYLED_ITEM('',(#7411),#9499);
#35=SHAPE_REPRESENTATION('2520 SMD Crystal Oscillator.STEP',(#15),#33);
#36=ADVANCED_BREP_SHAPE_REPRESENTATION('2520 SMD Crystal Oscillator.STEP',(#7404,#7733,#8500,#8822,#9144,#9499),#33);
#9507=SHAPE_REPRESENTATION_RELATIONSHIP('','',#35,#36);
#9508=CARTESIAN_POINT('',(0.,0.,0.));
#9509=DIRECTION('',(0.,0.,1.));
#9510=DIRECTION('',(1.,0.,0.));
#9511=AXIS2_PLACEMENT_3D('',#9508,#9509,#9510);
#9513=MAPPED_ITEM('',#9512,#9511);
#9512=REPRESENTATION_MAP(#9511,#35);
#9514=APPLICATION_CONTEXT('Managed model based 3d engineering');
#9515=APPLICATION_PROTOCOL_DEFINITION('international standard','ap242_managed_model_based_3d_engineering',2014,#9514);
#9516=PRODUCT_CONTEXT('',#9514,'mechanical');
#9517=PRODUCT_DEFINITION_CONTEXT('part definition',#9514,'design');
#43=PRODUCT('2520 SMD Crystal Oscillator.STEP','2520 SMD Crystal Oscillator.STEP','',(#9516));
#9518=PRODUCT_RELATED_PRODUCT_CATEGORY('part','',(#43));
#9519=PRODUCT_DEFINITION_FORMATION_WITH_SPECIFIED_SOURCE('','',#43,.NOT_KNOWN.);
#44=PRODUCT_DEFINITION('design','',#9519,#9517);
#42=PRODUCT_DEFINITION_SHAPE('','',#44);
#9520=SHAPE_DEFINITION_REPRESENTATION(#42,#35);
#34=DRAUGHTING_MODEL('',(#9513),#33);
#16=SHAPE_REPRESENTATION('root',(#15,#48),#10);
#9521=CARTESIAN_POINT('',(0.,0.,0.));
#9522=DIRECTION('',(0.,0.,1.));
#9523=DIRECTION('',(1.,0.,0.));
#9524=AXIS2_PLACEMENT_3D('',#9521,#9522,#9523);
#9526=MAPPED_ITEM('',#9525,#9524);
#9525=REPRESENTATION_MAP(#9524,#16);
#24=PRODUCT('root','root','',(#9516));
#9527=PRODUCT_RELATED_PRODUCT_CATEGORY('part','',(#24));
#9528=PRODUCT_DEFINITION_FORMATION_WITH_SPECIFIED_SOURCE('','',#24,.NOT_KNOWN.);
#25=PRODUCT_DEFINITION('design','',#9528,#9517);
#23=PRODUCT_DEFINITION_SHAPE('','',#25);
#9529=SHAPE_DEFINITION_REPRESENTATION(#23,#16);
#11=DRAUGHTING_MODEL('',(#9526),#10);
#9530=DESCRIPTIVE_REPRESENTATION_ITEM('KEY','C:\\Users\\Nhatkhongbuon\\AppData\\Local\\Packages\\Shapr3D.Shapr3D_dvv5p1vgwv6mp\\TempState\\84734035-9055-41f4-bf32-8b1b8db5fa15.tmp');
#9531=PROPERTY_DEFINITION('KEY','',#25);
#9532=REPRESENTATION('',(#9530),#10);
#9533=PROPERTY_DEFINITION_REPRESENTATION(#9531,#9532);
#9534=GENERAL_PROPERTY('','KEY','');
#9535=GENERAL_PROPERTY_ASSOCIATION('','',#9534,#9531);
#1=MECHANICAL_DESIGN_GEOMETRIC_PRESENTATION_REPRESENTATION('',(#96,#148,#2693,#3615,#4335,#4970,#5630,#6580,#7059,#7402,#54,#7412,#7734,#8501,#8823,#9145),#10);
ENDSEC;
END-ISO-10303-21;
