ISO-10303-21;
HEADER;
FILE_DESCRIPTION((''),'2;1');
FILE_NAME('RQR0014B_ASM','2022-11-16T08:52:12',('a0412086'),(''),
'CREO PARAMETRIC BY PTC INC, 2018500','CREO PARAMETRIC BY PTC INC, 2018500','');
FILE_SCHEMA(('CONFIG_CONTROL_DESIGN','SHAPE_APPEARANCE_LAYERS_GROUPS'));
ENDSEC;
DATA;
#30=DIRECTION('',(0.E0,1.E0,0.E0));
#31=VECTOR('',#30,2.E-1);
#32=CARTESIAN_POINT('',(-1.35E0,0.E0,-6.25E-1));
#33=LINE('',#32,#31);
#34=DRAUGHTING_PRE_DEFINED_CURVE_FONT('continuous');
#35=CURVE_STYLE('',#34,POSITIVE_LENGTH_MEASURE(2.E-2),#22);
#36=PRESENTATION_STYLE_ASSIGNMENT((#35));
#37=STYLED_ITEM('',(#36),#33);
#38=DIRECTION('',(1.E0,0.E0,0.E0));
#39=VECTOR('',#38,3.5E-1);
#40=CARTESIAN_POINT('',(-1.35E0,0.E0,-6.25E-1));
#41=LINE('',#40,#39);
#42=CURVE_STYLE('',#34,POSITIVE_LENGTH_MEASURE(2.E-2),#22);
#43=PRESENTATION_STYLE_ASSIGNMENT((#42));
#44=STYLED_ITEM('',(#43),#41);
#45=DIRECTION('',(7.071067811865E-1,0.E0,-7.071067811865E-1));
#46=VECTOR('',#45,1.767766952966E-1);
#47=CARTESIAN_POINT('',(-1.E0,0.E0,-6.25E-1));
#48=LINE('',#47,#46);
#49=CURVE_STYLE('',#34,POSITIVE_LENGTH_MEASURE(2.E-2),#22);
#50=PRESENTATION_STYLE_ASSIGNMENT((#49));
#51=STYLED_ITEM('',(#50),#48);
#52=DIRECTION('',(0.E0,0.E0,-1.E0));
#53=VECTOR('',#52,1.25E-1);
#54=CARTESIAN_POINT('',(-8.75E-1,0.E0,-7.5E-1));
#55=LINE('',#54,#53);
#56=CURVE_STYLE('',#34,POSITIVE_LENGTH_MEASURE(2.E-2),#22);
#57=PRESENTATION_STYLE_ASSIGNMENT((#56));
#58=STYLED_ITEM('',(#57),#55);
#59=DIRECTION('',(-1.E0,0.E0,0.E0));
#60=VECTOR('',#59,4.75E-1);
#61=CARTESIAN_POINT('',(-8.75E-1,0.E0,-8.75E-1));
#62=LINE('',#61,#60);
#63=CURVE_STYLE('',#34,POSITIVE_LENGTH_MEASURE(2.E-2),#22);
#64=PRESENTATION_STYLE_ASSIGNMENT((#63));
#65=STYLED_ITEM('',(#64),#62);
#66=DIRECTION('',(0.E0,0.E0,1.E0));
#67=VECTOR('',#66,2.5E-1);
#68=CARTESIAN_POINT('',(-1.35E0,0.E0,-8.75E-1));
#69=LINE('',#68,#67);
#70=CURVE_STYLE('',#34,POSITIVE_LENGTH_MEASURE(2.E-2),#22);
#71=PRESENTATION_STYLE_ASSIGNMENT((#70));
#72=STYLED_ITEM('',(#71),#69);
#73=DIRECTION('',(0.E0,1.E0,0.E0));
#74=VECTOR('',#73,2.E-1);
#75=CARTESIAN_POINT('',(-1.E0,0.E0,-6.25E-1));
#76=LINE('',#75,#74);
#77=CURVE_STYLE('',#34,POSITIVE_LENGTH_MEASURE(2.E-2),#22);
#78=PRESENTATION_STYLE_ASSIGNMENT((#77));
#79=STYLED_ITEM('',(#78),#76);
#80=DIRECTION('',(1.E0,0.E0,0.E0));
#81=VECTOR('',#80,3.5E-1);
#82=CARTESIAN_POINT('',(-1.35E0,2.E-1,-6.25E-1));
#83=LINE('',#82,#81);
#84=CURVE_STYLE('',#34,POSITIVE_LENGTH_MEASURE(2.E-2),#22);
#85=PRESENTATION_STYLE_ASSIGNMENT((#84));
#86=STYLED_ITEM('',(#85),#83);
#87=DIRECTION('',(0.E0,0.E0,1.E0));
#88=VECTOR('',#87,2.5E-1);
#89=CARTESIAN_POINT('',(-1.35E0,2.E-1,-8.75E-1));
#90=LINE('',#89,#88);
#91=CURVE_STYLE('',#34,POSITIVE_LENGTH_MEASURE(2.E-2),#22);
#92=PRESENTATION_STYLE_ASSIGNMENT((#91));
#93=STYLED_ITEM('',(#92),#90);
#94=DIRECTION('',(-1.E0,0.E0,0.E0));
#95=VECTOR('',#94,4.75E-1);
#96=CARTESIAN_POINT('',(-8.75E-1,2.E-1,-8.75E-1));
#97=LINE('',#96,#95);
#98=CURVE_STYLE('',#34,POSITIVE_LENGTH_MEASURE(2.E-2),#22);
#99=PRESENTATION_STYLE_ASSIGNMENT((#98));
#100=STYLED_ITEM('',(#99),#97);
#101=DIRECTION('',(0.E0,0.E0,-1.E0));
#102=VECTOR('',#101,1.25E-1);
#103=CARTESIAN_POINT('',(-8.75E-1,2.E-1,-7.5E-1));
#104=LINE('',#103,#102);
#105=CURVE_STYLE('',#34,POSITIVE_LENGTH_MEASURE(2.E-2),#22);
#106=PRESENTATION_STYLE_ASSIGNMENT((#105));
#107=STYLED_ITEM('',(#106),#104);
#108=DIRECTION('',(7.071067811865E-1,0.E0,-7.071067811865E-1));
#109=VECTOR('',#108,1.767766952966E-1);
#110=CARTESIAN_POINT('',(-1.E0,2.E-1,-6.25E-1));
#111=LINE('',#110,#109);
#112=CURVE_STYLE('',#34,POSITIVE_LENGTH_MEASURE(2.E-2),#22);
#113=PRESENTATION_STYLE_ASSIGNMENT((#112));
#114=STYLED_ITEM('',(#113),#111);
#115=DIRECTION('',(0.E0,1.E0,0.E0));
#116=VECTOR('',#115,2.E-1);
#117=CARTESIAN_POINT('',(-1.35E0,0.E0,-8.75E-1));
#118=LINE('',#117,#116);
#119=CURVE_STYLE('',#34,POSITIVE_LENGTH_MEASURE(2.E-2),#22);
#120=PRESENTATION_STYLE_ASSIGNMENT((#119));
#121=STYLED_ITEM('',(#120),#118);
#122=DIRECTION('',(0.E0,1.E0,0.E0));
#123=VECTOR('',#122,2.E-1);
#124=CARTESIAN_POINT('',(-8.75E-1,0.E0,-8.75E-1));
#125=LINE('',#124,#123);
#126=CURVE_STYLE('',#34,POSITIVE_LENGTH_MEASURE(2.E-2),#22);
#127=PRESENTATION_STYLE_ASSIGNMENT((#126));
#128=STYLED_ITEM('',(#127),#125);
#129=DIRECTION('',(0.E0,1.E0,0.E0));
#130=VECTOR('',#129,2.E-1);
#131=CARTESIAN_POINT('',(-8.75E-1,0.E0,-7.5E-1));
#132=LINE('',#131,#130);
#133=CURVE_STYLE('',#34,POSITIVE_LENGTH_MEASURE(2.E-2),#22);
#134=PRESENTATION_STYLE_ASSIGNMENT((#133));
#135=STYLED_ITEM('',(#134),#132);
#136=CARTESIAN_POINT('',(-1.35E0,0.E0,-6.25E-1));
#137=CARTESIAN_POINT('',(-1.E0,0.E0,-6.25E-1));
#138=VERTEX_POINT('',#136);
#139=VERTEX_POINT('',#137);
#140=CARTESIAN_POINT('',(-8.75E-1,0.E0,-7.5E-1));
#141=VERTEX_POINT('',#140);
#142=CARTESIAN_POINT('',(-8.75E-1,0.E0,-8.75E-1));
#143=VERTEX_POINT('',#142);
#144=CARTESIAN_POINT('',(-1.35E0,0.E0,-8.75E-1));
#145=VERTEX_POINT('',#144);
#146=CARTESIAN_POINT('',(-1.35E0,2.E-1,-6.25E-1));
#147=CARTESIAN_POINT('',(-1.E0,2.E-1,-6.25E-1));
#148=VERTEX_POINT('',#146);
#149=VERTEX_POINT('',#147);
#150=CARTESIAN_POINT('',(-8.75E-1,2.E-1,-7.5E-1));
#151=VERTEX_POINT('',#150);
#152=CARTESIAN_POINT('',(-8.75E-1,2.E-1,-8.75E-1));
#153=VERTEX_POINT('',#152);
#154=CARTESIAN_POINT('',(-1.35E0,2.E-1,-8.75E-1));
#155=VERTEX_POINT('',#154);
#156=CARTESIAN_POINT('',(-1.35E0,0.E0,-6.25E-1));
#157=DIRECTION('',(0.E0,0.E0,1.E0));
#158=DIRECTION('',(1.E0,0.E0,0.E0));
#159=AXIS2_PLACEMENT_3D('',#156,#157,#158);
#160=PLANE('',#159);
#162=ORIENTED_EDGE('',*,*,#161,.F.);
#164=ORIENTED_EDGE('',*,*,#163,.T.);
#166=ORIENTED_EDGE('',*,*,#165,.T.);
#168=ORIENTED_EDGE('',*,*,#167,.F.);
#169=EDGE_LOOP('',(#162,#164,#166,#168));
#170=FACE_OUTER_BOUND('',#169,.F.);
#171=ADVANCED_FACE('',(#170),#160,.T.);
#172=CARTESIAN_POINT('',(0.E0,0.E0,0.E0));
#173=DIRECTION('',(0.E0,1.E0,0.E0));
#174=DIRECTION('',(1.E0,0.E0,0.E0));
#175=AXIS2_PLACEMENT_3D('',#172,#173,#174);
#176=PLANE('',#175);
#177=ORIENTED_EDGE('',*,*,#161,.T.);
#179=ORIENTED_EDGE('',*,*,#178,.T.);
#181=ORIENTED_EDGE('',*,*,#180,.T.);
#183=ORIENTED_EDGE('',*,*,#182,.T.);
#185=ORIENTED_EDGE('',*,*,#184,.T.);
#186=EDGE_LOOP('',(#177,#179,#181,#183,#185));
#187=FACE_OUTER_BOUND('',#186,.F.);
#188=ADVANCED_FACE('',(#187),#176,.F.);
#189=CARTESIAN_POINT('',(-1.E0,0.E0,-6.25E-1));
#190=DIRECTION('',(7.071067811865E-1,0.E0,7.071067811865E-1));
#191=DIRECTION('',(7.071067811865E-1,0.E0,-7.071067811865E-1));
#192=AXIS2_PLACEMENT_3D('',#189,#190,#191);
#193=PLANE('',#192);
#194=ORIENTED_EDGE('',*,*,#178,.F.);
#195=ORIENTED_EDGE('',*,*,#167,.T.);
#197=ORIENTED_EDGE('',*,*,#196,.T.);
#199=ORIENTED_EDGE('',*,*,#198,.F.);
#200=EDGE_LOOP('',(#194,#195,#197,#199));
#201=FACE_OUTER_BOUND('',#200,.F.);
#202=ADVANCED_FACE('',(#201),#193,.T.);
#203=CARTESIAN_POINT('',(0.E0,2.E-1,0.E0));
#204=DIRECTION('',(0.E0,1.E0,0.E0));
#205=DIRECTION('',(1.E0,0.E0,0.E0));
#206=AXIS2_PLACEMENT_3D('',#203,#204,#205);
#207=PLANE('',#206);
#208=ORIENTED_EDGE('',*,*,#165,.F.);
#210=ORIENTED_EDGE('',*,*,#209,.F.);
#212=ORIENTED_EDGE('',*,*,#211,.F.);
#214=ORIENTED_EDGE('',*,*,#213,.F.);
#215=ORIENTED_EDGE('',*,*,#196,.F.);
#216=EDGE_LOOP('',(#208,#210,#212,#214,#215));
#217=FACE_OUTER_BOUND('',#216,.F.);
#218=ADVANCED_FACE('',(#217),#207,.T.);
#219=CARTESIAN_POINT('',(-1.35E0,0.E0,-8.75E-1));
#220=DIRECTION('',(-1.E0,0.E0,0.E0));
#221=DIRECTION('',(0.E0,0.E0,1.E0));
#222=AXIS2_PLACEMENT_3D('',#219,#220,#221);
#223=PLANE('',#222);
#224=ORIENTED_EDGE('',*,*,#184,.F.);
#226=ORIENTED_EDGE('',*,*,#225,.T.);
#227=ORIENTED_EDGE('',*,*,#209,.T.);
#228=ORIENTED_EDGE('',*,*,#163,.F.);
#229=EDGE_LOOP('',(#224,#226,#227,#228));
#230=FACE_OUTER_BOUND('',#229,.F.);
#231=ADVANCED_FACE('',(#230),#223,.T.);
#232=FILL_AREA_STYLE_COLOUR('',#20);
#233=FILL_AREA_STYLE('',(#232));
#234=SURFACE_STYLE_FILL_AREA(#233);
#235=SURFACE_SIDE_STYLE('',(#234));
#236=SURFACE_STYLE_USAGE(.POSITIVE.,#235);
#237=FILL_AREA_STYLE_COLOUR('',#22);
#238=FILL_AREA_STYLE('',(#237));
#239=SURFACE_STYLE_FILL_AREA(#238);
#240=SURFACE_SIDE_STYLE('',(#239));
#241=SURFACE_STYLE_USAGE(.NEGATIVE.,#240);
#242=PRESENTATION_STYLE_ASSIGNMENT((#236,#241));
#243=OVER_RIDING_STYLED_ITEM('',(#242),#231,#29);
#244=CARTESIAN_POINT('',(-8.75E-1,0.E0,-8.75E-1));
#245=DIRECTION('',(0.E0,0.E0,-1.E0));
#246=DIRECTION('',(-1.E0,0.E0,0.E0));
#247=AXIS2_PLACEMENT_3D('',#244,#245,#246);
#248=PLANE('',#247);
#249=ORIENTED_EDGE('',*,*,#182,.F.);
#251=ORIENTED_EDGE('',*,*,#250,.T.);
#252=ORIENTED_EDGE('',*,*,#211,.T.);
#253=ORIENTED_EDGE('',*,*,#225,.F.);
#254=EDGE_LOOP('',(#249,#251,#252,#253));
#255=FACE_OUTER_BOUND('',#254,.F.);
#256=ADVANCED_FACE('',(#255),#248,.T.);
#257=CARTESIAN_POINT('',(-8.75E-1,0.E0,-7.5E-1));
#258=DIRECTION('',(1.E0,0.E0,0.E0));
#259=DIRECTION('',(0.E0,0.E0,-1.E0));
#260=AXIS2_PLACEMENT_3D('',#257,#258,#259);
#261=PLANE('',#260);
#262=ORIENTED_EDGE('',*,*,#180,.F.);
#263=ORIENTED_EDGE('',*,*,#198,.T.);
#264=ORIENTED_EDGE('',*,*,#213,.T.);
#265=ORIENTED_EDGE('',*,*,#250,.F.);
#266=EDGE_LOOP('',(#262,#263,#264,#265));
#267=FACE_OUTER_BOUND('',#266,.F.);
#268=ADVANCED_FACE('',(#267),#261,.T.);
#269=CLOSED_SHELL('',(#171,#188,#202,#218,#231,#256,#268));
#270=MANIFOLD_SOLID_BREP('',#269);
#271=FILL_AREA_STYLE_COLOUR('',#22);
#272=FILL_AREA_STYLE('',(#271));
#273=SURFACE_STYLE_FILL_AREA(#272);
#274=SURFACE_SIDE_STYLE('',(#273));
#275=SURFACE_STYLE_USAGE(.BOTH.,#274);
#276=PRESENTATION_STYLE_ASSIGNMENT((#275));
#29=STYLED_ITEM('',(#276),#270);
#278=DIRECTION('',(0.E0,1.E0,0.E0));
#279=VECTOR('',#278,2.E-1);
#280=CARTESIAN_POINT('',(-1.E0,0.E0,-1.25E-1));
#281=LINE('',#280,#279);
#282=CURVE_STYLE('',#34,POSITIVE_LENGTH_MEASURE(2.E-2),#22);
#283=PRESENTATION_STYLE_ASSIGNMENT((#282));
#284=STYLED_ITEM('',(#283),#281);
#285=CARTESIAN_POINT('',(-1.E0,0.E0,-2.5E-1));
#286=DIRECTION('',(0.E0,1.E0,0.E0));
#287=DIRECTION('',(0.E0,0.E0,1.E0));
#288=AXIS2_PLACEMENT_3D('',#285,#286,#287);
#290=CURVE_STYLE('',#34,POSITIVE_LENGTH_MEASURE(2.E-2),#22);
#291=PRESENTATION_STYLE_ASSIGNMENT((#290));
#292=STYLED_ITEM('',(#291),#289);
#293=DIRECTION('',(-1.E0,0.E0,0.E0));
#294=VECTOR('',#293,3.5E-1);
#295=CARTESIAN_POINT('',(-1.E0,0.E0,-3.75E-1));
#296=LINE('',#295,#294);
#297=CURVE_STYLE('',#34,POSITIVE_LENGTH_MEASURE(2.E-2),#22);
#298=PRESENTATION_STYLE_ASSIGNMENT((#297));
#299=STYLED_ITEM('',(#298),#296);
#300=DIRECTION('',(0.E0,0.E0,1.E0));
#301=VECTOR('',#300,2.5E-1);
#302=CARTESIAN_POINT('',(-1.35E0,0.E0,-3.75E-1));
#303=LINE('',#302,#301);
#304=CURVE_STYLE('',#34,POSITIVE_LENGTH_MEASURE(2.E-2),#22);
#305=PRESENTATION_STYLE_ASSIGNMENT((#304));
#306=STYLED_ITEM('',(#305),#303);
#307=DIRECTION('',(1.E0,0.E0,0.E0));
#308=VECTOR('',#307,3.5E-1);
#309=CARTESIAN_POINT('',(-1.35E0,0.E0,-1.25E-1));
#310=LINE('',#309,#308);
#311=CURVE_STYLE('',#34,POSITIVE_LENGTH_MEASURE(2.E-2),#22);
#312=PRESENTATION_STYLE_ASSIGNMENT((#311));
#313=STYLED_ITEM('',(#312),#310);
#314=DIRECTION('',(0.E0,1.E0,0.E0));
#315=VECTOR('',#314,2.E-1);
#316=CARTESIAN_POINT('',(-1.E0,0.E0,-3.75E-1));
#317=LINE('',#316,#315);
#318=CURVE_STYLE('',#34,POSITIVE_LENGTH_MEASURE(2.E-2),#22);
#319=PRESENTATION_STYLE_ASSIGNMENT((#318));
#320=STYLED_ITEM('',(#319),#317);
#321=CARTESIAN_POINT('',(-1.E0,2.E-1,-2.5E-1));
#322=DIRECTION('',(0.E0,1.E0,0.E0));
#323=DIRECTION('',(0.E0,0.E0,1.E0));
#324=AXIS2_PLACEMENT_3D('',#321,#322,#323);
#326=CURVE_STYLE('',#34,POSITIVE_LENGTH_MEASURE(2.E-2),#22);
#327=PRESENTATION_STYLE_ASSIGNMENT((#326));
#328=STYLED_ITEM('',(#327),#325);
#329=DIRECTION('',(1.E0,0.E0,0.E0));
#330=VECTOR('',#329,3.5E-1);
#331=CARTESIAN_POINT('',(-1.35E0,2.E-1,-1.25E-1));
#332=LINE('',#331,#330);
#333=CURVE_STYLE('',#34,POSITIVE_LENGTH_MEASURE(2.E-2),#22);
#334=PRESENTATION_STYLE_ASSIGNMENT((#333));
#335=STYLED_ITEM('',(#334),#332);
#336=DIRECTION('',(0.E0,0.E0,1.E0));
#337=VECTOR('',#336,2.5E-1);
#338=CARTESIAN_POINT('',(-1.35E0,2.E-1,-3.75E-1));
#339=LINE('',#338,#337);
#340=CURVE_STYLE('',#34,POSITIVE_LENGTH_MEASURE(2.E-2),#22);
#341=PRESENTATION_STYLE_ASSIGNMENT((#340));
#342=STYLED_ITEM('',(#341),#339);
#343=DIRECTION('',(-1.E0,0.E0,0.E0));
#344=VECTOR('',#343,3.5E-1);
#345=CARTESIAN_POINT('',(-1.E0,2.E-1,-3.75E-1));
#346=LINE('',#345,#344);
#347=CURVE_STYLE('',#34,POSITIVE_LENGTH_MEASURE(2.E-2),#22);
#348=PRESENTATION_STYLE_ASSIGNMENT((#347));
#349=STYLED_ITEM('',(#348),#346);
#350=DIRECTION('',(0.E0,1.E0,0.E0));
#351=VECTOR('',#350,2.E-1);
#352=CARTESIAN_POINT('',(-1.35E0,0.E0,-1.25E-1));
#353=LINE('',#352,#351);
#354=CURVE_STYLE('',#34,POSITIVE_LENGTH_MEASURE(2.E-2),#22);
#355=PRESENTATION_STYLE_ASSIGNMENT((#354));
#356=STYLED_ITEM('',(#355),#353);
#357=DIRECTION('',(0.E0,1.E0,0.E0));
#358=VECTOR('',#357,2.E-1);
#359=CARTESIAN_POINT('',(-1.35E0,0.E0,-3.75E-1));
#360=LINE('',#359,#358);
#361=CURVE_STYLE('',#34,POSITIVE_LENGTH_MEASURE(2.E-2),#22);
#362=PRESENTATION_STYLE_ASSIGNMENT((#361));
#363=STYLED_ITEM('',(#362),#360);
#364=CARTESIAN_POINT('',(-1.E0,0.E0,-1.25E-1));
#365=CARTESIAN_POINT('',(-1.E0,0.E0,-3.75E-1));
#366=VERTEX_POINT('',#364);
#367=VERTEX_POINT('',#365);
#368=CARTESIAN_POINT('',(-1.35E0,0.E0,-3.75E-1));
#369=VERTEX_POINT('',#368);
#370=CARTESIAN_POINT('',(-1.35E0,0.E0,-1.25E-1));
#371=VERTEX_POINT('',#370);
#372=CARTESIAN_POINT('',(-1.E0,2.E-1,-1.25E-1));
#373=CARTESIAN_POINT('',(-1.E0,2.E-1,-3.75E-1));
#374=VERTEX_POINT('',#372);
#375=VERTEX_POINT('',#373);
#376=CARTESIAN_POINT('',(-1.35E0,2.E-1,-3.75E-1));
#377=VERTEX_POINT('',#376);
#378=CARTESIAN_POINT('',(-1.35E0,2.E-1,-1.25E-1));
#379=VERTEX_POINT('',#378);
#380=CARTESIAN_POINT('',(-1.E0,0.E0,-2.5E-1));
#381=DIRECTION('',(0.E0,1.E0,0.E0));
#382=DIRECTION('',(1.E0,0.E0,0.E0));
#383=AXIS2_PLACEMENT_3D('',#380,#381,#382);
#384=CYLINDRICAL_SURFACE('',#383,1.25E-1);
#386=ORIENTED_EDGE('',*,*,#385,.F.);
#388=ORIENTED_EDGE('',*,*,#387,.T.);
#390=ORIENTED_EDGE('',*,*,#389,.T.);
#392=ORIENTED_EDGE('',*,*,#391,.F.);
#393=EDGE_LOOP('',(#386,#388,#390,#392));
#394=FACE_OUTER_BOUND('',#393,.F.);
#395=ADVANCED_FACE('',(#394),#384,.T.);
#396=CARTESIAN_POINT('',(0.E0,0.E0,0.E0));
#397=DIRECTION('',(0.E0,1.E0,0.E0));
#398=DIRECTION('',(1.E0,0.E0,0.E0));
#399=AXIS2_PLACEMENT_3D('',#396,#397,#398);
#400=PLANE('',#399);
#401=ORIENTED_EDGE('',*,*,#385,.T.);
#403=ORIENTED_EDGE('',*,*,#402,.T.);
#405=ORIENTED_EDGE('',*,*,#404,.T.);
#407=ORIENTED_EDGE('',*,*,#406,.T.);
#408=EDGE_LOOP('',(#401,#403,#405,#407));
#409=FACE_OUTER_BOUND('',#408,.F.);
#410=ADVANCED_FACE('',(#409),#400,.F.);
#411=CARTESIAN_POINT('',(-1.E0,0.E0,-3.75E-1));
#412=DIRECTION('',(0.E0,0.E0,-1.E0));
#413=DIRECTION('',(-1.E0,0.E0,0.E0));
#414=AXIS2_PLACEMENT_3D('',#411,#412,#413);
#415=PLANE('',#414);
#416=ORIENTED_EDGE('',*,*,#402,.F.);
#417=ORIENTED_EDGE('',*,*,#391,.T.);
#419=ORIENTED_EDGE('',*,*,#418,.T.);
#421=ORIENTED_EDGE('',*,*,#420,.F.);
#422=EDGE_LOOP('',(#416,#417,#419,#421));
#423=FACE_OUTER_BOUND('',#422,.F.);
#424=ADVANCED_FACE('',(#423),#415,.T.);
#425=CARTESIAN_POINT('',(0.E0,2.E-1,0.E0));
#426=DIRECTION('',(0.E0,1.E0,0.E0));
#427=DIRECTION('',(1.E0,0.E0,0.E0));
#428=AXIS2_PLACEMENT_3D('',#425,#426,#427);
#429=PLANE('',#428);
#430=ORIENTED_EDGE('',*,*,#389,.F.);
#432=ORIENTED_EDGE('',*,*,#431,.F.);
#434=ORIENTED_EDGE('',*,*,#433,.F.);
#435=ORIENTED_EDGE('',*,*,#418,.F.);
#436=EDGE_LOOP('',(#430,#432,#434,#435));
#437=FACE_OUTER_BOUND('',#436,.F.);
#438=ADVANCED_FACE('',(#437),#429,.T.);
#439=CARTESIAN_POINT('',(-1.35E0,0.E0,-1.25E-1));
#440=DIRECTION('',(0.E0,0.E0,1.E0));
#441=DIRECTION('',(1.E0,0.E0,0.E0));
#442=AXIS2_PLACEMENT_3D('',#439,#440,#441);
#443=PLANE('',#442);
#444=ORIENTED_EDGE('',*,*,#406,.F.);
#446=ORIENTED_EDGE('',*,*,#445,.T.);
#447=ORIENTED_EDGE('',*,*,#431,.T.);
#448=ORIENTED_EDGE('',*,*,#387,.F.);
#449=EDGE_LOOP('',(#444,#446,#447,#448));
#450=FACE_OUTER_BOUND('',#449,.F.);
#451=ADVANCED_FACE('',(#450),#443,.T.);
#452=CARTESIAN_POINT('',(-1.35E0,0.E0,-3.75E-1));
#453=DIRECTION('',(-1.E0,0.E0,0.E0));
#454=DIRECTION('',(0.E0,0.E0,1.E0));
#455=AXIS2_PLACEMENT_3D('',#452,#453,#454);
#456=PLANE('',#455);
#457=ORIENTED_EDGE('',*,*,#404,.F.);
#458=ORIENTED_EDGE('',*,*,#420,.T.);
#459=ORIENTED_EDGE('',*,*,#433,.T.);
#460=ORIENTED_EDGE('',*,*,#445,.F.);
#461=EDGE_LOOP('',(#457,#458,#459,#460));
#462=FACE_OUTER_BOUND('',#461,.F.);
#463=ADVANCED_FACE('',(#462),#456,.T.);
#464=FILL_AREA_STYLE_COLOUR('',#20);
#465=FILL_AREA_STYLE('',(#464));
#466=SURFACE_STYLE_FILL_AREA(#465);
#467=SURFACE_SIDE_STYLE('',(#466));
#468=SURFACE_STYLE_USAGE(.POSITIVE.,#467);
#469=PRESENTATION_STYLE_ASSIGNMENT((#468));
#470=OVER_RIDING_STYLED_ITEM('',(#469),#463,#277);
#471=CLOSED_SHELL('',(#395,#410,#424,#438,#451,#463));
#472=MANIFOLD_SOLID_BREP('',#471);
#473=FILL_AREA_STYLE_COLOUR('',#22);
#474=FILL_AREA_STYLE('',(#473));
#475=SURFACE_STYLE_FILL_AREA(#474);
#476=SURFACE_SIDE_STYLE('',(#475));
#477=SURFACE_STYLE_USAGE(.POSITIVE.,#476);
#478=PRESENTATION_STYLE_ASSIGNMENT((#477));
#277=STYLED_ITEM('',(#478),#472);
#480=DIRECTION('',(0.E0,1.E0,0.E0));
#481=VECTOR('',#480,2.E-1);
#482=CARTESIAN_POINT('',(-7.E-1,0.E0,3.75E-1));
#483=LINE('',#482,#481);
#484=CURVE_STYLE('',#34,POSITIVE_LENGTH_MEASURE(2.E-2),#22);
#485=PRESENTATION_STYLE_ASSIGNMENT((#484));
#486=STYLED_ITEM('',(#485),#483);
#487=CARTESIAN_POINT('',(-7.E-1,0.E0,2.5E-1));
#488=DIRECTION('',(0.E0,1.E0,0.E0));
#489=DIRECTION('',(0.E0,0.E0,1.E0));
#490=AXIS2_PLACEMENT_3D('',#487,#488,#489);
#492=CURVE_STYLE('',#34,POSITIVE_LENGTH_MEASURE(2.E-2),#22);
#493=PRESENTATION_STYLE_ASSIGNMENT((#492));
#494=STYLED_ITEM('',(#493),#491);
#495=DIRECTION('',(-1.E0,0.E0,0.E0));
#496=VECTOR('',#495,6.5E-1);
#497=CARTESIAN_POINT('',(-7.E-1,0.E0,1.25E-1));
#498=LINE('',#497,#496);
#499=CURVE_STYLE('',#34,POSITIVE_LENGTH_MEASURE(2.E-2),#22);
#500=PRESENTATION_STYLE_ASSIGNMENT((#499));
#501=STYLED_ITEM('',(#500),#498);
#502=DIRECTION('',(0.E0,0.E0,1.E0));
#503=VECTOR('',#502,2.5E-1);
#504=CARTESIAN_POINT('',(-1.35E0,0.E0,1.25E-1));
#505=LINE('',#504,#503);
#506=CURVE_STYLE('',#34,POSITIVE_LENGTH_MEASURE(2.E-2),#22);
#507=PRESENTATION_STYLE_ASSIGNMENT((#506));
#508=STYLED_ITEM('',(#507),#505);
#509=DIRECTION('',(1.E0,0.E0,0.E0));
#510=VECTOR('',#509,6.5E-1);
#511=CARTESIAN_POINT('',(-1.35E0,0.E0,3.75E-1));
#512=LINE('',#511,#510);
#513=CURVE_STYLE('',#34,POSITIVE_LENGTH_MEASURE(2.E-2),#22);
#514=PRESENTATION_STYLE_ASSIGNMENT((#513));
#515=STYLED_ITEM('',(#514),#512);
#516=DIRECTION('',(0.E0,1.E0,0.E0));
#517=VECTOR('',#516,2.E-1);
#518=CARTESIAN_POINT('',(-7.E-1,0.E0,1.25E-1));
#519=LINE('',#518,#517);
#520=CURVE_STYLE('',#34,POSITIVE_LENGTH_MEASURE(2.E-2),#22);
#521=PRESENTATION_STYLE_ASSIGNMENT((#520));
#522=STYLED_ITEM('',(#521),#519);
#523=CARTESIAN_POINT('',(-7.E-1,2.E-1,2.5E-1));
#524=DIRECTION('',(0.E0,1.E0,0.E0));
#525=DIRECTION('',(0.E0,0.E0,1.E0));
#526=AXIS2_PLACEMENT_3D('',#523,#524,#525);
#528=CURVE_STYLE('',#34,POSITIVE_LENGTH_MEASURE(2.E-2),#22);
#529=PRESENTATION_STYLE_ASSIGNMENT((#528));
#530=STYLED_ITEM('',(#529),#527);
#531=DIRECTION('',(1.E0,0.E0,0.E0));
#532=VECTOR('',#531,6.5E-1);
#533=CARTESIAN_POINT('',(-1.35E0,2.E-1,3.75E-1));
#534=LINE('',#533,#532);
#535=CURVE_STYLE('',#34,POSITIVE_LENGTH_MEASURE(2.E-2),#22);
#536=PRESENTATION_STYLE_ASSIGNMENT((#535));
#537=STYLED_ITEM('',(#536),#534);
#538=DIRECTION('',(0.E0,0.E0,1.E0));
#539=VECTOR('',#538,2.5E-1);
#540=CARTESIAN_POINT('',(-1.35E0,2.E-1,1.25E-1));
#541=LINE('',#540,#539);
#542=CURVE_STYLE('',#34,POSITIVE_LENGTH_MEASURE(2.E-2),#22);
#543=PRESENTATION_STYLE_ASSIGNMENT((#542));
#544=STYLED_ITEM('',(#543),#541);
#545=DIRECTION('',(-1.E0,0.E0,0.E0));
#546=VECTOR('',#545,6.5E-1);
#547=CARTESIAN_POINT('',(-7.E-1,2.E-1,1.25E-1));
#548=LINE('',#547,#546);
#549=CURVE_STYLE('',#34,POSITIVE_LENGTH_MEASURE(2.E-2),#22);
#550=PRESENTATION_STYLE_ASSIGNMENT((#549));
#551=STYLED_ITEM('',(#550),#548);
#552=DIRECTION('',(0.E0,1.E0,0.E0));
#553=VECTOR('',#552,2.E-1);
#554=CARTESIAN_POINT('',(-1.35E0,0.E0,3.75E-1));
#555=LINE('',#554,#553);
#556=CURVE_STYLE('',#34,POSITIVE_LENGTH_MEASURE(2.E-2),#22);
#557=PRESENTATION_STYLE_ASSIGNMENT((#556));
#558=STYLED_ITEM('',(#557),#555);
#559=DIRECTION('',(0.E0,1.E0,0.E0));
#560=VECTOR('',#559,2.E-1);
#561=CARTESIAN_POINT('',(-1.35E0,0.E0,1.25E-1));
#562=LINE('',#561,#560);
#563=CURVE_STYLE('',#34,POSITIVE_LENGTH_MEASURE(2.E-2),#22);
#564=PRESENTATION_STYLE_ASSIGNMENT((#563));
#565=STYLED_ITEM('',(#564),#562);
#566=CARTESIAN_POINT('',(-7.E-1,0.E0,3.75E-1));
#567=CARTESIAN_POINT('',(-7.E-1,0.E0,1.25E-1));
#568=VERTEX_POINT('',#566);
#569=VERTEX_POINT('',#567);
#570=CARTESIAN_POINT('',(-1.35E0,0.E0,1.25E-1));
#571=VERTEX_POINT('',#570);
#572=CARTESIAN_POINT('',(-1.35E0,0.E0,3.75E-1));
#573=VERTEX_POINT('',#572);
#574=CARTESIAN_POINT('',(-7.E-1,2.E-1,3.75E-1));
#575=CARTESIAN_POINT('',(-7.E-1,2.E-1,1.25E-1));
#576=VERTEX_POINT('',#574);
#577=VERTEX_POINT('',#575);
#578=CARTESIAN_POINT('',(-1.35E0,2.E-1,1.25E-1));
#579=VERTEX_POINT('',#578);
#580=CARTESIAN_POINT('',(-1.35E0,2.E-1,3.75E-1));
#581=VERTEX_POINT('',#580);
#582=CARTESIAN_POINT('',(-7.E-1,0.E0,2.5E-1));
#583=DIRECTION('',(0.E0,1.E0,0.E0));
#584=DIRECTION('',(1.E0,0.E0,0.E0));
#585=AXIS2_PLACEMENT_3D('',#582,#583,#584);
#586=CYLINDRICAL_SURFACE('',#585,1.25E-1);
#588=ORIENTED_EDGE('',*,*,#587,.F.);
#590=ORIENTED_EDGE('',*,*,#589,.T.);
#592=ORIENTED_EDGE('',*,*,#591,.T.);
#594=ORIENTED_EDGE('',*,*,#593,.F.);
#595=EDGE_LOOP('',(#588,#590,#592,#594));
#596=FACE_OUTER_BOUND('',#595,.F.);
#597=ADVANCED_FACE('',(#596),#586,.T.);
#598=CARTESIAN_POINT('',(0.E0,0.E0,0.E0));
#599=DIRECTION('',(0.E0,1.E0,0.E0));
#600=DIRECTION('',(1.E0,0.E0,0.E0));
#601=AXIS2_PLACEMENT_3D('',#598,#599,#600);
#602=PLANE('',#601);
#603=ORIENTED_EDGE('',*,*,#587,.T.);
#605=ORIENTED_EDGE('',*,*,#604,.T.);
#607=ORIENTED_EDGE('',*,*,#606,.T.);
#609=ORIENTED_EDGE('',*,*,#608,.T.);
#610=EDGE_LOOP('',(#603,#605,#607,#609));
#611=FACE_OUTER_BOUND('',#610,.F.);
#612=ADVANCED_FACE('',(#611),#602,.F.);
#613=CARTESIAN_POINT('',(-7.E-1,0.E0,1.25E-1));
#614=DIRECTION('',(0.E0,0.E0,-1.E0));
#615=DIRECTION('',(-1.E0,0.E0,0.E0));
#616=AXIS2_PLACEMENT_3D('',#613,#614,#615);
#617=PLANE('',#616);
#618=ORIENTED_EDGE('',*,*,#604,.F.);
#619=ORIENTED_EDGE('',*,*,#593,.T.);
#621=ORIENTED_EDGE('',*,*,#620,.T.);
#623=ORIENTED_EDGE('',*,*,#622,.F.);
#624=EDGE_LOOP('',(#618,#619,#621,#623));
#625=FACE_OUTER_BOUND('',#624,.F.);
#626=ADVANCED_FACE('',(#625),#617,.T.);
#627=CARTESIAN_POINT('',(0.E0,2.E-1,0.E0));
#628=DIRECTION('',(0.E0,1.E0,0.E0));
#629=DIRECTION('',(1.E0,0.E0,0.E0));
#630=AXIS2_PLACEMENT_3D('',#627,#628,#629);
#631=PLANE('',#630);
#632=ORIENTED_EDGE('',*,*,#591,.F.);
#634=ORIENTED_EDGE('',*,*,#633,.F.);
#636=ORIENTED_EDGE('',*,*,#635,.F.);
#637=ORIENTED_EDGE('',*,*,#620,.F.);
#638=EDGE_LOOP('',(#632,#634,#636,#637));
#639=FACE_OUTER_BOUND('',#638,.F.);
#640=ADVANCED_FACE('',(#639),#631,.T.);
#641=CARTESIAN_POINT('',(-1.35E0,0.E0,3.75E-1));
#642=DIRECTION('',(0.E0,0.E0,1.E0));
#643=DIRECTION('',(1.E0,0.E0,0.E0));
#644=AXIS2_PLACEMENT_3D('',#641,#642,#643);
#645=PLANE('',#644);
#646=ORIENTED_EDGE('',*,*,#608,.F.);
#648=ORIENTED_EDGE('',*,*,#647,.T.);
#649=ORIENTED_EDGE('',*,*,#633,.T.);
#650=ORIENTED_EDGE('',*,*,#589,.F.);
#651=EDGE_LOOP('',(#646,#648,#649,#650));
#652=FACE_OUTER_BOUND('',#651,.F.);
#653=ADVANCED_FACE('',(#652),#645,.T.);
#654=CARTESIAN_POINT('',(-1.35E0,0.E0,1.25E-1));
#655=DIRECTION('',(-1.E0,0.E0,0.E0));
#656=DIRECTION('',(0.E0,0.E0,1.E0));
#657=AXIS2_PLACEMENT_3D('',#654,#655,#656);
#658=PLANE('',#657);
#659=ORIENTED_EDGE('',*,*,#606,.F.);
#660=ORIENTED_EDGE('',*,*,#622,.T.);
#661=ORIENTED_EDGE('',*,*,#635,.T.);
#662=ORIENTED_EDGE('',*,*,#647,.F.);
#663=EDGE_LOOP('',(#659,#660,#661,#662));
#664=FACE_OUTER_BOUND('',#663,.F.);
#665=ADVANCED_FACE('',(#664),#658,.T.);
#666=FILL_AREA_STYLE_COLOUR('',#20);
#667=FILL_AREA_STYLE('',(#666));
#668=SURFACE_STYLE_FILL_AREA(#667);
#669=SURFACE_SIDE_STYLE('',(#668));
#670=SURFACE_STYLE_USAGE(.POSITIVE.,#669);
#671=PRESENTATION_STYLE_ASSIGNMENT((#670));
#672=OVER_RIDING_STYLED_ITEM('',(#671),#665,#479);
#673=CLOSED_SHELL('',(#597,#612,#626,#640,#653,#665));
#674=MANIFOLD_SOLID_BREP('',#673);
#675=FILL_AREA_STYLE_COLOUR('',#22);
#676=FILL_AREA_STYLE('',(#675));
#677=SURFACE_STYLE_FILL_AREA(#676);
#678=SURFACE_SIDE_STYLE('',(#677));
#679=SURFACE_STYLE_USAGE(.POSITIVE.,#678);
#680=PRESENTATION_STYLE_ASSIGNMENT((#679));
#479=STYLED_ITEM('',(#680),#674);
#682=DIRECTION('',(0.E0,1.E0,0.E0));
#683=VECTOR('',#682,2.E-1);
#684=CARTESIAN_POINT('',(-1.E0,0.E0,8.75E-1));
#685=LINE('',#684,#683);
#686=CURVE_STYLE('',#34,POSITIVE_LENGTH_MEASURE(2.E-2),#22);
#687=PRESENTATION_STYLE_ASSIGNMENT((#686));
#688=STYLED_ITEM('',(#687),#685);
#689=CARTESIAN_POINT('',(-1.E0,0.E0,7.5E-1));
#690=DIRECTION('',(0.E0,1.E0,0.E0));
#691=DIRECTION('',(0.E0,0.E0,1.E0));
#692=AXIS2_PLACEMENT_3D('',#689,#690,#691);
#694=CURVE_STYLE('',#34,POSITIVE_LENGTH_MEASURE(2.E-2),#22);
#695=PRESENTATION_STYLE_ASSIGNMENT((#694));
#696=STYLED_ITEM('',(#695),#693);
#697=DIRECTION('',(-1.E0,0.E0,0.E0));
#698=VECTOR('',#697,3.5E-1);
#699=CARTESIAN_POINT('',(-1.E0,0.E0,6.25E-1));
#700=LINE('',#699,#698);
#701=CURVE_STYLE('',#34,POSITIVE_LENGTH_MEASURE(2.E-2),#22);
#702=PRESENTATION_STYLE_ASSIGNMENT((#701));
#703=STYLED_ITEM('',(#702),#700);
#704=DIRECTION('',(0.E0,0.E0,1.E0));
#705=VECTOR('',#704,2.5E-1);
#706=CARTESIAN_POINT('',(-1.35E0,0.E0,6.25E-1));
#707=LINE('',#706,#705);
#708=CURVE_STYLE('',#34,POSITIVE_LENGTH_MEASURE(2.E-2),#22);
#709=PRESENTATION_STYLE_ASSIGNMENT((#708));
#710=STYLED_ITEM('',(#709),#707);
#711=DIRECTION('',(1.E0,0.E0,0.E0));
#712=VECTOR('',#711,3.5E-1);
#713=CARTESIAN_POINT('',(-1.35E0,0.E0,8.75E-1));
#714=LINE('',#713,#712);
#715=CURVE_STYLE('',#34,POSITIVE_LENGTH_MEASURE(2.E-2),#22);
#716=PRESENTATION_STYLE_ASSIGNMENT((#715));
#717=STYLED_ITEM('',(#716),#714);
#718=DIRECTION('',(0.E0,1.E0,0.E0));
#719=VECTOR('',#718,2.E-1);
#720=CARTESIAN_POINT('',(-1.E0,0.E0,6.25E-1));
#721=LINE('',#720,#719);
#722=CURVE_STYLE('',#34,POSITIVE_LENGTH_MEASURE(2.E-2),#22);
#723=PRESENTATION_STYLE_ASSIGNMENT((#722));
#724=STYLED_ITEM('',(#723),#721);
#725=CARTESIAN_POINT('',(-1.E0,2.E-1,7.5E-1));
#726=DIRECTION('',(0.E0,1.E0,0.E0));
#727=DIRECTION('',(0.E0,0.E0,1.E0));
#728=AXIS2_PLACEMENT_3D('',#725,#726,#727);
#730=CURVE_STYLE('',#34,POSITIVE_LENGTH_MEASURE(2.E-2),#22);
#731=PRESENTATION_STYLE_ASSIGNMENT((#730));
#732=STYLED_ITEM('',(#731),#729);
#733=DIRECTION('',(1.E0,0.E0,0.E0));
#734=VECTOR('',#733,3.5E-1);
#735=CARTESIAN_POINT('',(-1.35E0,2.E-1,8.75E-1));
#736=LINE('',#735,#734);
#737=CURVE_STYLE('',#34,POSITIVE_LENGTH_MEASURE(2.E-2),#22);
#738=PRESENTATION_STYLE_ASSIGNMENT((#737));
#739=STYLED_ITEM('',(#738),#736);
#740=DIRECTION('',(0.E0,0.E0,1.E0));
#741=VECTOR('',#740,2.5E-1);
#742=CARTESIAN_POINT('',(-1.35E0,2.E-1,6.25E-1));
#743=LINE('',#742,#741);
#744=CURVE_STYLE('',#34,POSITIVE_LENGTH_MEASURE(2.E-2),#22);
#745=PRESENTATION_STYLE_ASSIGNMENT((#744));
#746=STYLED_ITEM('',(#745),#743);
#747=DIRECTION('',(-1.E0,0.E0,0.E0));
#748=VECTOR('',#747,3.5E-1);
#749=CARTESIAN_POINT('',(-1.E0,2.E-1,6.25E-1));
#750=LINE('',#749,#748);
#751=CURVE_STYLE('',#34,POSITIVE_LENGTH_MEASURE(2.E-2),#22);
#752=PRESENTATION_STYLE_ASSIGNMENT((#751));
#753=STYLED_ITEM('',(#752),#750);
#754=DIRECTION('',(0.E0,1.E0,0.E0));
#755=VECTOR('',#754,2.E-1);
#756=CARTESIAN_POINT('',(-1.35E0,0.E0,8.75E-1));
#757=LINE('',#756,#755);
#758=CURVE_STYLE('',#34,POSITIVE_LENGTH_MEASURE(2.E-2),#22);
#759=PRESENTATION_STYLE_ASSIGNMENT((#758));
#760=STYLED_ITEM('',(#759),#757);
#761=DIRECTION('',(0.E0,1.E0,0.E0));
#762=VECTOR('',#761,2.E-1);
#763=CARTESIAN_POINT('',(-1.35E0,0.E0,6.25E-1));
#764=LINE('',#763,#762);
#765=CURVE_STYLE('',#34,POSITIVE_LENGTH_MEASURE(2.E-2),#22);
#766=PRESENTATION_STYLE_ASSIGNMENT((#765));
#767=STYLED_ITEM('',(#766),#764);
#768=CARTESIAN_POINT('',(-1.E0,0.E0,8.75E-1));
#769=CARTESIAN_POINT('',(-1.E0,0.E0,6.25E-1));
#770=VERTEX_POINT('',#768);
#771=VERTEX_POINT('',#769);
#772=CARTESIAN_POINT('',(-1.35E0,0.E0,6.25E-1));
#773=VERTEX_POINT('',#772);
#774=CARTESIAN_POINT('',(-1.35E0,0.E0,8.75E-1));
#775=VERTEX_POINT('',#774);
#776=CARTESIAN_POINT('',(-1.E0,2.E-1,8.75E-1));
#777=CARTESIAN_POINT('',(-1.E0,2.E-1,6.25E-1));
#778=VERTEX_POINT('',#776);
#779=VERTEX_POINT('',#777);
#780=CARTESIAN_POINT('',(-1.35E0,2.E-1,6.25E-1));
#781=VERTEX_POINT('',#780);
#782=CARTESIAN_POINT('',(-1.35E0,2.E-1,8.75E-1));
#783=VERTEX_POINT('',#782);
#784=CARTESIAN_POINT('',(-1.E0,0.E0,7.5E-1));
#785=DIRECTION('',(0.E0,1.E0,0.E0));
#786=DIRECTION('',(1.E0,0.E0,0.E0));
#787=AXIS2_PLACEMENT_3D('',#784,#785,#786);
#788=CYLINDRICAL_SURFACE('',#787,1.25E-1);
#790=ORIENTED_EDGE('',*,*,#789,.F.);
#792=ORIENTED_EDGE('',*,*,#791,.T.);
#794=ORIENTED_EDGE('',*,*,#793,.T.);
#796=ORIENTED_EDGE('',*,*,#795,.F.);
#797=EDGE_LOOP('',(#790,#792,#794,#796));
#798=FACE_OUTER_BOUND('',#797,.F.);
#799=ADVANCED_FACE('',(#798),#788,.T.);
#800=CARTESIAN_POINT('',(0.E0,0.E0,0.E0));
#801=DIRECTION('',(0.E0,1.E0,0.E0));
#802=DIRECTION('',(1.E0,0.E0,0.E0));
#803=AXIS2_PLACEMENT_3D('',#800,#801,#802);
#804=PLANE('',#803);
#805=ORIENTED_EDGE('',*,*,#789,.T.);
#807=ORIENTED_EDGE('',*,*,#806,.T.);
#809=ORIENTED_EDGE('',*,*,#808,.T.);
#811=ORIENTED_EDGE('',*,*,#810,.T.);
#812=EDGE_LOOP('',(#805,#807,#809,#811));
#813=FACE_OUTER_BOUND('',#812,.F.);
#814=ADVANCED_FACE('',(#813),#804,.F.);
#815=CARTESIAN_POINT('',(-1.E0,0.E0,6.25E-1));
#816=DIRECTION('',(0.E0,0.E0,-1.E0));
#817=DIRECTION('',(-1.E0,0.E0,0.E0));
#818=AXIS2_PLACEMENT_3D('',#815,#816,#817);
#819=PLANE('',#818);
#820=ORIENTED_EDGE('',*,*,#806,.F.);
#821=ORIENTED_EDGE('',*,*,#795,.T.);
#823=ORIENTED_EDGE('',*,*,#822,.T.);
#825=ORIENTED_EDGE('',*,*,#824,.F.);
#826=EDGE_LOOP('',(#820,#821,#823,#825));
#827=FACE_OUTER_BOUND('',#826,.F.);
#828=ADVANCED_FACE('',(#827),#819,.T.);
#829=CARTESIAN_POINT('',(0.E0,2.E-1,0.E0));
#830=DIRECTION('',(0.E0,1.E0,0.E0));
#831=DIRECTION('',(1.E0,0.E0,0.E0));
#832=AXIS2_PLACEMENT_3D('',#829,#830,#831);
#833=PLANE('',#832);
#834=ORIENTED_EDGE('',*,*,#793,.F.);
#836=ORIENTED_EDGE('',*,*,#835,.F.);
#838=ORIENTED_EDGE('',*,*,#837,.F.);
#839=ORIENTED_EDGE('',*,*,#822,.F.);
#840=EDGE_LOOP('',(#834,#836,#838,#839));
#841=FACE_OUTER_BOUND('',#840,.F.);
#842=ADVANCED_FACE('',(#841),#833,.T.);
#843=CARTESIAN_POINT('',(-1.35E0,0.E0,8.75E-1));
#844=DIRECTION('',(0.E0,0.E0,1.E0));
#845=DIRECTION('',(1.E0,0.E0,0.E0));
#846=AXIS2_PLACEMENT_3D('',#843,#844,#845);
#847=PLANE('',#846);
#848=ORIENTED_EDGE('',*,*,#810,.F.);
#850=ORIENTED_EDGE('',*,*,#849,.T.);
#851=ORIENTED_EDGE('',*,*,#835,.T.);
#852=ORIENTED_EDGE('',*,*,#791,.F.);
#853=EDGE_LOOP('',(#848,#850,#851,#852));
#854=FACE_OUTER_BOUND('',#853,.F.);
#855=ADVANCED_FACE('',(#854),#847,.T.);
#856=CARTESIAN_POINT('',(-1.35E0,0.E0,6.25E-1));
#857=DIRECTION('',(-1.E0,0.E0,0.E0));
#858=DIRECTION('',(0.E0,0.E0,1.E0));
#859=AXIS2_PLACEMENT_3D('',#856,#857,#858);
#860=PLANE('',#859);
#861=ORIENTED_EDGE('',*,*,#808,.F.);
#862=ORIENTED_EDGE('',*,*,#824,.T.);
#863=ORIENTED_EDGE('',*,*,#837,.T.);
#864=ORIENTED_EDGE('',*,*,#849,.F.);
#865=EDGE_LOOP('',(#861,#862,#863,#864));
#866=FACE_OUTER_BOUND('',#865,.F.);
#867=ADVANCED_FACE('',(#866),#860,.T.);
#868=FILL_AREA_STYLE_COLOUR('',#20);
#869=FILL_AREA_STYLE('',(#868));
#870=SURFACE_STYLE_FILL_AREA(#869);
#871=SURFACE_SIDE_STYLE('',(#870));
#872=SURFACE_STYLE_USAGE(.POSITIVE.,#871);
#873=PRESENTATION_STYLE_ASSIGNMENT((#872));
#874=OVER_RIDING_STYLED_ITEM('',(#873),#867,#681);
#875=CLOSED_SHELL('',(#799,#814,#828,#842,#855,#867));
#876=MANIFOLD_SOLID_BREP('',#875);
#877=FILL_AREA_STYLE_COLOUR('',#22);
#878=FILL_AREA_STYLE('',(#877));
#879=SURFACE_STYLE_FILL_AREA(#878);
#880=SURFACE_SIDE_STYLE('',(#879));
#881=SURFACE_STYLE_USAGE(.POSITIVE.,#880);
#882=PRESENTATION_STYLE_ASSIGNMENT((#881));
#681=STYLED_ITEM('',(#882),#876);
#884=DIRECTION('',(0.E0,1.E0,0.E0));
#885=VECTOR('',#884,2.E-1);
#886=CARTESIAN_POINT('',(-6.25E-1,0.E0,1.15E0));
#887=LINE('',#886,#885);
#888=CURVE_STYLE('',#34,POSITIVE_LENGTH_MEASURE(2.E-2),#22);
#889=PRESENTATION_STYLE_ASSIGNMENT((#888));
#890=STYLED_ITEM('',(#889),#887);
#891=DIRECTION('',(1.E0,0.E0,0.E0));
#892=VECTOR('',#891,2.5E-1);
#893=CARTESIAN_POINT('',(-6.25E-1,0.E0,1.15E0));
#894=LINE('',#893,#892);
#895=CURVE_STYLE('',#34,POSITIVE_LENGTH_MEASURE(2.E-2),#22);
#896=PRESENTATION_STYLE_ASSIGNMENT((#895));
#897=STYLED_ITEM('',(#896),#894);
#898=DIRECTION('',(0.E0,0.E0,-1.E0));
#899=VECTOR('',#898,3.E-1);
#900=CARTESIAN_POINT('',(-3.75E-1,0.E0,1.15E0));
#901=LINE('',#900,#899);
#902=CURVE_STYLE('',#34,POSITIVE_LENGTH_MEASURE(2.E-2),#22);
#903=PRESENTATION_STYLE_ASSIGNMENT((#902));
#904=STYLED_ITEM('',(#903),#901);
#905=CARTESIAN_POINT('',(-5.E-1,0.E0,8.5E-1));
#906=DIRECTION('',(0.E0,1.E0,0.E0));
#907=DIRECTION('',(1.E0,0.E0,0.E0));
#908=AXIS2_PLACEMENT_3D('',#905,#906,#907);
#910=CURVE_STYLE('',#34,POSITIVE_LENGTH_MEASURE(2.E-2),#22);
#911=PRESENTATION_STYLE_ASSIGNMENT((#910));
#912=STYLED_ITEM('',(#911),#909);
#913=DIRECTION('',(0.E0,0.E0,1.E0));
#914=VECTOR('',#913,3.E-1);
#915=CARTESIAN_POINT('',(-6.25E-1,0.E0,8.5E-1));
#916=LINE('',#915,#914);
#917=CURVE_STYLE('',#34,POSITIVE_LENGTH_MEASURE(2.E-2),#22);
#918=PRESENTATION_STYLE_ASSIGNMENT((#917));
#919=STYLED_ITEM('',(#918),#916);
#920=DIRECTION('',(0.E0,1.E0,0.E0));
#921=VECTOR('',#920,2.E-1);
#922=CARTESIAN_POINT('',(-3.75E-1,0.E0,1.15E0));
#923=LINE('',#922,#921);
#924=CURVE_STYLE('',#34,POSITIVE_LENGTH_MEASURE(2.E-2),#22);
#925=PRESENTATION_STYLE_ASSIGNMENT((#924));
#926=STYLED_ITEM('',(#925),#923);
#927=DIRECTION('',(1.E0,0.E0,0.E0));
#928=VECTOR('',#927,2.5E-1);
#929=CARTESIAN_POINT('',(-6.25E-1,2.E-1,1.15E0));
#930=LINE('',#929,#928);
#931=CURVE_STYLE('',#34,POSITIVE_LENGTH_MEASURE(2.E-2),#22);
#932=PRESENTATION_STYLE_ASSIGNMENT((#931));
#933=STYLED_ITEM('',(#932),#930);
#934=DIRECTION('',(0.E0,0.E0,1.E0));
#935=VECTOR('',#934,3.E-1);
#936=CARTESIAN_POINT('',(-6.25E-1,2.E-1,8.5E-1));
#937=LINE('',#936,#935);
#938=CURVE_STYLE('',#34,POSITIVE_LENGTH_MEASURE(2.E-2),#22);
#939=PRESENTATION_STYLE_ASSIGNMENT((#938));
#940=STYLED_ITEM('',(#939),#937);
#941=CARTESIAN_POINT('',(-5.E-1,2.E-1,8.5E-1));
#942=DIRECTION('',(0.E0,1.E0,0.E0));
#943=DIRECTION('',(1.E0,0.E0,0.E0));
#944=AXIS2_PLACEMENT_3D('',#941,#942,#943);
#946=CURVE_STYLE('',#34,POSITIVE_LENGTH_MEASURE(2.E-2),#22);
#947=PRESENTATION_STYLE_ASSIGNMENT((#946));
#948=STYLED_ITEM('',(#947),#945);
#949=DIRECTION('',(0.E0,0.E0,-1.E0));
#950=VECTOR('',#949,3.E-1);
#951=CARTESIAN_POINT('',(-3.75E-1,2.E-1,1.15E0));
#952=LINE('',#951,#950);
#953=CURVE_STYLE('',#34,POSITIVE_LENGTH_MEASURE(2.E-2),#22);
#954=PRESENTATION_STYLE_ASSIGNMENT((#953));
#955=STYLED_ITEM('',(#954),#952);
#956=DIRECTION('',(0.E0,1.E0,0.E0));
#957=VECTOR('',#956,2.E-1);
#958=CARTESIAN_POINT('',(-6.25E-1,0.E0,8.5E-1));
#959=LINE('',#958,#957);
#960=CURVE_STYLE('',#34,POSITIVE_LENGTH_MEASURE(2.E-2),#22);
#961=PRESENTATION_STYLE_ASSIGNMENT((#960));
#962=STYLED_ITEM('',(#961),#959);
#963=DIRECTION('',(0.E0,1.E0,0.E0));
#964=VECTOR('',#963,2.E-1);
#965=CARTESIAN_POINT('',(-3.75E-1,0.E0,8.5E-1));
#966=LINE('',#965,#964);
#967=CURVE_STYLE('',#34,POSITIVE_LENGTH_MEASURE(2.E-2),#22);
#968=PRESENTATION_STYLE_ASSIGNMENT((#967));
#969=STYLED_ITEM('',(#968),#966);
#970=CARTESIAN_POINT('',(-6.25E-1,0.E0,1.15E0));
#971=CARTESIAN_POINT('',(-3.75E-1,0.E0,1.15E0));
#972=VERTEX_POINT('',#970);
#973=VERTEX_POINT('',#971);
#974=CARTESIAN_POINT('',(-3.75E-1,0.E0,8.5E-1));
#975=VERTEX_POINT('',#974);
#976=CARTESIAN_POINT('',(-6.25E-1,0.E0,8.5E-1));
#977=VERTEX_POINT('',#976);
#978=CARTESIAN_POINT('',(-6.25E-1,2.E-1,1.15E0));
#979=CARTESIAN_POINT('',(-3.75E-1,2.E-1,1.15E0));
#980=VERTEX_POINT('',#978);
#981=VERTEX_POINT('',#979);
#982=CARTESIAN_POINT('',(-3.75E-1,2.E-1,8.5E-1));
#983=VERTEX_POINT('',#982);
#984=CARTESIAN_POINT('',(-6.25E-1,2.E-1,8.5E-1));
#985=VERTEX_POINT('',#984);
#986=CARTESIAN_POINT('',(-6.25E-1,0.E0,1.15E0));
#987=DIRECTION('',(0.E0,0.E0,1.E0));
#988=DIRECTION('',(1.E0,0.E0,0.E0));
#989=AXIS2_PLACEMENT_3D('',#986,#987,#988);
#990=PLANE('',#989);
#992=ORIENTED_EDGE('',*,*,#991,.F.);
#994=ORIENTED_EDGE('',*,*,#993,.T.);
#996=ORIENTED_EDGE('',*,*,#995,.T.);
#998=ORIENTED_EDGE('',*,*,#997,.F.);
#999=EDGE_LOOP('',(#992,#994,#996,#998));
#1000=FACE_OUTER_BOUND('',#999,.F.);
#1001=ADVANCED_FACE('',(#1000),#990,.T.);
#1002=FILL_AREA_STYLE_COLOUR('',#20);
#1003=FILL_AREA_STYLE('',(#1002));
#1004=SURFACE_STYLE_FILL_AREA(#1003);
#1005=SURFACE_SIDE_STYLE('',(#1004));
#1006=SURFACE_STYLE_USAGE(.POSITIVE.,#1005);
#1007=PRESENTATION_STYLE_ASSIGNMENT((#1006));
#1008=OVER_RIDING_STYLED_ITEM('',(#1007),#1001,#883);
#1009=CARTESIAN_POINT('',(0.E0,0.E0,0.E0));
#1010=DIRECTION('',(0.E0,1.E0,0.E0));
#1011=DIRECTION('',(1.E0,0.E0,0.E0));
#1012=AXIS2_PLACEMENT_3D('',#1009,#1010,#1011);
#1013=PLANE('',#1012);
#1014=ORIENTED_EDGE('',*,*,#991,.T.);
#1016=ORIENTED_EDGE('',*,*,#1015,.T.);
#1018=ORIENTED_EDGE('',*,*,#1017,.T.);
#1020=ORIENTED_EDGE('',*,*,#1019,.T.);
#1021=EDGE_LOOP('',(#1014,#1016,#1018,#1020));
#1022=FACE_OUTER_BOUND('',#1021,.F.);
#1023=ADVANCED_FACE('',(#1022),#1013,.F.);
#1024=CARTESIAN_POINT('',(-3.75E-1,0.E0,1.15E0));
#1025=DIRECTION('',(1.E0,0.E0,0.E0));
#1026=DIRECTION('',(0.E0,0.E0,-1.E0));
#1027=AXIS2_PLACEMENT_3D('',#1024,#1025,#1026);
#1028=PLANE('',#1027);
#1029=ORIENTED_EDGE('',*,*,#1015,.F.);
#1030=ORIENTED_EDGE('',*,*,#997,.T.);
#1032=ORIENTED_EDGE('',*,*,#1031,.T.);
#1034=ORIENTED_EDGE('',*,*,#1033,.F.);
#1035=EDGE_LOOP('',(#1029,#1030,#1032,#1034));
#1036=FACE_OUTER_BOUND('',#1035,.F.);
#1037=ADVANCED_FACE('',(#1036),#1028,.T.);
#1038=CARTESIAN_POINT('',(0.E0,2.E-1,0.E0));
#1039=DIRECTION('',(0.E0,1.E0,0.E0));
#1040=DIRECTION('',(1.E0,0.E0,0.E0));
#1041=AXIS2_PLACEMENT_3D('',#1038,#1039,#1040);
#1042=PLANE('',#1041);
#1043=ORIENTED_EDGE('',*,*,#995,.F.);
#1045=ORIENTED_EDGE('',*,*,#1044,.F.);
#1047=ORIENTED_EDGE('',*,*,#1046,.F.);
#1048=ORIENTED_EDGE('',*,*,#1031,.F.);
#1049=EDGE_LOOP('',(#1043,#1045,#1047,#1048));
#1050=FACE_OUTER_BOUND('',#1049,.F.);
#1051=ADVANCED_FACE('',(#1050),#1042,.T.);
#1052=CARTESIAN_POINT('',(-6.25E-1,0.E0,8.5E-1));
#1053=DIRECTION('',(-1.E0,0.E0,0.E0));
#1054=DIRECTION('',(0.E0,0.E0,1.E0));
#1055=AXIS2_PLACEMENT_3D('',#1052,#1053,#1054);
#1056=PLANE('',#1055);
#1057=ORIENTED_EDGE('',*,*,#1019,.F.);
#1059=ORIENTED_EDGE('',*,*,#1058,.T.);
#1060=ORIENTED_EDGE('',*,*,#1044,.T.);
#1061=ORIENTED_EDGE('',*,*,#993,.F.);
#1062=EDGE_LOOP('',(#1057,#1059,#1060,#1061));
#1063=FACE_OUTER_BOUND('',#1062,.F.);
#1064=ADVANCED_FACE('',(#1063),#1056,.T.);
#1065=CARTESIAN_POINT('',(-5.E-1,0.E0,8.5E-1));
#1066=DIRECTION('',(0.E0,1.E0,0.E0));
#1067=DIRECTION('',(1.E0,0.E0,0.E0));
#1068=AXIS2_PLACEMENT_3D('',#1065,#1066,#1067);
#1069=CYLINDRICAL_SURFACE('',#1068,1.25E-1);
#1070=ORIENTED_EDGE('',*,*,#1017,.F.);
#1071=ORIENTED_EDGE('',*,*,#1033,.T.);
#1072=ORIENTED_EDGE('',*,*,#1046,.T.);
#1073=ORIENTED_EDGE('',*,*,#1058,.F.);
#1074=EDGE_LOOP('',(#1070,#1071,#1072,#1073));
#1075=FACE_OUTER_BOUND('',#1074,.F.);
#1076=ADVANCED_FACE('',(#1075),#1069,.T.);
#1077=CLOSED_SHELL('',(#1001,#1023,#1037,#1051,#1064,#1076));
#1078=MANIFOLD_SOLID_BREP('',#1077);
#1079=FILL_AREA_STYLE_COLOUR('',#22);
#1080=FILL_AREA_STYLE('',(#1079));
#1081=SURFACE_STYLE_FILL_AREA(#1080);
#1082=SURFACE_SIDE_STYLE('',(#1081));
#1083=SURFACE_STYLE_USAGE(.POSITIVE.,#1082);
#1084=PRESENTATION_STYLE_ASSIGNMENT((#1083));
#883=STYLED_ITEM('',(#1084),#1078);
#1086=DIRECTION('',(0.E0,1.E0,0.E0));
#1087=VECTOR('',#1086,2.E-1);
#1088=CARTESIAN_POINT('',(-1.25E-1,0.E0,1.15E0));
#1089=LINE('',#1088,#1087);
#1090=CURVE_STYLE('',#34,POSITIVE_LENGTH_MEASURE(2.E-2),#22);
#1091=PRESENTATION_STYLE_ASSIGNMENT((#1090));
#1092=STYLED_ITEM('',(#1091),#1089);
#1093=DIRECTION('',(1.E0,0.E0,0.E0));
#1094=VECTOR('',#1093,2.5E-1);
#1095=CARTESIAN_POINT('',(-1.25E-1,0.E0,1.15E0));
#1096=LINE('',#1095,#1094);
#1097=CURVE_STYLE('',#34,POSITIVE_LENGTH_MEASURE(2.E-2),#22);
#1098=PRESENTATION_STYLE_ASSIGNMENT((#1097));
#1099=STYLED_ITEM('',(#1098),#1096);
#1100=DIRECTION('',(0.E0,0.E0,-1.E0));
#1101=VECTOR('',#1100,9.E-1);
#1102=CARTESIAN_POINT('',(1.25E-1,0.E0,1.15E0));
#1103=LINE('',#1102,#1101);
#1104=CURVE_STYLE('',#34,POSITIVE_LENGTH_MEASURE(2.E-2),#22);
#1105=PRESENTATION_STYLE_ASSIGNMENT((#1104));
#1106=STYLED_ITEM('',(#1105),#1103);
#1107=CARTESIAN_POINT('',(0.E0,0.E0,2.5E-1));
#1108=DIRECTION('',(0.E0,1.E0,0.E0));
#1109=DIRECTION('',(1.E0,0.E0,0.E0));
#1110=AXIS2_PLACEMENT_3D('',#1107,#1108,#1109);
#1112=CURVE_STYLE('',#34,POSITIVE_LENGTH_MEASURE(2.E-2),#22);
#1113=PRESENTATION_STYLE_ASSIGNMENT((#1112));
#1114=STYLED_ITEM('',(#1113),#1111);
#1115=DIRECTION('',(0.E0,0.E0,1.E0));
#1116=VECTOR('',#1115,9.E-1);
#1117=CARTESIAN_POINT('',(-1.25E-1,0.E0,2.5E-1));
#1118=LINE('',#1117,#1116);
#1119=CURVE_STYLE('',#34,POSITIVE_LENGTH_MEASURE(2.E-2),#22);
#1120=PRESENTATION_STYLE_ASSIGNMENT((#1119));
#1121=STYLED_ITEM('',(#1120),#1118);
#1122=DIRECTION('',(0.E0,1.E0,0.E0));
#1123=VECTOR('',#1122,2.E-1);
#1124=CARTESIAN_POINT('',(1.25E-1,0.E0,1.15E0));
#1125=LINE('',#1124,#1123);
#1126=CURVE_STYLE('',#34,POSITIVE_LENGTH_MEASURE(2.E-2),#22);
#1127=PRESENTATION_STYLE_ASSIGNMENT((#1126));
#1128=STYLED_ITEM('',(#1127),#1125);
#1129=DIRECTION('',(1.E0,0.E0,0.E0));
#1130=VECTOR('',#1129,2.5E-1);
#1131=CARTESIAN_POINT('',(-1.25E-1,2.E-1,1.15E0));
#1132=LINE('',#1131,#1130);
#1133=CURVE_STYLE('',#34,POSITIVE_LENGTH_MEASURE(2.E-2),#22);
#1134=PRESENTATION_STYLE_ASSIGNMENT((#1133));
#1135=STYLED_ITEM('',(#1134),#1132);
#1136=DIRECTION('',(0.E0,0.E0,1.E0));
#1137=VECTOR('',#1136,9.E-1);
#1138=CARTESIAN_POINT('',(-1.25E-1,2.E-1,2.5E-1));
#1139=LINE('',#1138,#1137);
#1140=CURVE_STYLE('',#34,POSITIVE_LENGTH_MEASURE(2.E-2),#22);
#1141=PRESENTATION_STYLE_ASSIGNMENT((#1140));
#1142=STYLED_ITEM('',(#1141),#1139);
#1143=CARTESIAN_POINT('',(0.E0,2.E-1,2.5E-1));
#1144=DIRECTION('',(0.E0,1.E0,0.E0));
#1145=DIRECTION('',(1.E0,0.E0,0.E0));
#1146=AXIS2_PLACEMENT_3D('',#1143,#1144,#1145);
#1148=CURVE_STYLE('',#34,POSITIVE_LENGTH_MEASURE(2.E-2),#22);
#1149=PRESENTATION_STYLE_ASSIGNMENT((#1148));
#1150=STYLED_ITEM('',(#1149),#1147);
#1151=DIRECTION('',(0.E0,0.E0,-1.E0));
#1152=VECTOR('',#1151,9.E-1);
#1153=CARTESIAN_POINT('',(1.25E-1,2.E-1,1.15E0));
#1154=LINE('',#1153,#1152);
#1155=CURVE_STYLE('',#34,POSITIVE_LENGTH_MEASURE(2.E-2),#22);
#1156=PRESENTATION_STYLE_ASSIGNMENT((#1155));
#1157=STYLED_ITEM('',(#1156),#1154);
#1158=DIRECTION('',(0.E0,1.E0,0.E0));
#1159=VECTOR('',#1158,2.E-1);
#1160=CARTESIAN_POINT('',(-1.25E-1,0.E0,2.5E-1));
#1161=LINE('',#1160,#1159);
#1162=CURVE_STYLE('',#34,POSITIVE_LENGTH_MEASURE(2.E-2),#22);
#1163=PRESENTATION_STYLE_ASSIGNMENT((#1162));
#1164=STYLED_ITEM('',(#1163),#1161);
#1165=DIRECTION('',(0.E0,1.E0,0.E0));
#1166=VECTOR('',#1165,2.E-1);
#1167=CARTESIAN_POINT('',(1.25E-1,0.E0,2.5E-1));
#1168=LINE('',#1167,#1166);
#1169=CURVE_STYLE('',#34,POSITIVE_LENGTH_MEASURE(2.E-2),#22);
#1170=PRESENTATION_STYLE_ASSIGNMENT((#1169));
#1171=STYLED_ITEM('',(#1170),#1168);
#1172=CARTESIAN_POINT('',(-1.25E-1,0.E0,1.15E0));
#1173=CARTESIAN_POINT('',(1.25E-1,0.E0,1.15E0));
#1174=VERTEX_POINT('',#1172);
#1175=VERTEX_POINT('',#1173);
#1176=CARTESIAN_POINT('',(1.25E-1,0.E0,2.5E-1));
#1177=VERTEX_POINT('',#1176);
#1178=CARTESIAN_POINT('',(-1.25E-1,0.E0,2.5E-1));
#1179=VERTEX_POINT('',#1178);
#1180=CARTESIAN_POINT('',(-1.25E-1,2.E-1,1.15E0));
#1181=CARTESIAN_POINT('',(1.25E-1,2.E-1,1.15E0));
#1182=VERTEX_POINT('',#1180);
#1183=VERTEX_POINT('',#1181);
#1184=CARTESIAN_POINT('',(1.25E-1,2.E-1,2.5E-1));
#1185=VERTEX_POINT('',#1184);
#1186=CARTESIAN_POINT('',(-1.25E-1,2.E-1,2.5E-1));
#1187=VERTEX_POINT('',#1186);
#1188=CARTESIAN_POINT('',(-1.25E-1,0.E0,1.15E0));
#1189=DIRECTION('',(0.E0,0.E0,1.E0));
#1190=DIRECTION('',(1.E0,0.E0,0.E0));
#1191=AXIS2_PLACEMENT_3D('',#1188,#1189,#1190);
#1192=PLANE('',#1191);
#1194=ORIENTED_EDGE('',*,*,#1193,.F.);
#1196=ORIENTED_EDGE('',*,*,#1195,.T.);
#1198=ORIENTED_EDGE('',*,*,#1197,.T.);
#1200=ORIENTED_EDGE('',*,*,#1199,.F.);
#1201=EDGE_LOOP('',(#1194,#1196,#1198,#1200));
#1202=FACE_OUTER_BOUND('',#1201,.F.);
#1203=ADVANCED_FACE('',(#1202),#1192,.T.);
#1204=FILL_AREA_STYLE_COLOUR('',#20);
#1205=FILL_AREA_STYLE('',(#1204));
#1206=SURFACE_STYLE_FILL_AREA(#1205);
#1207=SURFACE_SIDE_STYLE('',(#1206));
#1208=SURFACE_STYLE_USAGE(.POSITIVE.,#1207);
#1209=PRESENTATION_STYLE_ASSIGNMENT((#1208));
#1210=OVER_RIDING_STYLED_ITEM('',(#1209),#1203,#1085);
#1211=CARTESIAN_POINT('',(0.E0,0.E0,0.E0));
#1212=DIRECTION('',(0.E0,1.E0,0.E0));
#1213=DIRECTION('',(1.E0,0.E0,0.E0));
#1214=AXIS2_PLACEMENT_3D('',#1211,#1212,#1213);
#1215=PLANE('',#1214);
#1216=ORIENTED_EDGE('',*,*,#1193,.T.);
#1218=ORIENTED_EDGE('',*,*,#1217,.T.);
#1220=ORIENTED_EDGE('',*,*,#1219,.T.);
#1222=ORIENTED_EDGE('',*,*,#1221,.T.);
#1223=EDGE_LOOP('',(#1216,#1218,#1220,#1222));
#1224=FACE_OUTER_BOUND('',#1223,.F.);
#1225=ADVANCED_FACE('',(#1224),#1215,.F.);
#1226=CARTESIAN_POINT('',(1.25E-1,0.E0,1.15E0));
#1227=DIRECTION('',(1.E0,0.E0,0.E0));
#1228=DIRECTION('',(0.E0,0.E0,-1.E0));
#1229=AXIS2_PLACEMENT_3D('',#1226,#1227,#1228);
#1230=PLANE('',#1229);
#1231=ORIENTED_EDGE('',*,*,#1217,.F.);
#1232=ORIENTED_EDGE('',*,*,#1199,.T.);
#1234=ORIENTED_EDGE('',*,*,#1233,.T.);
#1236=ORIENTED_EDGE('',*,*,#1235,.F.);
#1237=EDGE_LOOP('',(#1231,#1232,#1234,#1236));
#1238=FACE_OUTER_BOUND('',#1237,.F.);
#1239=ADVANCED_FACE('',(#1238),#1230,.T.);
#1240=CARTESIAN_POINT('',(0.E0,2.E-1,0.E0));
#1241=DIRECTION('',(0.E0,1.E0,0.E0));
#1242=DIRECTION('',(1.E0,0.E0,0.E0));
#1243=AXIS2_PLACEMENT_3D('',#1240,#1241,#1242);
#1244=PLANE('',#1243);
#1245=ORIENTED_EDGE('',*,*,#1197,.F.);
#1247=ORIENTED_EDGE('',*,*,#1246,.F.);
#1249=ORIENTED_EDGE('',*,*,#1248,.F.);
#1250=ORIENTED_EDGE('',*,*,#1233,.F.);
#1251=EDGE_LOOP('',(#1245,#1247,#1249,#1250));
#1252=FACE_OUTER_BOUND('',#1251,.F.);
#1253=ADVANCED_FACE('',(#1252),#1244,.T.);
#1254=CARTESIAN_POINT('',(-1.25E-1,0.E0,2.5E-1));
#1255=DIRECTION('',(-1.E0,0.E0,0.E0));
#1256=DIRECTION('',(0.E0,0.E0,1.E0));
#1257=AXIS2_PLACEMENT_3D('',#1254,#1255,#1256);
#1258=PLANE('',#1257);
#1259=ORIENTED_EDGE('',*,*,#1221,.F.);
#1261=ORIENTED_EDGE('',*,*,#1260,.T.);
#1262=ORIENTED_EDGE('',*,*,#1246,.T.);
#1263=ORIENTED_EDGE('',*,*,#1195,.F.);
#1264=EDGE_LOOP('',(#1259,#1261,#1262,#1263));
#1265=FACE_OUTER_BOUND('',#1264,.F.);
#1266=ADVANCED_FACE('',(#1265),#1258,.T.);
#1267=CARTESIAN_POINT('',(0.E0,0.E0,2.5E-1));
#1268=DIRECTION('',(0.E0,1.E0,0.E0));
#1269=DIRECTION('',(1.E0,0.E0,0.E0));
#1270=AXIS2_PLACEMENT_3D('',#1267,#1268,#1269);
#1271=CYLINDRICAL_SURFACE('',#1270,1.25E-1);
#1272=ORIENTED_EDGE('',*,*,#1219,.F.);
#1273=ORIENTED_EDGE('',*,*,#1235,.T.);
#1274=ORIENTED_EDGE('',*,*,#1248,.T.);
#1275=ORIENTED_EDGE('',*,*,#1260,.F.);
#1276=EDGE_LOOP('',(#1272,#1273,#1274,#1275));
#1277=FACE_OUTER_BOUND('',#1276,.F.);
#1278=ADVANCED_FACE('',(#1277),#1271,.T.);
#1279=CLOSED_SHELL('',(#1203,#1225,#1239,#1253,#1266,#1278));
#1280=MANIFOLD_SOLID_BREP('',#1279);
#1281=FILL_AREA_STYLE_COLOUR('',#22);
#1282=FILL_AREA_STYLE('',(#1281));
#1283=SURFACE_STYLE_FILL_AREA(#1282);
#1284=SURFACE_SIDE_STYLE('',(#1283));
#1285=SURFACE_STYLE_USAGE(.POSITIVE.,#1284);
#1286=PRESENTATION_STYLE_ASSIGNMENT((#1285));
#1085=STYLED_ITEM('',(#1286),#1280);
#1288=DIRECTION('',(0.E0,1.E0,0.E0));
#1289=VECTOR('',#1288,2.E-1);
#1290=CARTESIAN_POINT('',(3.75E-1,0.E0,1.15E0));
#1291=LINE('',#1290,#1289);
#1292=CURVE_STYLE('',#34,POSITIVE_LENGTH_MEASURE(2.E-2),#22);
#1293=PRESENTATION_STYLE_ASSIGNMENT((#1292));
#1294=STYLED_ITEM('',(#1293),#1291);
#1295=DIRECTION('',(1.E0,0.E0,0.E0));
#1296=VECTOR('',#1295,2.5E-1);
#1297=CARTESIAN_POINT('',(3.75E-1,0.E0,1.15E0));
#1298=LINE('',#1297,#1296);
#1299=CURVE_STYLE('',#34,POSITIVE_LENGTH_MEASURE(2.E-2),#22);
#1300=PRESENTATION_STYLE_ASSIGNMENT((#1299));
#1301=STYLED_ITEM('',(#1300),#1298);
#1302=DIRECTION('',(0.E0,0.E0,-1.E0));
#1303=VECTOR('',#1302,3.E-1);
#1304=CARTESIAN_POINT('',(6.25E-1,0.E0,1.15E0));
#1305=LINE('',#1304,#1303);
#1306=CURVE_STYLE('',#34,POSITIVE_LENGTH_MEASURE(2.E-2),#22);
#1307=PRESENTATION_STYLE_ASSIGNMENT((#1306));
#1308=STYLED_ITEM('',(#1307),#1305);
#1309=CARTESIAN_POINT('',(5.E-1,0.E0,8.5E-1));
#1310=DIRECTION('',(0.E0,1.E0,0.E0));
#1311=DIRECTION('',(1.E0,0.E0,0.E0));
#1312=AXIS2_PLACEMENT_3D('',#1309,#1310,#1311);
#1314=CURVE_STYLE('',#34,POSITIVE_LENGTH_MEASURE(2.E-2),#22);
#1315=PRESENTATION_STYLE_ASSIGNMENT((#1314));
#1316=STYLED_ITEM('',(#1315),#1313);
#1317=DIRECTION('',(0.E0,0.E0,1.E0));
#1318=VECTOR('',#1317,3.E-1);
#1319=CARTESIAN_POINT('',(3.75E-1,0.E0,8.5E-1));
#1320=LINE('',#1319,#1318);
#1321=CURVE_STYLE('',#34,POSITIVE_LENGTH_MEASURE(2.E-2),#22);
#1322=PRESENTATION_STYLE_ASSIGNMENT((#1321));
#1323=STYLED_ITEM('',(#1322),#1320);
#1324=DIRECTION('',(0.E0,1.E0,0.E0));
#1325=VECTOR('',#1324,2.E-1);
#1326=CARTESIAN_POINT('',(6.25E-1,0.E0,1.15E0));
#1327=LINE('',#1326,#1325);
#1328=CURVE_STYLE('',#34,POSITIVE_LENGTH_MEASURE(2.E-2),#22);
#1329=PRESENTATION_STYLE_ASSIGNMENT((#1328));
#1330=STYLED_ITEM('',(#1329),#1327);
#1331=DIRECTION('',(1.E0,0.E0,0.E0));
#1332=VECTOR('',#1331,2.5E-1);
#1333=CARTESIAN_POINT('',(3.75E-1,2.E-1,1.15E0));
#1334=LINE('',#1333,#1332);
#1335=CURVE_STYLE('',#34,POSITIVE_LENGTH_MEASURE(2.E-2),#22);
#1336=PRESENTATION_STYLE_ASSIGNMENT((#1335));
#1337=STYLED_ITEM('',(#1336),#1334);
#1338=DIRECTION('',(0.E0,0.E0,1.E0));
#1339=VECTOR('',#1338,3.E-1);
#1340=CARTESIAN_POINT('',(3.75E-1,2.E-1,8.5E-1));
#1341=LINE('',#1340,#1339);
#1342=CURVE_STYLE('',#34,POSITIVE_LENGTH_MEASURE(2.E-2),#22);
#1343=PRESENTATION_STYLE_ASSIGNMENT((#1342));
#1344=STYLED_ITEM('',(#1343),#1341);
#1345=CARTESIAN_POINT('',(5.E-1,2.E-1,8.5E-1));
#1346=DIRECTION('',(0.E0,1.E0,0.E0));
#1347=DIRECTION('',(1.E0,0.E0,0.E0));
#1348=AXIS2_PLACEMENT_3D('',#1345,#1346,#1347);
#1350=CURVE_STYLE('',#34,POSITIVE_LENGTH_MEASURE(2.E-2),#22);
#1351=PRESENTATION_STYLE_ASSIGNMENT((#1350));
#1352=STYLED_ITEM('',(#1351),#1349);
#1353=DIRECTION('',(0.E0,0.E0,-1.E0));
#1354=VECTOR('',#1353,3.E-1);
#1355=CARTESIAN_POINT('',(6.25E-1,2.E-1,1.15E0));
#1356=LINE('',#1355,#1354);
#1357=CURVE_STYLE('',#34,POSITIVE_LENGTH_MEASURE(2.E-2),#22);
#1358=PRESENTATION_STYLE_ASSIGNMENT((#1357));
#1359=STYLED_ITEM('',(#1358),#1356);
#1360=DIRECTION('',(0.E0,1.E0,0.E0));
#1361=VECTOR('',#1360,2.E-1);
#1362=CARTESIAN_POINT('',(3.75E-1,0.E0,8.5E-1));
#1363=LINE('',#1362,#1361);
#1364=CURVE_STYLE('',#34,POSITIVE_LENGTH_MEASURE(2.E-2),#22);
#1365=PRESENTATION_STYLE_ASSIGNMENT((#1364));
#1366=STYLED_ITEM('',(#1365),#1363);
#1367=DIRECTION('',(0.E0,1.E0,0.E0));
#1368=VECTOR('',#1367,2.E-1);
#1369=CARTESIAN_POINT('',(6.25E-1,0.E0,8.5E-1));
#1370=LINE('',#1369,#1368);
#1371=CURVE_STYLE('',#34,POSITIVE_LENGTH_MEASURE(2.E-2),#22);
#1372=PRESENTATION_STYLE_ASSIGNMENT((#1371));
#1373=STYLED_ITEM('',(#1372),#1370);
#1374=CARTESIAN_POINT('',(3.75E-1,0.E0,1.15E0));
#1375=CARTESIAN_POINT('',(6.25E-1,0.E0,1.15E0));
#1376=VERTEX_POINT('',#1374);
#1377=VERTEX_POINT('',#1375);
#1378=CARTESIAN_POINT('',(6.25E-1,0.E0,8.5E-1));
#1379=VERTEX_POINT('',#1378);
#1380=CARTESIAN_POINT('',(3.75E-1,0.E0,8.5E-1));
#1381=VERTEX_POINT('',#1380);
#1382=CARTESIAN_POINT('',(3.75E-1,2.E-1,1.15E0));
#1383=CARTESIAN_POINT('',(6.25E-1,2.E-1,1.15E0));
#1384=VERTEX_POINT('',#1382);
#1385=VERTEX_POINT('',#1383);
#1386=CARTESIAN_POINT('',(6.25E-1,2.E-1,8.5E-1));
#1387=VERTEX_POINT('',#1386);
#1388=CARTESIAN_POINT('',(3.75E-1,2.E-1,8.5E-1));
#1389=VERTEX_POINT('',#1388);
#1390=CARTESIAN_POINT('',(3.75E-1,0.E0,1.15E0));
#1391=DIRECTION('',(0.E0,0.E0,1.E0));
#1392=DIRECTION('',(1.E0,0.E0,0.E0));
#1393=AXIS2_PLACEMENT_3D('',#1390,#1391,#1392);
#1394=PLANE('',#1393);
#1396=ORIENTED_EDGE('',*,*,#1395,.F.);
#1398=ORIENTED_EDGE('',*,*,#1397,.T.);
#1400=ORIENTED_EDGE('',*,*,#1399,.T.);
#1402=ORIENTED_EDGE('',*,*,#1401,.F.);
#1403=EDGE_LOOP('',(#1396,#1398,#1400,#1402));
#1404=FACE_OUTER_BOUND('',#1403,.F.);
#1405=ADVANCED_FACE('',(#1404),#1394,.T.);
#1406=FILL_AREA_STYLE_COLOUR('',#20);
#1407=FILL_AREA_STYLE('',(#1406));
#1408=SURFACE_STYLE_FILL_AREA(#1407);
#1409=SURFACE_SIDE_STYLE('',(#1408));
#1410=SURFACE_STYLE_USAGE(.POSITIVE.,#1409);
#1411=PRESENTATION_STYLE_ASSIGNMENT((#1410));
#1412=OVER_RIDING_STYLED_ITEM('',(#1411),#1405,#1287);
#1413=CARTESIAN_POINT('',(0.E0,0.E0,0.E0));
#1414=DIRECTION('',(0.E0,1.E0,0.E0));
#1415=DIRECTION('',(1.E0,0.E0,0.E0));
#1416=AXIS2_PLACEMENT_3D('',#1413,#1414,#1415);
#1417=PLANE('',#1416);
#1418=ORIENTED_EDGE('',*,*,#1395,.T.);
#1420=ORIENTED_EDGE('',*,*,#1419,.T.);
#1422=ORIENTED_EDGE('',*,*,#1421,.T.);
#1424=ORIENTED_EDGE('',*,*,#1423,.T.);
#1425=EDGE_LOOP('',(#1418,#1420,#1422,#1424));
#1426=FACE_OUTER_BOUND('',#1425,.F.);
#1427=ADVANCED_FACE('',(#1426),#1417,.F.);
#1428=CARTESIAN_POINT('',(6.25E-1,0.E0,1.15E0));
#1429=DIRECTION('',(1.E0,0.E0,0.E0));
#1430=DIRECTION('',(0.E0,0.E0,-1.E0));
#1431=AXIS2_PLACEMENT_3D('',#1428,#1429,#1430);
#1432=PLANE('',#1431);
#1433=ORIENTED_EDGE('',*,*,#1419,.F.);
#1434=ORIENTED_EDGE('',*,*,#1401,.T.);
#1436=ORIENTED_EDGE('',*,*,#1435,.T.);
#1438=ORIENTED_EDGE('',*,*,#1437,.F.);
#1439=EDGE_LOOP('',(#1433,#1434,#1436,#1438));
#1440=FACE_OUTER_BOUND('',#1439,.F.);
#1441=ADVANCED_FACE('',(#1440),#1432,.T.);
#1442=CARTESIAN_POINT('',(0.E0,2.E-1,0.E0));
#1443=DIRECTION('',(0.E0,1.E0,0.E0));
#1444=DIRECTION('',(1.E0,0.E0,0.E0));
#1445=AXIS2_PLACEMENT_3D('',#1442,#1443,#1444);
#1446=PLANE('',#1445);
#1447=ORIENTED_EDGE('',*,*,#1399,.F.);
#1449=ORIENTED_EDGE('',*,*,#1448,.F.);
#1451=ORIENTED_EDGE('',*,*,#1450,.F.);
#1452=ORIENTED_EDGE('',*,*,#1435,.F.);
#1453=EDGE_LOOP('',(#1447,#1449,#1451,#1452));
#1454=FACE_OUTER_BOUND('',#1453,.F.);
#1455=ADVANCED_FACE('',(#1454),#1446,.T.);
#1456=CARTESIAN_POINT('',(3.75E-1,0.E0,8.5E-1));
#1457=DIRECTION('',(-1.E0,0.E0,0.E0));
#1458=DIRECTION('',(0.E0,0.E0,1.E0));
#1459=AXIS2_PLACEMENT_3D('',#1456,#1457,#1458);
#1460=PLANE('',#1459);
#1461=ORIENTED_EDGE('',*,*,#1423,.F.);
#1463=ORIENTED_EDGE('',*,*,#1462,.T.);
#1464=ORIENTED_EDGE('',*,*,#1448,.T.);
#1465=ORIENTED_EDGE('',*,*,#1397,.F.);
#1466=EDGE_LOOP('',(#1461,#1463,#1464,#1465));
#1467=FACE_OUTER_BOUND('',#1466,.F.);
#1468=ADVANCED_FACE('',(#1467),#1460,.T.);
#1469=CARTESIAN_POINT('',(5.E-1,0.E0,8.5E-1));
#1470=DIRECTION('',(0.E0,1.E0,0.E0));
#1471=DIRECTION('',(1.E0,0.E0,0.E0));
#1472=AXIS2_PLACEMENT_3D('',#1469,#1470,#1471);
#1473=CYLINDRICAL_SURFACE('',#1472,1.25E-1);
#1474=ORIENTED_EDGE('',*,*,#1421,.F.);
#1475=ORIENTED_EDGE('',*,*,#1437,.T.);
#1476=ORIENTED_EDGE('',*,*,#1450,.T.);
#1477=ORIENTED_EDGE('',*,*,#1462,.F.);
#1478=EDGE_LOOP('',(#1474,#1475,#1476,#1477));
#1479=FACE_OUTER_BOUND('',#1478,.F.);
#1480=ADVANCED_FACE('',(#1479),#1473,.T.);
#1481=CLOSED_SHELL('',(#1405,#1427,#1441,#1455,#1468,#1480));
#1482=MANIFOLD_SOLID_BREP('',#1481);
#1483=FILL_AREA_STYLE_COLOUR('',#22);
#1484=FILL_AREA_STYLE('',(#1483));
#1485=SURFACE_STYLE_FILL_AREA(#1484);
#1486=SURFACE_SIDE_STYLE('',(#1485));
#1487=SURFACE_STYLE_USAGE(.POSITIVE.,#1486);
#1488=PRESENTATION_STYLE_ASSIGNMENT((#1487));
#1287=STYLED_ITEM('',(#1488),#1482);
#1490=DIRECTION('',(0.E0,1.E0,0.E0));
#1491=VECTOR('',#1490,2.E-1);
#1492=CARTESIAN_POINT('',(1.35E0,0.E0,8.75E-1));
#1493=LINE('',#1492,#1491);
#1494=CURVE_STYLE('',#34,POSITIVE_LENGTH_MEASURE(2.E-2),#22);
#1495=PRESENTATION_STYLE_ASSIGNMENT((#1494));
#1496=STYLED_ITEM('',(#1495),#1493);
#1497=DIRECTION('',(0.E0,0.E0,-1.E0));
#1498=VECTOR('',#1497,2.5E-1);
#1499=CARTESIAN_POINT('',(1.35E0,0.E0,8.75E-1));
#1500=LINE('',#1499,#1498);
#1501=CURVE_STYLE('',#34,POSITIVE_LENGTH_MEASURE(2.E-2),#22);
#1502=PRESENTATION_STYLE_ASSIGNMENT((#1501));
#1503=STYLED_ITEM('',(#1502),#1500);
#1504=DIRECTION('',(-1.E0,0.E0,0.E0));
#1505=VECTOR('',#1504,3.5E-1);
#1506=CARTESIAN_POINT('',(1.35E0,0.E0,6.25E-1));
#1507=LINE('',#1506,#1505);
#1508=CURVE_STYLE('',#34,POSITIVE_LENGTH_MEASURE(2.E-2),#22);
#1509=PRESENTATION_STYLE_ASSIGNMENT((#1508));
#1510=STYLED_ITEM('',(#1509),#1507);
#1511=CARTESIAN_POINT('',(1.E0,0.E0,7.5E-1));
#1512=DIRECTION('',(0.E0,1.E0,0.E0));
#1513=DIRECTION('',(0.E0,0.E0,-1.E0));
#1514=AXIS2_PLACEMENT_3D('',#1511,#1512,#1513);
#1516=CURVE_STYLE('',#34,POSITIVE_LENGTH_MEASURE(2.E-2),#22);
#1517=PRESENTATION_STYLE_ASSIGNMENT((#1516));
#1518=STYLED_ITEM('',(#1517),#1515);
#1519=DIRECTION('',(1.E0,0.E0,0.E0));
#1520=VECTOR('',#1519,3.5E-1);
#1521=CARTESIAN_POINT('',(1.E0,0.E0,8.75E-1));
#1522=LINE('',#1521,#1520);
#1523=CURVE_STYLE('',#34,POSITIVE_LENGTH_MEASURE(2.E-2),#22);
#1524=PRESENTATION_STYLE_ASSIGNMENT((#1523));
#1525=STYLED_ITEM('',(#1524),#1522);
#1526=DIRECTION('',(0.E0,1.E0,0.E0));
#1527=VECTOR('',#1526,2.E-1);
#1528=CARTESIAN_POINT('',(1.35E0,0.E0,6.25E-1));
#1529=LINE('',#1528,#1527);
#1530=CURVE_STYLE('',#34,POSITIVE_LENGTH_MEASURE(2.E-2),#22);
#1531=PRESENTATION_STYLE_ASSIGNMENT((#1530));
#1532=STYLED_ITEM('',(#1531),#1529);
#1533=DIRECTION('',(0.E0,0.E0,-1.E0));
#1534=VECTOR('',#1533,2.5E-1);
#1535=CARTESIAN_POINT('',(1.35E0,2.E-1,8.75E-1));
#1536=LINE('',#1535,#1534);
#1537=CURVE_STYLE('',#34,POSITIVE_LENGTH_MEASURE(2.E-2),#22);
#1538=PRESENTATION_STYLE_ASSIGNMENT((#1537));
#1539=STYLED_ITEM('',(#1538),#1536);
#1540=DIRECTION('',(1.E0,0.E0,0.E0));
#1541=VECTOR('',#1540,3.5E-1);
#1542=CARTESIAN_POINT('',(1.E0,2.E-1,8.75E-1));
#1543=LINE('',#1542,#1541);
#1544=CURVE_STYLE('',#34,POSITIVE_LENGTH_MEASURE(2.E-2),#22);
#1545=PRESENTATION_STYLE_ASSIGNMENT((#1544));
#1546=STYLED_ITEM('',(#1545),#1543);
#1547=CARTESIAN_POINT('',(1.E0,2.E-1,7.5E-1));
#1548=DIRECTION('',(0.E0,1.E0,0.E0));
#1549=DIRECTION('',(0.E0,0.E0,-1.E0));
#1550=AXIS2_PLACEMENT_3D('',#1547,#1548,#1549);
#1552=CURVE_STYLE('',#34,POSITIVE_LENGTH_MEASURE(2.E-2),#22);
#1553=PRESENTATION_STYLE_ASSIGNMENT((#1552));
#1554=STYLED_ITEM('',(#1553),#1551);
#1555=DIRECTION('',(-1.E0,0.E0,0.E0));
#1556=VECTOR('',#1555,3.5E-1);
#1557=CARTESIAN_POINT('',(1.35E0,2.E-1,6.25E-1));
#1558=LINE('',#1557,#1556);
#1559=CURVE_STYLE('',#34,POSITIVE_LENGTH_MEASURE(2.E-2),#22);
#1560=PRESENTATION_STYLE_ASSIGNMENT((#1559));
#1561=STYLED_ITEM('',(#1560),#1558);
#1562=DIRECTION('',(0.E0,1.E0,0.E0));
#1563=VECTOR('',#1562,2.E-1);
#1564=CARTESIAN_POINT('',(1.E0,0.E0,8.75E-1));
#1565=LINE('',#1564,#1563);
#1566=CURVE_STYLE('',#34,POSITIVE_LENGTH_MEASURE(2.E-2),#22);
#1567=PRESENTATION_STYLE_ASSIGNMENT((#1566));
#1568=STYLED_ITEM('',(#1567),#1565);
#1569=DIRECTION('',(0.E0,1.E0,0.E0));
#1570=VECTOR('',#1569,2.E-1);
#1571=CARTESIAN_POINT('',(1.E0,0.E0,6.25E-1));
#1572=LINE('',#1571,#1570);
#1573=CURVE_STYLE('',#34,POSITIVE_LENGTH_MEASURE(2.E-2),#22);
#1574=PRESENTATION_STYLE_ASSIGNMENT((#1573));
#1575=STYLED_ITEM('',(#1574),#1572);
#1576=CARTESIAN_POINT('',(1.35E0,0.E0,8.75E-1));
#1577=CARTESIAN_POINT('',(1.35E0,0.E0,6.25E-1));
#1578=VERTEX_POINT('',#1576);
#1579=VERTEX_POINT('',#1577);
#1580=CARTESIAN_POINT('',(1.E0,0.E0,6.25E-1));
#1581=VERTEX_POINT('',#1580);
#1582=CARTESIAN_POINT('',(1.E0,0.E0,8.75E-1));
#1583=VERTEX_POINT('',#1582);
#1584=CARTESIAN_POINT('',(1.35E0,2.E-1,8.75E-1));
#1585=CARTESIAN_POINT('',(1.35E0,2.E-1,6.25E-1));
#1586=VERTEX_POINT('',#1584);
#1587=VERTEX_POINT('',#1585);
#1588=CARTESIAN_POINT('',(1.E0,2.E-1,6.25E-1));
#1589=VERTEX_POINT('',#1588);
#1590=CARTESIAN_POINT('',(1.E0,2.E-1,8.75E-1));
#1591=VERTEX_POINT('',#1590);
#1592=CARTESIAN_POINT('',(1.35E0,0.E0,8.75E-1));
#1593=DIRECTION('',(1.E0,0.E0,0.E0));
#1594=DIRECTION('',(0.E0,0.E0,-1.E0));
#1595=AXIS2_PLACEMENT_3D('',#1592,#1593,#1594);
#1596=PLANE('',#1595);
#1598=ORIENTED_EDGE('',*,*,#1597,.F.);
#1600=ORIENTED_EDGE('',*,*,#1599,.T.);
#1602=ORIENTED_EDGE('',*,*,#1601,.T.);
#1604=ORIENTED_EDGE('',*,*,#1603,.F.);
#1605=EDGE_LOOP('',(#1598,#1600,#1602,#1604));
#1606=FACE_OUTER_BOUND('',#1605,.F.);
#1607=ADVANCED_FACE('',(#1606),#1596,.T.);
#1608=FILL_AREA_STYLE_COLOUR('',#20);
#1609=FILL_AREA_STYLE('',(#1608));
#1610=SURFACE_STYLE_FILL_AREA(#1609);
#1611=SURFACE_SIDE_STYLE('',(#1610));
#1612=SURFACE_STYLE_USAGE(.POSITIVE.,#1611);
#1613=PRESENTATION_STYLE_ASSIGNMENT((#1612));
#1614=OVER_RIDING_STYLED_ITEM('',(#1613),#1607,#1489);
#1615=CARTESIAN_POINT('',(0.E0,0.E0,0.E0));
#1616=DIRECTION('',(0.E0,1.E0,0.E0));
#1617=DIRECTION('',(1.E0,0.E0,0.E0));
#1618=AXIS2_PLACEMENT_3D('',#1615,#1616,#1617);
#1619=PLANE('',#1618);
#1620=ORIENTED_EDGE('',*,*,#1597,.T.);
#1622=ORIENTED_EDGE('',*,*,#1621,.T.);
#1624=ORIENTED_EDGE('',*,*,#1623,.T.);
#1626=ORIENTED_EDGE('',*,*,#1625,.T.);
#1627=EDGE_LOOP('',(#1620,#1622,#1624,#1626));
#1628=FACE_OUTER_BOUND('',#1627,.F.);
#1629=ADVANCED_FACE('',(#1628),#1619,.F.);
#1630=CARTESIAN_POINT('',(1.35E0,0.E0,6.25E-1));
#1631=DIRECTION('',(0.E0,0.E0,-1.E0));
#1632=DIRECTION('',(-1.E0,0.E0,0.E0));
#1633=AXIS2_PLACEMENT_3D('',#1630,#1631,#1632);
#1634=PLANE('',#1633);
#1635=ORIENTED_EDGE('',*,*,#1621,.F.);
#1636=ORIENTED_EDGE('',*,*,#1603,.T.);
#1638=ORIENTED_EDGE('',*,*,#1637,.T.);
#1640=ORIENTED_EDGE('',*,*,#1639,.F.);
#1641=EDGE_LOOP('',(#1635,#1636,#1638,#1640));
#1642=FACE_OUTER_BOUND('',#1641,.F.);
#1643=ADVANCED_FACE('',(#1642),#1634,.T.);
#1644=CARTESIAN_POINT('',(0.E0,2.E-1,0.E0));
#1645=DIRECTION('',(0.E0,1.E0,0.E0));
#1646=DIRECTION('',(1.E0,0.E0,0.E0));
#1647=AXIS2_PLACEMENT_3D('',#1644,#1645,#1646);
#1648=PLANE('',#1647);
#1649=ORIENTED_EDGE('',*,*,#1601,.F.);
#1651=ORIENTED_EDGE('',*,*,#1650,.F.);
#1653=ORIENTED_EDGE('',*,*,#1652,.F.);
#1654=ORIENTED_EDGE('',*,*,#1637,.F.);
#1655=EDGE_LOOP('',(#1649,#1651,#1653,#1654));
#1656=FACE_OUTER_BOUND('',#1655,.F.);
#1657=ADVANCED_FACE('',(#1656),#1648,.T.);
#1658=CARTESIAN_POINT('',(1.E0,0.E0,8.75E-1));
#1659=DIRECTION('',(0.E0,0.E0,1.E0));
#1660=DIRECTION('',(1.E0,0.E0,0.E0));
#1661=AXIS2_PLACEMENT_3D('',#1658,#1659,#1660);
#1662=PLANE('',#1661);
#1663=ORIENTED_EDGE('',*,*,#1625,.F.);
#1665=ORIENTED_EDGE('',*,*,#1664,.T.);
#1666=ORIENTED_EDGE('',*,*,#1650,.T.);
#1667=ORIENTED_EDGE('',*,*,#1599,.F.);
#1668=EDGE_LOOP('',(#1663,#1665,#1666,#1667));
#1669=FACE_OUTER_BOUND('',#1668,.F.);
#1670=ADVANCED_FACE('',(#1669),#1662,.T.);
#1671=CARTESIAN_POINT('',(1.E0,0.E0,7.5E-1));
#1672=DIRECTION('',(0.E0,1.E0,0.E0));
#1673=DIRECTION('',(1.E0,0.E0,0.E0));
#1674=AXIS2_PLACEMENT_3D('',#1671,#1672,#1673);
#1675=CYLINDRICAL_SURFACE('',#1674,1.25E-1);
#1676=ORIENTED_EDGE('',*,*,#1623,.F.);
#1677=ORIENTED_EDGE('',*,*,#1639,.T.);
#1678=ORIENTED_EDGE('',*,*,#1652,.T.);
#1679=ORIENTED_EDGE('',*,*,#1664,.F.);
#1680=EDGE_LOOP('',(#1676,#1677,#1678,#1679));
#1681=FACE_OUTER_BOUND('',#1680,.F.);
#1682=ADVANCED_FACE('',(#1681),#1675,.T.);
#1683=CLOSED_SHELL('',(#1607,#1629,#1643,#1657,#1670,#1682));
#1684=MANIFOLD_SOLID_BREP('',#1683);
#1685=FILL_AREA_STYLE_COLOUR('',#22);
#1686=FILL_AREA_STYLE('',(#1685));
#1687=SURFACE_STYLE_FILL_AREA(#1686);
#1688=SURFACE_SIDE_STYLE('',(#1687));
#1689=SURFACE_STYLE_USAGE(.POSITIVE.,#1688);
#1690=PRESENTATION_STYLE_ASSIGNMENT((#1689));
#1489=STYLED_ITEM('',(#1690),#1684);
#1692=DIRECTION('',(0.E0,1.E0,0.E0));
#1693=VECTOR('',#1692,2.E-1);
#1694=CARTESIAN_POINT('',(1.35E0,0.E0,3.75E-1));
#1695=LINE('',#1694,#1693);
#1696=CURVE_STYLE('',#34,POSITIVE_LENGTH_MEASURE(2.E-2),#22);
#1697=PRESENTATION_STYLE_ASSIGNMENT((#1696));
#1698=STYLED_ITEM('',(#1697),#1695);
#1699=DIRECTION('',(0.E0,0.E0,-1.E0));
#1700=VECTOR('',#1699,2.5E-1);
#1701=CARTESIAN_POINT('',(1.35E0,0.E0,3.75E-1));
#1702=LINE('',#1701,#1700);
#1703=CURVE_STYLE('',#34,POSITIVE_LENGTH_MEASURE(2.E-2),#22);
#1704=PRESENTATION_STYLE_ASSIGNMENT((#1703));
#1705=STYLED_ITEM('',(#1704),#1702);
#1706=DIRECTION('',(-1.E0,0.E0,0.E0));
#1707=VECTOR('',#1706,6.5E-1);
#1708=CARTESIAN_POINT('',(1.35E0,0.E0,1.25E-1));
#1709=LINE('',#1708,#1707);
#1710=CURVE_STYLE('',#34,POSITIVE_LENGTH_MEASURE(2.E-2),#22);
#1711=PRESENTATION_STYLE_ASSIGNMENT((#1710));
#1712=STYLED_ITEM('',(#1711),#1709);
#1713=CARTESIAN_POINT('',(7.E-1,0.E0,2.5E-1));
#1714=DIRECTION('',(0.E0,1.E0,0.E0));
#1715=DIRECTION('',(0.E0,0.E0,-1.E0));
#1716=AXIS2_PLACEMENT_3D('',#1713,#1714,#1715);
#1718=CURVE_STYLE('',#34,POSITIVE_LENGTH_MEASURE(2.E-2),#22);
#1719=PRESENTATION_STYLE_ASSIGNMENT((#1718));
#1720=STYLED_ITEM('',(#1719),#1717);
#1721=DIRECTION('',(1.E0,0.E0,0.E0));
#1722=VECTOR('',#1721,6.5E-1);
#1723=CARTESIAN_POINT('',(7.E-1,0.E0,3.75E-1));
#1724=LINE('',#1723,#1722);
#1725=CURVE_STYLE('',#34,POSITIVE_LENGTH_MEASURE(2.E-2),#22);
#1726=PRESENTATION_STYLE_ASSIGNMENT((#1725));
#1727=STYLED_ITEM('',(#1726),#1724);
#1728=DIRECTION('',(0.E0,1.E0,0.E0));
#1729=VECTOR('',#1728,2.E-1);
#1730=CARTESIAN_POINT('',(1.35E0,0.E0,1.25E-1));
#1731=LINE('',#1730,#1729);
#1732=CURVE_STYLE('',#34,POSITIVE_LENGTH_MEASURE(2.E-2),#22);
#1733=PRESENTATION_STYLE_ASSIGNMENT((#1732));
#1734=STYLED_ITEM('',(#1733),#1731);
#1735=DIRECTION('',(0.E0,0.E0,-1.E0));
#1736=VECTOR('',#1735,2.5E-1);
#1737=CARTESIAN_POINT('',(1.35E0,2.E-1,3.75E-1));
#1738=LINE('',#1737,#1736);
#1739=CURVE_STYLE('',#34,POSITIVE_LENGTH_MEASURE(2.E-2),#22);
#1740=PRESENTATION_STYLE_ASSIGNMENT((#1739));
#1741=STYLED_ITEM('',(#1740),#1738);
#1742=DIRECTION('',(1.E0,0.E0,0.E0));
#1743=VECTOR('',#1742,6.5E-1);
#1744=CARTESIAN_POINT('',(7.E-1,2.E-1,3.75E-1));
#1745=LINE('',#1744,#1743);
#1746=CURVE_STYLE('',#34,POSITIVE_LENGTH_MEASURE(2.E-2),#22);
#1747=PRESENTATION_STYLE_ASSIGNMENT((#1746));
#1748=STYLED_ITEM('',(#1747),#1745);
#1749=CARTESIAN_POINT('',(7.E-1,2.E-1,2.5E-1));
#1750=DIRECTION('',(0.E0,1.E0,0.E0));
#1751=DIRECTION('',(0.E0,0.E0,-1.E0));
#1752=AXIS2_PLACEMENT_3D('',#1749,#1750,#1751);
#1754=CURVE_STYLE('',#34,POSITIVE_LENGTH_MEASURE(2.E-2),#22);
#1755=PRESENTATION_STYLE_ASSIGNMENT((#1754));
#1756=STYLED_ITEM('',(#1755),#1753);
#1757=DIRECTION('',(-1.E0,0.E0,0.E0));
#1758=VECTOR('',#1757,6.5E-1);
#1759=CARTESIAN_POINT('',(1.35E0,2.E-1,1.25E-1));
#1760=LINE('',#1759,#1758);
#1761=CURVE_STYLE('',#34,POSITIVE_LENGTH_MEASURE(2.E-2),#22);
#1762=PRESENTATION_STYLE_ASSIGNMENT((#1761));
#1763=STYLED_ITEM('',(#1762),#1760);
#1764=DIRECTION('',(0.E0,1.E0,0.E0));
#1765=VECTOR('',#1764,2.E-1);
#1766=CARTESIAN_POINT('',(7.E-1,0.E0,3.75E-1));
#1767=LINE('',#1766,#1765);
#1768=CURVE_STYLE('',#34,POSITIVE_LENGTH_MEASURE(2.E-2),#22);
#1769=PRESENTATION_STYLE_ASSIGNMENT((#1768));
#1770=STYLED_ITEM('',(#1769),#1767);
#1771=DIRECTION('',(0.E0,1.E0,0.E0));
#1772=VECTOR('',#1771,2.E-1);
#1773=CARTESIAN_POINT('',(7.E-1,0.E0,1.25E-1));
#1774=LINE('',#1773,#1772);
#1775=CURVE_STYLE('',#34,POSITIVE_LENGTH_MEASURE(2.E-2),#22);
#1776=PRESENTATION_STYLE_ASSIGNMENT((#1775));
#1777=STYLED_ITEM('',(#1776),#1774);
#1778=CARTESIAN_POINT('',(1.35E0,0.E0,3.75E-1));
#1779=CARTESIAN_POINT('',(1.35E0,0.E0,1.25E-1));
#1780=VERTEX_POINT('',#1778);
#1781=VERTEX_POINT('',#1779);
#1782=CARTESIAN_POINT('',(7.E-1,0.E0,1.25E-1));
#1783=VERTEX_POINT('',#1782);
#1784=CARTESIAN_POINT('',(7.E-1,0.E0,3.75E-1));
#1785=VERTEX_POINT('',#1784);
#1786=CARTESIAN_POINT('',(1.35E0,2.E-1,3.75E-1));
#1787=CARTESIAN_POINT('',(1.35E0,2.E-1,1.25E-1));
#1788=VERTEX_POINT('',#1786);
#1789=VERTEX_POINT('',#1787);
#1790=CARTESIAN_POINT('',(7.E-1,2.E-1,1.25E-1));
#1791=VERTEX_POINT('',#1790);
#1792=CARTESIAN_POINT('',(7.E-1,2.E-1,3.75E-1));
#1793=VERTEX_POINT('',#1792);
#1794=CARTESIAN_POINT('',(1.35E0,0.E0,3.75E-1));
#1795=DIRECTION('',(1.E0,0.E0,0.E0));
#1796=DIRECTION('',(0.E0,0.E0,-1.E0));
#1797=AXIS2_PLACEMENT_3D('',#1794,#1795,#1796);
#1798=PLANE('',#1797);
#1800=ORIENTED_EDGE('',*,*,#1799,.F.);
#1802=ORIENTED_EDGE('',*,*,#1801,.T.);
#1804=ORIENTED_EDGE('',*,*,#1803,.T.);
#1806=ORIENTED_EDGE('',*,*,#1805,.F.);
#1807=EDGE_LOOP('',(#1800,#1802,#1804,#1806));
#1808=FACE_OUTER_BOUND('',#1807,.F.);
#1809=ADVANCED_FACE('',(#1808),#1798,.T.);
#1810=FILL_AREA_STYLE_COLOUR('',#20);
#1811=FILL_AREA_STYLE('',(#1810));
#1812=SURFACE_STYLE_FILL_AREA(#1811);
#1813=SURFACE_SIDE_STYLE('',(#1812));
#1814=SURFACE_STYLE_USAGE(.POSITIVE.,#1813);
#1815=PRESENTATION_STYLE_ASSIGNMENT((#1814));
#1816=OVER_RIDING_STYLED_ITEM('',(#1815),#1809,#1691);
#1817=CARTESIAN_POINT('',(0.E0,0.E0,0.E0));
#1818=DIRECTION('',(0.E0,1.E0,0.E0));
#1819=DIRECTION('',(1.E0,0.E0,0.E0));
#1820=AXIS2_PLACEMENT_3D('',#1817,#1818,#1819);
#1821=PLANE('',#1820);
#1822=ORIENTED_EDGE('',*,*,#1799,.T.);
#1824=ORIENTED_EDGE('',*,*,#1823,.T.);
#1826=ORIENTED_EDGE('',*,*,#1825,.T.);
#1828=ORIENTED_EDGE('',*,*,#1827,.T.);
#1829=EDGE_LOOP('',(#1822,#1824,#1826,#1828));
#1830=FACE_OUTER_BOUND('',#1829,.F.);
#1831=ADVANCED_FACE('',(#1830),#1821,.F.);
#1832=CARTESIAN_POINT('',(1.35E0,0.E0,1.25E-1));
#1833=DIRECTION('',(0.E0,0.E0,-1.E0));
#1834=DIRECTION('',(-1.E0,0.E0,0.E0));
#1835=AXIS2_PLACEMENT_3D('',#1832,#1833,#1834);
#1836=PLANE('',#1835);
#1837=ORIENTED_EDGE('',*,*,#1823,.F.);
#1838=ORIENTED_EDGE('',*,*,#1805,.T.);
#1840=ORIENTED_EDGE('',*,*,#1839,.T.);
#1842=ORIENTED_EDGE('',*,*,#1841,.F.);
#1843=EDGE_LOOP('',(#1837,#1838,#1840,#1842));
#1844=FACE_OUTER_BOUND('',#1843,.F.);
#1845=ADVANCED_FACE('',(#1844),#1836,.T.);
#1846=CARTESIAN_POINT('',(0.E0,2.E-1,0.E0));
#1847=DIRECTION('',(0.E0,1.E0,0.E0));
#1848=DIRECTION('',(1.E0,0.E0,0.E0));
#1849=AXIS2_PLACEMENT_3D('',#1846,#1847,#1848);
#1850=PLANE('',#1849);
#1851=ORIENTED_EDGE('',*,*,#1803,.F.);
#1853=ORIENTED_EDGE('',*,*,#1852,.F.);
#1855=ORIENTED_EDGE('',*,*,#1854,.F.);
#1856=ORIENTED_EDGE('',*,*,#1839,.F.);
#1857=EDGE_LOOP('',(#1851,#1853,#1855,#1856));
#1858=FACE_OUTER_BOUND('',#1857,.F.);
#1859=ADVANCED_FACE('',(#1858),#1850,.T.);
#1860=CARTESIAN_POINT('',(7.E-1,0.E0,3.75E-1));
#1861=DIRECTION('',(0.E0,0.E0,1.E0));
#1862=DIRECTION('',(1.E0,0.E0,0.E0));
#1863=AXIS2_PLACEMENT_3D('',#1860,#1861,#1862);
#1864=PLANE('',#1863);
#1865=ORIENTED_EDGE('',*,*,#1827,.F.);
#1867=ORIENTED_EDGE('',*,*,#1866,.T.);
#1868=ORIENTED_EDGE('',*,*,#1852,.T.);
#1869=ORIENTED_EDGE('',*,*,#1801,.F.);
#1870=EDGE_LOOP('',(#1865,#1867,#1868,#1869));
#1871=FACE_OUTER_BOUND('',#1870,.F.);
#1872=ADVANCED_FACE('',(#1871),#1864,.T.);
#1873=CARTESIAN_POINT('',(7.E-1,0.E0,2.5E-1));
#1874=DIRECTION('',(0.E0,1.E0,0.E0));
#1875=DIRECTION('',(1.E0,0.E0,0.E0));
#1876=AXIS2_PLACEMENT_3D('',#1873,#1874,#1875);
#1877=CYLINDRICAL_SURFACE('',#1876,1.25E-1);
#1878=ORIENTED_EDGE('',*,*,#1825,.F.);
#1879=ORIENTED_EDGE('',*,*,#1841,.T.);
#1880=ORIENTED_EDGE('',*,*,#1854,.T.);
#1881=ORIENTED_EDGE('',*,*,#1866,.F.);
#1882=EDGE_LOOP('',(#1878,#1879,#1880,#1881));
#1883=FACE_OUTER_BOUND('',#1882,.F.);
#1884=ADVANCED_FACE('',(#1883),#1877,.T.);
#1885=CLOSED_SHELL('',(#1809,#1831,#1845,#1859,#1872,#1884));
#1886=MANIFOLD_SOLID_BREP('',#1885);
#1887=FILL_AREA_STYLE_COLOUR('',#22);
#1888=FILL_AREA_STYLE('',(#1887));
#1889=SURFACE_STYLE_FILL_AREA(#1888);
#1890=SURFACE_SIDE_STYLE('',(#1889));
#1891=SURFACE_STYLE_USAGE(.POSITIVE.,#1890);
#1892=PRESENTATION_STYLE_ASSIGNMENT((#1891));
#1691=STYLED_ITEM('',(#1892),#1886);
#1894=DIRECTION('',(0.E0,1.E0,0.E0));
#1895=VECTOR('',#1894,2.E-1);
#1896=CARTESIAN_POINT('',(1.35E0,0.E0,-1.25E-1));
#1897=LINE('',#1896,#1895);
#1898=CURVE_STYLE('',#34,POSITIVE_LENGTH_MEASURE(2.E-2),#22);
#1899=PRESENTATION_STYLE_ASSIGNMENT((#1898));
#1900=STYLED_ITEM('',(#1899),#1897);
#1901=DIRECTION('',(0.E0,0.E0,-1.E0));
#1902=VECTOR('',#1901,2.5E-1);
#1903=CARTESIAN_POINT('',(1.35E0,0.E0,-1.25E-1));
#1904=LINE('',#1903,#1902);
#1905=CURVE_STYLE('',#34,POSITIVE_LENGTH_MEASURE(2.E-2),#22);
#1906=PRESENTATION_STYLE_ASSIGNMENT((#1905));
#1907=STYLED_ITEM('',(#1906),#1904);
#1908=DIRECTION('',(-1.E0,0.E0,0.E0));
#1909=VECTOR('',#1908,3.5E-1);
#1910=CARTESIAN_POINT('',(1.35E0,0.E0,-3.75E-1));
#1911=LINE('',#1910,#1909);
#1912=CURVE_STYLE('',#34,POSITIVE_LENGTH_MEASURE(2.E-2),#22);
#1913=PRESENTATION_STYLE_ASSIGNMENT((#1912));
#1914=STYLED_ITEM('',(#1913),#1911);
#1915=CARTESIAN_POINT('',(1.E0,0.E0,-2.5E-1));
#1916=DIRECTION('',(0.E0,1.E0,0.E0));
#1917=DIRECTION('',(0.E0,0.E0,-1.E0));
#1918=AXIS2_PLACEMENT_3D('',#1915,#1916,#1917);
#1920=CURVE_STYLE('',#34,POSITIVE_LENGTH_MEASURE(2.E-2),#22);
#1921=PRESENTATION_STYLE_ASSIGNMENT((#1920));
#1922=STYLED_ITEM('',(#1921),#1919);
#1923=DIRECTION('',(1.E0,0.E0,0.E0));
#1924=VECTOR('',#1923,3.5E-1);
#1925=CARTESIAN_POINT('',(1.E0,0.E0,-1.25E-1));
#1926=LINE('',#1925,#1924);
#1927=CURVE_STYLE('',#34,POSITIVE_LENGTH_MEASURE(2.E-2),#22);
#1928=PRESENTATION_STYLE_ASSIGNMENT((#1927));
#1929=STYLED_ITEM('',(#1928),#1926);
#1930=DIRECTION('',(0.E0,1.E0,0.E0));
#1931=VECTOR('',#1930,2.E-1);
#1932=CARTESIAN_POINT('',(1.35E0,0.E0,-3.75E-1));
#1933=LINE('',#1932,#1931);
#1934=CURVE_STYLE('',#34,POSITIVE_LENGTH_MEASURE(2.E-2),#22);
#1935=PRESENTATION_STYLE_ASSIGNMENT((#1934));
#1936=STYLED_ITEM('',(#1935),#1933);
#1937=DIRECTION('',(0.E0,0.E0,-1.E0));
#1938=VECTOR('',#1937,2.5E-1);
#1939=CARTESIAN_POINT('',(1.35E0,2.E-1,-1.25E-1));
#1940=LINE('',#1939,#1938);
#1941=CURVE_STYLE('',#34,POSITIVE_LENGTH_MEASURE(2.E-2),#22);
#1942=PRESENTATION_STYLE_ASSIGNMENT((#1941));
#1943=STYLED_ITEM('',(#1942),#1940);
#1944=DIRECTION('',(1.E0,0.E0,0.E0));
#1945=VECTOR('',#1944,3.5E-1);
#1946=CARTESIAN_POINT('',(1.E0,2.E-1,-1.25E-1));
#1947=LINE('',#1946,#1945);
#1948=CURVE_STYLE('',#34,POSITIVE_LENGTH_MEASURE(2.E-2),#22);
#1949=PRESENTATION_STYLE_ASSIGNMENT((#1948));
#1950=STYLED_ITEM('',(#1949),#1947);
#1951=CARTESIAN_POINT('',(1.E0,2.E-1,-2.5E-1));
#1952=DIRECTION('',(0.E0,1.E0,0.E0));
#1953=DIRECTION('',(0.E0,0.E0,-1.E0));
#1954=AXIS2_PLACEMENT_3D('',#1951,#1952,#1953);
#1956=CURVE_STYLE('',#34,POSITIVE_LENGTH_MEASURE(2.E-2),#22);
#1957=PRESENTATION_STYLE_ASSIGNMENT((#1956));
#1958=STYLED_ITEM('',(#1957),#1955);
#1959=DIRECTION('',(-1.E0,0.E0,0.E0));
#1960=VECTOR('',#1959,3.5E-1);
#1961=CARTESIAN_POINT('',(1.35E0,2.E-1,-3.75E-1));
#1962=LINE('',#1961,#1960);
#1963=CURVE_STYLE('',#34,POSITIVE_LENGTH_MEASURE(2.E-2),#22);
#1964=PRESENTATION_STYLE_ASSIGNMENT((#1963));
#1965=STYLED_ITEM('',(#1964),#1962);
#1966=DIRECTION('',(0.E0,1.E0,0.E0));
#1967=VECTOR('',#1966,2.E-1);
#1968=CARTESIAN_POINT('',(1.E0,0.E0,-1.25E-1));
#1969=LINE('',#1968,#1967);
#1970=CURVE_STYLE('',#34,POSITIVE_LENGTH_MEASURE(2.E-2),#22);
#1971=PRESENTATION_STYLE_ASSIGNMENT((#1970));
#1972=STYLED_ITEM('',(#1971),#1969);
#1973=DIRECTION('',(0.E0,1.E0,0.E0));
#1974=VECTOR('',#1973,2.E-1);
#1975=CARTESIAN_POINT('',(1.E0,0.E0,-3.75E-1));
#1976=LINE('',#1975,#1974);
#1977=CURVE_STYLE('',#34,POSITIVE_LENGTH_MEASURE(2.E-2),#22);
#1978=PRESENTATION_STYLE_ASSIGNMENT((#1977));
#1979=STYLED_ITEM('',(#1978),#1976);
#1980=CARTESIAN_POINT('',(1.35E0,0.E0,-1.25E-1));
#1981=CARTESIAN_POINT('',(1.35E0,0.E0,-3.75E-1));
#1982=VERTEX_POINT('',#1980);
#1983=VERTEX_POINT('',#1981);
#1984=CARTESIAN_POINT('',(1.E0,0.E0,-3.75E-1));
#1985=VERTEX_POINT('',#1984);
#1986=CARTESIAN_POINT('',(1.E0,0.E0,-1.25E-1));
#1987=VERTEX_POINT('',#1986);
#1988=CARTESIAN_POINT('',(1.35E0,2.E-1,-1.25E-1));
#1989=CARTESIAN_POINT('',(1.35E0,2.E-1,-3.75E-1));
#1990=VERTEX_POINT('',#1988);
#1991=VERTEX_POINT('',#1989);
#1992=CARTESIAN_POINT('',(1.E0,2.E-1,-3.75E-1));
#1993=VERTEX_POINT('',#1992);
#1994=CARTESIAN_POINT('',(1.E0,2.E-1,-1.25E-1));
#1995=VERTEX_POINT('',#1994);
#1996=CARTESIAN_POINT('',(1.35E0,0.E0,-1.25E-1));
#1997=DIRECTION('',(1.E0,0.E0,0.E0));
#1998=DIRECTION('',(0.E0,0.E0,-1.E0));
#1999=AXIS2_PLACEMENT_3D('',#1996,#1997,#1998);
#2000=PLANE('',#1999);
#2002=ORIENTED_EDGE('',*,*,#2001,.F.);
#2004=ORIENTED_EDGE('',*,*,#2003,.T.);
#2006=ORIENTED_EDGE('',*,*,#2005,.T.);
#2008=ORIENTED_EDGE('',*,*,#2007,.F.);
#2009=EDGE_LOOP('',(#2002,#2004,#2006,#2008));
#2010=FACE_OUTER_BOUND('',#2009,.F.);
#2011=ADVANCED_FACE('',(#2010),#2000,.T.);
#2012=FILL_AREA_STYLE_COLOUR('',#20);
#2013=FILL_AREA_STYLE('',(#2012));
#2014=SURFACE_STYLE_FILL_AREA(#2013);
#2015=SURFACE_SIDE_STYLE('',(#2014));
#2016=SURFACE_STYLE_USAGE(.POSITIVE.,#2015);
#2017=PRESENTATION_STYLE_ASSIGNMENT((#2016));
#2018=OVER_RIDING_STYLED_ITEM('',(#2017),#2011,#1893);
#2019=CARTESIAN_POINT('',(0.E0,0.E0,0.E0));
#2020=DIRECTION('',(0.E0,1.E0,0.E0));
#2021=DIRECTION('',(1.E0,0.E0,0.E0));
#2022=AXIS2_PLACEMENT_3D('',#2019,#2020,#2021);
#2023=PLANE('',#2022);
#2024=ORIENTED_EDGE('',*,*,#2001,.T.);
#2026=ORIENTED_EDGE('',*,*,#2025,.T.);
#2028=ORIENTED_EDGE('',*,*,#2027,.T.);
#2030=ORIENTED_EDGE('',*,*,#2029,.T.);
#2031=EDGE_LOOP('',(#2024,#2026,#2028,#2030));
#2032=FACE_OUTER_BOUND('',#2031,.F.);
#2033=ADVANCED_FACE('',(#2032),#2023,.F.);
#2034=CARTESIAN_POINT('',(1.35E0,0.E0,-3.75E-1));
#2035=DIRECTION('',(0.E0,0.E0,-1.E0));
#2036=DIRECTION('',(-1.E0,0.E0,0.E0));
#2037=AXIS2_PLACEMENT_3D('',#2034,#2035,#2036);
#2038=PLANE('',#2037);
#2039=ORIENTED_EDGE('',*,*,#2025,.F.);
#2040=ORIENTED_EDGE('',*,*,#2007,.T.);
#2042=ORIENTED_EDGE('',*,*,#2041,.T.);
#2044=ORIENTED_EDGE('',*,*,#2043,.F.);
#2045=EDGE_LOOP('',(#2039,#2040,#2042,#2044));
#2046=FACE_OUTER_BOUND('',#2045,.F.);
#2047=ADVANCED_FACE('',(#2046),#2038,.T.);
#2048=CARTESIAN_POINT('',(0.E0,2.E-1,0.E0));
#2049=DIRECTION('',(0.E0,1.E0,0.E0));
#2050=DIRECTION('',(1.E0,0.E0,0.E0));
#2051=AXIS2_PLACEMENT_3D('',#2048,#2049,#2050);
#2052=PLANE('',#2051);
#2053=ORIENTED_EDGE('',*,*,#2005,.F.);
#2055=ORIENTED_EDGE('',*,*,#2054,.F.);
#2057=ORIENTED_EDGE('',*,*,#2056,.F.);
#2058=ORIENTED_EDGE('',*,*,#2041,.F.);
#2059=EDGE_LOOP('',(#2053,#2055,#2057,#2058));
#2060=FACE_OUTER_BOUND('',#2059,.F.);
#2061=ADVANCED_FACE('',(#2060),#2052,.T.);
#2062=CARTESIAN_POINT('',(1.E0,0.E0,-1.25E-1));
#2063=DIRECTION('',(0.E0,0.E0,1.E0));
#2064=DIRECTION('',(1.E0,0.E0,0.E0));
#2065=AXIS2_PLACEMENT_3D('',#2062,#2063,#2064);
#2066=PLANE('',#2065);
#2067=ORIENTED_EDGE('',*,*,#2029,.F.);
#2069=ORIENTED_EDGE('',*,*,#2068,.T.);
#2070=ORIENTED_EDGE('',*,*,#2054,.T.);
#2071=ORIENTED_EDGE('',*,*,#2003,.F.);
#2072=EDGE_LOOP('',(#2067,#2069,#2070,#2071));
#2073=FACE_OUTER_BOUND('',#2072,.F.);
#2074=ADVANCED_FACE('',(#2073),#2066,.T.);
#2075=CARTESIAN_POINT('',(1.E0,0.E0,-2.5E-1));
#2076=DIRECTION('',(0.E0,1.E0,0.E0));
#2077=DIRECTION('',(1.E0,0.E0,0.E0));
#2078=AXIS2_PLACEMENT_3D('',#2075,#2076,#2077);
#2079=CYLINDRICAL_SURFACE('',#2078,1.25E-1);
#2080=ORIENTED_EDGE('',*,*,#2027,.F.);
#2081=ORIENTED_EDGE('',*,*,#2043,.T.);
#2082=ORIENTED_EDGE('',*,*,#2056,.T.);
#2083=ORIENTED_EDGE('',*,*,#2068,.F.);
#2084=EDGE_LOOP('',(#2080,#2081,#2082,#2083));
#2085=FACE_OUTER_BOUND('',#2084,.F.);
#2086=ADVANCED_FACE('',(#2085),#2079,.T.);
#2087=CLOSED_SHELL('',(#2011,#2033,#2047,#2061,#2074,#2086));
#2088=MANIFOLD_SOLID_BREP('',#2087);
#2089=FILL_AREA_STYLE_COLOUR('',#22);
#2090=FILL_AREA_STYLE('',(#2089));
#2091=SURFACE_STYLE_FILL_AREA(#2090);
#2092=SURFACE_SIDE_STYLE('',(#2091));
#2093=SURFACE_STYLE_USAGE(.POSITIVE.,#2092);
#2094=PRESENTATION_STYLE_ASSIGNMENT((#2093));
#1893=STYLED_ITEM('',(#2094),#2088);
#2096=DIRECTION('',(0.E0,1.E0,0.E0));
#2097=VECTOR('',#2096,2.E-1);
#2098=CARTESIAN_POINT('',(1.35E0,0.E0,-6.25E-1));
#2099=LINE('',#2098,#2097);
#2100=CURVE_STYLE('',#34,POSITIVE_LENGTH_MEASURE(2.E-2),#22);
#2101=PRESENTATION_STYLE_ASSIGNMENT((#2100));
#2102=STYLED_ITEM('',(#2101),#2099);
#2103=DIRECTION('',(0.E0,0.E0,-1.E0));
#2104=VECTOR('',#2103,2.5E-1);
#2105=CARTESIAN_POINT('',(1.35E0,0.E0,-6.25E-1));
#2106=LINE('',#2105,#2104);
#2107=CURVE_STYLE('',#34,POSITIVE_LENGTH_MEASURE(2.E-2),#22);
#2108=PRESENTATION_STYLE_ASSIGNMENT((#2107));
#2109=STYLED_ITEM('',(#2108),#2106);
#2110=DIRECTION('',(-1.E0,0.E0,0.E0));
#2111=VECTOR('',#2110,3.5E-1);
#2112=CARTESIAN_POINT('',(1.35E0,0.E0,-8.75E-1));
#2113=LINE('',#2112,#2111);
#2114=CURVE_STYLE('',#34,POSITIVE_LENGTH_MEASURE(2.E-2),#22);
#2115=PRESENTATION_STYLE_ASSIGNMENT((#2114));
#2116=STYLED_ITEM('',(#2115),#2113);
#2117=CARTESIAN_POINT('',(1.E0,0.E0,-7.5E-1));
#2118=DIRECTION('',(0.E0,1.E0,0.E0));
#2119=DIRECTION('',(0.E0,0.E0,-1.E0));
#2120=AXIS2_PLACEMENT_3D('',#2117,#2118,#2119);
#2122=CURVE_STYLE('',#34,POSITIVE_LENGTH_MEASURE(2.E-2),#22);
#2123=PRESENTATION_STYLE_ASSIGNMENT((#2122));
#2124=STYLED_ITEM('',(#2123),#2121);
#2125=DIRECTION('',(1.E0,0.E0,0.E0));
#2126=VECTOR('',#2125,3.5E-1);
#2127=CARTESIAN_POINT('',(1.E0,0.E0,-6.25E-1));
#2128=LINE('',#2127,#2126);
#2129=CURVE_STYLE('',#34,POSITIVE_LENGTH_MEASURE(2.E-2),#22);
#2130=PRESENTATION_STYLE_ASSIGNMENT((#2129));
#2131=STYLED_ITEM('',(#2130),#2128);
#2132=DIRECTION('',(0.E0,1.E0,0.E0));
#2133=VECTOR('',#2132,2.E-1);
#2134=CARTESIAN_POINT('',(1.35E0,0.E0,-8.75E-1));
#2135=LINE('',#2134,#2133);
#2136=CURVE_STYLE('',#34,POSITIVE_LENGTH_MEASURE(2.E-2),#22);
#2137=PRESENTATION_STYLE_ASSIGNMENT((#2136));
#2138=STYLED_ITEM('',(#2137),#2135);
#2139=DIRECTION('',(0.E0,0.E0,-1.E0));
#2140=VECTOR('',#2139,2.5E-1);
#2141=CARTESIAN_POINT('',(1.35E0,2.E-1,-6.25E-1));
#2142=LINE('',#2141,#2140);
#2143=CURVE_STYLE('',#34,POSITIVE_LENGTH_MEASURE(2.E-2),#22);
#2144=PRESENTATION_STYLE_ASSIGNMENT((#2143));
#2145=STYLED_ITEM('',(#2144),#2142);
#2146=DIRECTION('',(1.E0,0.E0,0.E0));
#2147=VECTOR('',#2146,3.5E-1);
#2148=CARTESIAN_POINT('',(1.E0,2.E-1,-6.25E-1));
#2149=LINE('',#2148,#2147);
#2150=CURVE_STYLE('',#34,POSITIVE_LENGTH_MEASURE(2.E-2),#22);
#2151=PRESENTATION_STYLE_ASSIGNMENT((#2150));
#2152=STYLED_ITEM('',(#2151),#2149);
#2153=CARTESIAN_POINT('',(1.E0,2.E-1,-7.5E-1));
#2154=DIRECTION('',(0.E0,1.E0,0.E0));
#2155=DIRECTION('',(0.E0,0.E0,-1.E0));
#2156=AXIS2_PLACEMENT_3D('',#2153,#2154,#2155);
#2158=CURVE_STYLE('',#34,POSITIVE_LENGTH_MEASURE(2.E-2),#22);
#2159=PRESENTATION_STYLE_ASSIGNMENT((#2158));
#2160=STYLED_ITEM('',(#2159),#2157);
#2161=DIRECTION('',(-1.E0,0.E0,0.E0));
#2162=VECTOR('',#2161,3.5E-1);
#2163=CARTESIAN_POINT('',(1.35E0,2.E-1,-8.75E-1));
#2164=LINE('',#2163,#2162);
#2165=CURVE_STYLE('',#34,POSITIVE_LENGTH_MEASURE(2.E-2),#22);
#2166=PRESENTATION_STYLE_ASSIGNMENT((#2165));
#2167=STYLED_ITEM('',(#2166),#2164);
#2168=DIRECTION('',(0.E0,1.E0,0.E0));
#2169=VECTOR('',#2168,2.E-1);
#2170=CARTESIAN_POINT('',(1.E0,0.E0,-6.25E-1));
#2171=LINE('',#2170,#2169);
#2172=CURVE_STYLE('',#34,POSITIVE_LENGTH_MEASURE(2.E-2),#22);
#2173=PRESENTATION_STYLE_ASSIGNMENT((#2172));
#2174=STYLED_ITEM('',(#2173),#2171);
#2175=DIRECTION('',(0.E0,1.E0,0.E0));
#2176=VECTOR('',#2175,2.E-1);
#2177=CARTESIAN_POINT('',(1.E0,0.E0,-8.75E-1));
#2178=LINE('',#2177,#2176);
#2179=CURVE_STYLE('',#34,POSITIVE_LENGTH_MEASURE(2.E-2),#22);
#2180=PRESENTATION_STYLE_ASSIGNMENT((#2179));
#2181=STYLED_ITEM('',(#2180),#2178);
#2182=CARTESIAN_POINT('',(1.35E0,0.E0,-6.25E-1));
#2183=CARTESIAN_POINT('',(1.35E0,0.E0,-8.75E-1));
#2184=VERTEX_POINT('',#2182);
#2185=VERTEX_POINT('',#2183);
#2186=CARTESIAN_POINT('',(1.E0,0.E0,-8.75E-1));
#2187=VERTEX_POINT('',#2186);
#2188=CARTESIAN_POINT('',(1.E0,0.E0,-6.25E-1));
#2189=VERTEX_POINT('',#2188);
#2190=CARTESIAN_POINT('',(1.35E0,2.E-1,-6.25E-1));
#2191=CARTESIAN_POINT('',(1.35E0,2.E-1,-8.75E-1));
#2192=VERTEX_POINT('',#2190);
#2193=VERTEX_POINT('',#2191);
#2194=CARTESIAN_POINT('',(1.E0,2.E-1,-8.75E-1));
#2195=VERTEX_POINT('',#2194);
#2196=CARTESIAN_POINT('',(1.E0,2.E-1,-6.25E-1));
#2197=VERTEX_POINT('',#2196);
#2198=CARTESIAN_POINT('',(1.35E0,0.E0,-6.25E-1));
#2199=DIRECTION('',(1.E0,0.E0,0.E0));
#2200=DIRECTION('',(0.E0,0.E0,-1.E0));
#2201=AXIS2_PLACEMENT_3D('',#2198,#2199,#2200);
#2202=PLANE('',#2201);
#2204=ORIENTED_EDGE('',*,*,#2203,.F.);
#2206=ORIENTED_EDGE('',*,*,#2205,.T.);
#2208=ORIENTED_EDGE('',*,*,#2207,.T.);
#2210=ORIENTED_EDGE('',*,*,#2209,.F.);
#2211=EDGE_LOOP('',(#2204,#2206,#2208,#2210));
#2212=FACE_OUTER_BOUND('',#2211,.F.);
#2213=ADVANCED_FACE('',(#2212),#2202,.T.);
#2214=FILL_AREA_STYLE_COLOUR('',#20);
#2215=FILL_AREA_STYLE('',(#2214));
#2216=SURFACE_STYLE_FILL_AREA(#2215);
#2217=SURFACE_SIDE_STYLE('',(#2216));
#2218=SURFACE_STYLE_USAGE(.POSITIVE.,#2217);
#2219=PRESENTATION_STYLE_ASSIGNMENT((#2218));
#2220=OVER_RIDING_STYLED_ITEM('',(#2219),#2213,#2095);
#2221=CARTESIAN_POINT('',(0.E0,0.E0,0.E0));
#2222=DIRECTION('',(0.E0,1.E0,0.E0));
#2223=DIRECTION('',(1.E0,0.E0,0.E0));
#2224=AXIS2_PLACEMENT_3D('',#2221,#2222,#2223);
#2225=PLANE('',#2224);
#2226=ORIENTED_EDGE('',*,*,#2203,.T.);
#2228=ORIENTED_EDGE('',*,*,#2227,.T.);
#2230=ORIENTED_EDGE('',*,*,#2229,.T.);
#2232=ORIENTED_EDGE('',*,*,#2231,.T.);
#2233=EDGE_LOOP('',(#2226,#2228,#2230,#2232));
#2234=FACE_OUTER_BOUND('',#2233,.F.);
#2235=ADVANCED_FACE('',(#2234),#2225,.F.);
#2236=CARTESIAN_POINT('',(1.35E0,0.E0,-8.75E-1));
#2237=DIRECTION('',(0.E0,0.E0,-1.E0));
#2238=DIRECTION('',(-1.E0,0.E0,0.E0));
#2239=AXIS2_PLACEMENT_3D('',#2236,#2237,#2238);
#2240=PLANE('',#2239);
#2241=ORIENTED_EDGE('',*,*,#2227,.F.);
#2242=ORIENTED_EDGE('',*,*,#2209,.T.);
#2244=ORIENTED_EDGE('',*,*,#2243,.T.);
#2246=ORIENTED_EDGE('',*,*,#2245,.F.);
#2247=EDGE_LOOP('',(#2241,#2242,#2244,#2246));
#2248=FACE_OUTER_BOUND('',#2247,.F.);
#2249=ADVANCED_FACE('',(#2248),#2240,.T.);
#2250=CARTESIAN_POINT('',(0.E0,2.E-1,0.E0));
#2251=DIRECTION('',(0.E0,1.E0,0.E0));
#2252=DIRECTION('',(1.E0,0.E0,0.E0));
#2253=AXIS2_PLACEMENT_3D('',#2250,#2251,#2252);
#2254=PLANE('',#2253);
#2255=ORIENTED_EDGE('',*,*,#2207,.F.);
#2257=ORIENTED_EDGE('',*,*,#2256,.F.);
#2259=ORIENTED_EDGE('',*,*,#2258,.F.);
#2260=ORIENTED_EDGE('',*,*,#2243,.F.);
#2261=EDGE_LOOP('',(#2255,#2257,#2259,#2260));
#2262=FACE_OUTER_BOUND('',#2261,.F.);
#2263=ADVANCED_FACE('',(#2262),#2254,.T.);
#2264=CARTESIAN_POINT('',(1.E0,0.E0,-6.25E-1));
#2265=DIRECTION('',(0.E0,0.E0,1.E0));
#2266=DIRECTION('',(1.E0,0.E0,0.E0));
#2267=AXIS2_PLACEMENT_3D('',#2264,#2265,#2266);
#2268=PLANE('',#2267);
#2269=ORIENTED_EDGE('',*,*,#2231,.F.);
#2271=ORIENTED_EDGE('',*,*,#2270,.T.);
#2272=ORIENTED_EDGE('',*,*,#2256,.T.);
#2273=ORIENTED_EDGE('',*,*,#2205,.F.);
#2274=EDGE_LOOP('',(#2269,#2271,#2272,#2273));
#2275=FACE_OUTER_BOUND('',#2274,.F.);
#2276=ADVANCED_FACE('',(#2275),#2268,.T.);
#2277=CARTESIAN_POINT('',(1.E0,0.E0,-7.5E-1));
#2278=DIRECTION('',(0.E0,1.E0,0.E0));
#2279=DIRECTION('',(1.E0,0.E0,0.E0));
#2280=AXIS2_PLACEMENT_3D('',#2277,#2278,#2279);
#2281=CYLINDRICAL_SURFACE('',#2280,1.25E-1);
#2282=ORIENTED_EDGE('',*,*,#2229,.F.);
#2283=ORIENTED_EDGE('',*,*,#2245,.T.);
#2284=ORIENTED_EDGE('',*,*,#2258,.T.);
#2285=ORIENTED_EDGE('',*,*,#2270,.F.);
#2286=EDGE_LOOP('',(#2282,#2283,#2284,#2285));
#2287=FACE_OUTER_BOUND('',#2286,.F.);
#2288=ADVANCED_FACE('',(#2287),#2281,.T.);
#2289=CLOSED_SHELL('',(#2213,#2235,#2249,#2263,#2276,#2288));
#2290=MANIFOLD_SOLID_BREP('',#2289);
#2291=FILL_AREA_STYLE_COLOUR('',#22);
#2292=FILL_AREA_STYLE('',(#2291));
#2293=SURFACE_STYLE_FILL_AREA(#2292);
#2294=SURFACE_SIDE_STYLE('',(#2293));
#2295=SURFACE_STYLE_USAGE(.POSITIVE.,#2294);
#2296=PRESENTATION_STYLE_ASSIGNMENT((#2295));
#2095=STYLED_ITEM('',(#2296),#2290);
#2298=DIRECTION('',(0.E0,1.E0,0.E0));
#2299=VECTOR('',#2298,2.E-1);
#2300=CARTESIAN_POINT('',(3.75E-1,0.E0,-8.5E-1));
#2301=LINE('',#2300,#2299);
#2302=CURVE_STYLE('',#34,POSITIVE_LENGTH_MEASURE(2.E-2),#22);
#2303=PRESENTATION_STYLE_ASSIGNMENT((#2302));
#2304=STYLED_ITEM('',(#2303),#2301);
#2305=CARTESIAN_POINT('',(5.E-1,0.E0,-8.5E-1));
#2306=DIRECTION('',(0.E0,1.E0,0.E0));
#2307=DIRECTION('',(-1.E0,0.E0,0.E0));
#2308=AXIS2_PLACEMENT_3D('',#2305,#2306,#2307);
#2310=CURVE_STYLE('',#34,POSITIVE_LENGTH_MEASURE(2.E-2),#22);
#2311=PRESENTATION_STYLE_ASSIGNMENT((#2310));
#2312=STYLED_ITEM('',(#2311),#2309);
#2313=DIRECTION('',(0.E0,0.E0,-1.E0));
#2314=VECTOR('',#2313,3.E-1);
#2315=CARTESIAN_POINT('',(6.25E-1,0.E0,-8.5E-1));
#2316=LINE('',#2315,#2314);
#2317=CURVE_STYLE('',#34,POSITIVE_LENGTH_MEASURE(2.E-2),#22);
#2318=PRESENTATION_STYLE_ASSIGNMENT((#2317));
#2319=STYLED_ITEM('',(#2318),#2316);
#2320=DIRECTION('',(-1.E0,0.E0,0.E0));
#2321=VECTOR('',#2320,2.5E-1);
#2322=CARTESIAN_POINT('',(6.25E-1,0.E0,-1.15E0));
#2323=LINE('',#2322,#2321);
#2324=CURVE_STYLE('',#34,POSITIVE_LENGTH_MEASURE(2.E-2),#22);
#2325=PRESENTATION_STYLE_ASSIGNMENT((#2324));
#2326=STYLED_ITEM('',(#2325),#2323);
#2327=DIRECTION('',(0.E0,0.E0,1.E0));
#2328=VECTOR('',#2327,3.E-1);
#2329=CARTESIAN_POINT('',(3.75E-1,0.E0,-1.15E0));
#2330=LINE('',#2329,#2328);
#2331=CURVE_STYLE('',#34,POSITIVE_LENGTH_MEASURE(2.E-2),#22);
#2332=PRESENTATION_STYLE_ASSIGNMENT((#2331));
#2333=STYLED_ITEM('',(#2332),#2330);
#2334=DIRECTION('',(0.E0,1.E0,0.E0));
#2335=VECTOR('',#2334,2.E-1);
#2336=CARTESIAN_POINT('',(6.25E-1,0.E0,-8.5E-1));
#2337=LINE('',#2336,#2335);
#2338=CURVE_STYLE('',#34,POSITIVE_LENGTH_MEASURE(2.E-2),#22);
#2339=PRESENTATION_STYLE_ASSIGNMENT((#2338));
#2340=STYLED_ITEM('',(#2339),#2337);
#2341=CARTESIAN_POINT('',(5.E-1,2.E-1,-8.5E-1));
#2342=DIRECTION('',(0.E0,1.E0,0.E0));
#2343=DIRECTION('',(-1.E0,0.E0,0.E0));
#2344=AXIS2_PLACEMENT_3D('',#2341,#2342,#2343);
#2346=CURVE_STYLE('',#34,POSITIVE_LENGTH_MEASURE(2.E-2),#22);
#2347=PRESENTATION_STYLE_ASSIGNMENT((#2346));
#2348=STYLED_ITEM('',(#2347),#2345);
#2349=DIRECTION('',(0.E0,0.E0,1.E0));
#2350=VECTOR('',#2349,3.E-1);
#2351=CARTESIAN_POINT('',(3.75E-1,2.E-1,-1.15E0));
#2352=LINE('',#2351,#2350);
#2353=CURVE_STYLE('',#34,POSITIVE_LENGTH_MEASURE(2.E-2),#22);
#2354=PRESENTATION_STYLE_ASSIGNMENT((#2353));
#2355=STYLED_ITEM('',(#2354),#2352);
#2356=DIRECTION('',(-1.E0,0.E0,0.E0));
#2357=VECTOR('',#2356,2.5E-1);
#2358=CARTESIAN_POINT('',(6.25E-1,2.E-1,-1.15E0));
#2359=LINE('',#2358,#2357);
#2360=CURVE_STYLE('',#34,POSITIVE_LENGTH_MEASURE(2.E-2),#22);
#2361=PRESENTATION_STYLE_ASSIGNMENT((#2360));
#2362=STYLED_ITEM('',(#2361),#2359);
#2363=DIRECTION('',(0.E0,0.E0,-1.E0));
#2364=VECTOR('',#2363,3.E-1);
#2365=CARTESIAN_POINT('',(6.25E-1,2.E-1,-8.5E-1));
#2366=LINE('',#2365,#2364);
#2367=CURVE_STYLE('',#34,POSITIVE_LENGTH_MEASURE(2.E-2),#22);
#2368=PRESENTATION_STYLE_ASSIGNMENT((#2367));
#2369=STYLED_ITEM('',(#2368),#2366);
#2370=DIRECTION('',(0.E0,1.E0,0.E0));
#2371=VECTOR('',#2370,2.E-1);
#2372=CARTESIAN_POINT('',(3.75E-1,0.E0,-1.15E0));
#2373=LINE('',#2372,#2371);
#2374=CURVE_STYLE('',#34,POSITIVE_LENGTH_MEASURE(2.E-2),#22);
#2375=PRESENTATION_STYLE_ASSIGNMENT((#2374));
#2376=STYLED_ITEM('',(#2375),#2373);
#2377=DIRECTION('',(0.E0,1.E0,0.E0));
#2378=VECTOR('',#2377,2.E-1);
#2379=CARTESIAN_POINT('',(6.25E-1,0.E0,-1.15E0));
#2380=LINE('',#2379,#2378);
#2381=CURVE_STYLE('',#34,POSITIVE_LENGTH_MEASURE(2.E-2),#22);
#2382=PRESENTATION_STYLE_ASSIGNMENT((#2381));
#2383=STYLED_ITEM('',(#2382),#2380);
#2384=CARTESIAN_POINT('',(3.75E-1,0.E0,-8.5E-1));
#2385=CARTESIAN_POINT('',(6.25E-1,0.E0,-8.5E-1));
#2386=VERTEX_POINT('',#2384);
#2387=VERTEX_POINT('',#2385);
#2388=CARTESIAN_POINT('',(6.25E-1,0.E0,-1.15E0));
#2389=VERTEX_POINT('',#2388);
#2390=CARTESIAN_POINT('',(3.75E-1,0.E0,-1.15E0));
#2391=VERTEX_POINT('',#2390);
#2392=CARTESIAN_POINT('',(3.75E-1,2.E-1,-8.5E-1));
#2393=CARTESIAN_POINT('',(6.25E-1,2.E-1,-8.5E-1));
#2394=VERTEX_POINT('',#2392);
#2395=VERTEX_POINT('',#2393);
#2396=CARTESIAN_POINT('',(6.25E-1,2.E-1,-1.15E0));
#2397=VERTEX_POINT('',#2396);
#2398=CARTESIAN_POINT('',(3.75E-1,2.E-1,-1.15E0));
#2399=VERTEX_POINT('',#2398);
#2400=CARTESIAN_POINT('',(5.E-1,0.E0,-8.5E-1));
#2401=DIRECTION('',(0.E0,1.E0,0.E0));
#2402=DIRECTION('',(1.E0,0.E0,0.E0));
#2403=AXIS2_PLACEMENT_3D('',#2400,#2401,#2402);
#2404=CYLINDRICAL_SURFACE('',#2403,1.25E-1);
#2406=ORIENTED_EDGE('',*,*,#2405,.F.);
#2408=ORIENTED_EDGE('',*,*,#2407,.T.);
#2410=ORIENTED_EDGE('',*,*,#2409,.T.);
#2412=ORIENTED_EDGE('',*,*,#2411,.F.);
#2413=EDGE_LOOP('',(#2406,#2408,#2410,#2412));
#2414=FACE_OUTER_BOUND('',#2413,.F.);
#2415=ADVANCED_FACE('',(#2414),#2404,.T.);
#2416=CARTESIAN_POINT('',(0.E0,0.E0,0.E0));
#2417=DIRECTION('',(0.E0,1.E0,0.E0));
#2418=DIRECTION('',(1.E0,0.E0,0.E0));
#2419=AXIS2_PLACEMENT_3D('',#2416,#2417,#2418);
#2420=PLANE('',#2419);
#2421=ORIENTED_EDGE('',*,*,#2405,.T.);
#2423=ORIENTED_EDGE('',*,*,#2422,.T.);
#2425=ORIENTED_EDGE('',*,*,#2424,.T.);
#2427=ORIENTED_EDGE('',*,*,#2426,.T.);
#2428=EDGE_LOOP('',(#2421,#2423,#2425,#2427));
#2429=FACE_OUTER_BOUND('',#2428,.F.);
#2430=ADVANCED_FACE('',(#2429),#2420,.F.);
#2431=CARTESIAN_POINT('',(6.25E-1,0.E0,-8.5E-1));
#2432=DIRECTION('',(1.E0,0.E0,0.E0));
#2433=DIRECTION('',(0.E0,0.E0,-1.E0));
#2434=AXIS2_PLACEMENT_3D('',#2431,#2432,#2433);
#2435=PLANE('',#2434);
#2436=ORIENTED_EDGE('',*,*,#2422,.F.);
#2437=ORIENTED_EDGE('',*,*,#2411,.T.);
#2439=ORIENTED_EDGE('',*,*,#2438,.T.);
#2441=ORIENTED_EDGE('',*,*,#2440,.F.);
#2442=EDGE_LOOP('',(#2436,#2437,#2439,#2441));
#2443=FACE_OUTER_BOUND('',#2442,.F.);
#2444=ADVANCED_FACE('',(#2443),#2435,.T.);
#2445=CARTESIAN_POINT('',(0.E0,2.E-1,0.E0));
#2446=DIRECTION('',(0.E0,1.E0,0.E0));
#2447=DIRECTION('',(1.E0,0.E0,0.E0));
#2448=AXIS2_PLACEMENT_3D('',#2445,#2446,#2447);
#2449=PLANE('',#2448);
#2450=ORIENTED_EDGE('',*,*,#2409,.F.);
#2452=ORIENTED_EDGE('',*,*,#2451,.F.);
#2454=ORIENTED_EDGE('',*,*,#2453,.F.);
#2455=ORIENTED_EDGE('',*,*,#2438,.F.);
#2456=EDGE_LOOP('',(#2450,#2452,#2454,#2455));
#2457=FACE_OUTER_BOUND('',#2456,.F.);
#2458=ADVANCED_FACE('',(#2457),#2449,.T.);
#2459=CARTESIAN_POINT('',(3.75E-1,0.E0,-1.15E0));
#2460=DIRECTION('',(-1.E0,0.E0,0.E0));
#2461=DIRECTION('',(0.E0,0.E0,1.E0));
#2462=AXIS2_PLACEMENT_3D('',#2459,#2460,#2461);
#2463=PLANE('',#2462);
#2464=ORIENTED_EDGE('',*,*,#2426,.F.);
#2466=ORIENTED_EDGE('',*,*,#2465,.T.);
#2467=ORIENTED_EDGE('',*,*,#2451,.T.);
#2468=ORIENTED_EDGE('',*,*,#2407,.F.);
#2469=EDGE_LOOP('',(#2464,#2466,#2467,#2468));
#2470=FACE_OUTER_BOUND('',#2469,.F.);
#2471=ADVANCED_FACE('',(#2470),#2463,.T.);
#2472=CARTESIAN_POINT('',(6.25E-1,0.E0,-1.15E0));
#2473=DIRECTION('',(0.E0,0.E0,-1.E0));
#2474=DIRECTION('',(-1.E0,0.E0,0.E0));
#2475=AXIS2_PLACEMENT_3D('',#2472,#2473,#2474);
#2476=PLANE('',#2475);
#2477=ORIENTED_EDGE('',*,*,#2424,.F.);
#2478=ORIENTED_EDGE('',*,*,#2440,.T.);
#2479=ORIENTED_EDGE('',*,*,#2453,.T.);
#2480=ORIENTED_EDGE('',*,*,#2465,.F.);
#2481=EDGE_LOOP('',(#2477,#2478,#2479,#2480));
#2482=FACE_OUTER_BOUND('',#2481,.F.);
#2483=ADVANCED_FACE('',(#2482),#2476,.T.);
#2484=FILL_AREA_STYLE_COLOUR('',#20);
#2485=FILL_AREA_STYLE('',(#2484));
#2486=SURFACE_STYLE_FILL_AREA(#2485);
#2487=SURFACE_SIDE_STYLE('',(#2486));
#2488=SURFACE_STYLE_USAGE(.POSITIVE.,#2487);
#2489=PRESENTATION_STYLE_ASSIGNMENT((#2488));
#2490=OVER_RIDING_STYLED_ITEM('',(#2489),#2483,#2297);
#2491=CLOSED_SHELL('',(#2415,#2430,#2444,#2458,#2471,#2483));
#2492=MANIFOLD_SOLID_BREP('',#2491);
#2493=FILL_AREA_STYLE_COLOUR('',#22);
#2494=FILL_AREA_STYLE('',(#2493));
#2495=SURFACE_STYLE_FILL_AREA(#2494);
#2496=SURFACE_SIDE_STYLE('',(#2495));
#2497=SURFACE_STYLE_USAGE(.POSITIVE.,#2496);
#2498=PRESENTATION_STYLE_ASSIGNMENT((#2497));
#2297=STYLED_ITEM('',(#2498),#2492);
#2500=DIRECTION('',(0.E0,1.E0,0.E0));
#2501=VECTOR('',#2500,2.E-1);
#2502=CARTESIAN_POINT('',(-1.25E-1,0.E0,-8.5E-1));
#2503=LINE('',#2502,#2501);
#2504=CURVE_STYLE('',#34,POSITIVE_LENGTH_MEASURE(2.E-2),#22);
#2505=PRESENTATION_STYLE_ASSIGNMENT((#2504));
#2506=STYLED_ITEM('',(#2505),#2503);
#2507=CARTESIAN_POINT('',(0.E0,0.E0,-8.5E-1));
#2508=DIRECTION('',(0.E0,1.E0,0.E0));
#2509=DIRECTION('',(-1.E0,0.E0,0.E0));
#2510=AXIS2_PLACEMENT_3D('',#2507,#2508,#2509);
#2512=CURVE_STYLE('',#34,POSITIVE_LENGTH_MEASURE(2.E-2),#22);
#2513=PRESENTATION_STYLE_ASSIGNMENT((#2512));
#2514=STYLED_ITEM('',(#2513),#2511);
#2515=DIRECTION('',(0.E0,0.E0,-1.E0));
#2516=VECTOR('',#2515,3.E-1);
#2517=CARTESIAN_POINT('',(1.25E-1,0.E0,-8.5E-1));
#2518=LINE('',#2517,#2516);
#2519=CURVE_STYLE('',#34,POSITIVE_LENGTH_MEASURE(2.E-2),#22);
#2520=PRESENTATION_STYLE_ASSIGNMENT((#2519));
#2521=STYLED_ITEM('',(#2520),#2518);
#2522=DIRECTION('',(-1.E0,0.E0,0.E0));
#2523=VECTOR('',#2522,2.5E-1);
#2524=CARTESIAN_POINT('',(1.25E-1,0.E0,-1.15E0));
#2525=LINE('',#2524,#2523);
#2526=CURVE_STYLE('',#34,POSITIVE_LENGTH_MEASURE(2.E-2),#22);
#2527=PRESENTATION_STYLE_ASSIGNMENT((#2526));
#2528=STYLED_ITEM('',(#2527),#2525);
#2529=DIRECTION('',(0.E0,0.E0,1.E0));
#2530=VECTOR('',#2529,3.E-1);
#2531=CARTESIAN_POINT('',(-1.25E-1,0.E0,-1.15E0));
#2532=LINE('',#2531,#2530);
#2533=CURVE_STYLE('',#34,POSITIVE_LENGTH_MEASURE(2.E-2),#22);
#2534=PRESENTATION_STYLE_ASSIGNMENT((#2533));
#2535=STYLED_ITEM('',(#2534),#2532);
#2536=DIRECTION('',(0.E0,1.E0,0.E0));
#2537=VECTOR('',#2536,2.E-1);
#2538=CARTESIAN_POINT('',(1.25E-1,0.E0,-8.5E-1));
#2539=LINE('',#2538,#2537);
#2540=CURVE_STYLE('',#34,POSITIVE_LENGTH_MEASURE(2.E-2),#22);
#2541=PRESENTATION_STYLE_ASSIGNMENT((#2540));
#2542=STYLED_ITEM('',(#2541),#2539);
#2543=CARTESIAN_POINT('',(0.E0,2.E-1,-8.5E-1));
#2544=DIRECTION('',(0.E0,1.E0,0.E0));
#2545=DIRECTION('',(-1.E0,0.E0,0.E0));
#2546=AXIS2_PLACEMENT_3D('',#2543,#2544,#2545);
#2548=CURVE_STYLE('',#34,POSITIVE_LENGTH_MEASURE(2.E-2),#22);
#2549=PRESENTATION_STYLE_ASSIGNMENT((#2548));
#2550=STYLED_ITEM('',(#2549),#2547);
#2551=DIRECTION('',(0.E0,0.E0,1.E0));
#2552=VECTOR('',#2551,3.E-1);
#2553=CARTESIAN_POINT('',(-1.25E-1,2.E-1,-1.15E0));
#2554=LINE('',#2553,#2552);
#2555=CURVE_STYLE('',#34,POSITIVE_LENGTH_MEASURE(2.E-2),#22);
#2556=PRESENTATION_STYLE_ASSIGNMENT((#2555));
#2557=STYLED_ITEM('',(#2556),#2554);
#2558=DIRECTION('',(-1.E0,0.E0,0.E0));
#2559=VECTOR('',#2558,2.5E-1);
#2560=CARTESIAN_POINT('',(1.25E-1,2.E-1,-1.15E0));
#2561=LINE('',#2560,#2559);
#2562=CURVE_STYLE('',#34,POSITIVE_LENGTH_MEASURE(2.E-2),#22);
#2563=PRESENTATION_STYLE_ASSIGNMENT((#2562));
#2564=STYLED_ITEM('',(#2563),#2561);
#2565=DIRECTION('',(0.E0,0.E0,-1.E0));
#2566=VECTOR('',#2565,3.E-1);
#2567=CARTESIAN_POINT('',(1.25E-1,2.E-1,-8.5E-1));
#2568=LINE('',#2567,#2566);
#2569=CURVE_STYLE('',#34,POSITIVE_LENGTH_MEASURE(2.E-2),#22);
#2570=PRESENTATION_STYLE_ASSIGNMENT((#2569));
#2571=STYLED_ITEM('',(#2570),#2568);
#2572=DIRECTION('',(0.E0,1.E0,0.E0));
#2573=VECTOR('',#2572,2.E-1);
#2574=CARTESIAN_POINT('',(-1.25E-1,0.E0,-1.15E0));
#2575=LINE('',#2574,#2573);
#2576=CURVE_STYLE('',#34,POSITIVE_LENGTH_MEASURE(2.E-2),#22);
#2577=PRESENTATION_STYLE_ASSIGNMENT((#2576));
#2578=STYLED_ITEM('',(#2577),#2575);
#2579=DIRECTION('',(0.E0,1.E0,0.E0));
#2580=VECTOR('',#2579,2.E-1);
#2581=CARTESIAN_POINT('',(1.25E-1,0.E0,-1.15E0));
#2582=LINE('',#2581,#2580);
#2583=CURVE_STYLE('',#34,POSITIVE_LENGTH_MEASURE(2.E-2),#22);
#2584=PRESENTATION_STYLE_ASSIGNMENT((#2583));
#2585=STYLED_ITEM('',(#2584),#2582);
#2586=CARTESIAN_POINT('',(-1.25E-1,0.E0,-8.5E-1));
#2587=CARTESIAN_POINT('',(1.25E-1,0.E0,-8.5E-1));
#2588=VERTEX_POINT('',#2586);
#2589=VERTEX_POINT('',#2587);
#2590=CARTESIAN_POINT('',(1.25E-1,0.E0,-1.15E0));
#2591=VERTEX_POINT('',#2590);
#2592=CARTESIAN_POINT('',(-1.25E-1,0.E0,-1.15E0));
#2593=VERTEX_POINT('',#2592);
#2594=CARTESIAN_POINT('',(-1.25E-1,2.E-1,-8.5E-1));
#2595=CARTESIAN_POINT('',(1.25E-1,2.E-1,-8.5E-1));
#2596=VERTEX_POINT('',#2594);
#2597=VERTEX_POINT('',#2595);
#2598=CARTESIAN_POINT('',(1.25E-1,2.E-1,-1.15E0));
#2599=VERTEX_POINT('',#2598);
#2600=CARTESIAN_POINT('',(-1.25E-1,2.E-1,-1.15E0));
#2601=VERTEX_POINT('',#2600);
#2602=CARTESIAN_POINT('',(0.E0,0.E0,-8.5E-1));
#2603=DIRECTION('',(0.E0,1.E0,0.E0));
#2604=DIRECTION('',(1.E0,0.E0,0.E0));
#2605=AXIS2_PLACEMENT_3D('',#2602,#2603,#2604);
#2606=CYLINDRICAL_SURFACE('',#2605,1.25E-1);
#2608=ORIENTED_EDGE('',*,*,#2607,.F.);
#2610=ORIENTED_EDGE('',*,*,#2609,.T.);
#2612=ORIENTED_EDGE('',*,*,#2611,.T.);
#2614=ORIENTED_EDGE('',*,*,#2613,.F.);
#2615=EDGE_LOOP('',(#2608,#2610,#2612,#2614));
#2616=FACE_OUTER_BOUND('',#2615,.F.);
#2617=ADVANCED_FACE('',(#2616),#2606,.T.);
#2618=CARTESIAN_POINT('',(0.E0,0.E0,0.E0));
#2619=DIRECTION('',(0.E0,1.E0,0.E0));
#2620=DIRECTION('',(1.E0,0.E0,0.E0));
#2621=AXIS2_PLACEMENT_3D('',#2618,#2619,#2620);
#2622=PLANE('',#2621);
#2623=ORIENTED_EDGE('',*,*,#2607,.T.);
#2625=ORIENTED_EDGE('',*,*,#2624,.T.);
#2627=ORIENTED_EDGE('',*,*,#2626,.T.);
#2629=ORIENTED_EDGE('',*,*,#2628,.T.);
#2630=EDGE_LOOP('',(#2623,#2625,#2627,#2629));
#2631=FACE_OUTER_BOUND('',#2630,.F.);
#2632=ADVANCED_FACE('',(#2631),#2622,.F.);
#2633=CARTESIAN_POINT('',(1.25E-1,0.E0,-8.5E-1));
#2634=DIRECTION('',(1.E0,0.E0,0.E0));
#2635=DIRECTION('',(0.E0,0.E0,-1.E0));
#2636=AXIS2_PLACEMENT_3D('',#2633,#2634,#2635);
#2637=PLANE('',#2636);
#2638=ORIENTED_EDGE('',*,*,#2624,.F.);
#2639=ORIENTED_EDGE('',*,*,#2613,.T.);
#2641=ORIENTED_EDGE('',*,*,#2640,.T.);
#2643=ORIENTED_EDGE('',*,*,#2642,.F.);
#2644=EDGE_LOOP('',(#2638,#2639,#2641,#2643));
#2645=FACE_OUTER_BOUND('',#2644,.F.);
#2646=ADVANCED_FACE('',(#2645),#2637,.T.);
#2647=CARTESIAN_POINT('',(0.E0,2.E-1,0.E0));
#2648=DIRECTION('',(0.E0,1.E0,0.E0));
#2649=DIRECTION('',(1.E0,0.E0,0.E0));
#2650=AXIS2_PLACEMENT_3D('',#2647,#2648,#2649);
#2651=PLANE('',#2650);
#2652=ORIENTED_EDGE('',*,*,#2611,.F.);
#2654=ORIENTED_EDGE('',*,*,#2653,.F.);
#2656=ORIENTED_EDGE('',*,*,#2655,.F.);
#2657=ORIENTED_EDGE('',*,*,#2640,.F.);
#2658=EDGE_LOOP('',(#2652,#2654,#2656,#2657));
#2659=FACE_OUTER_BOUND('',#2658,.F.);
#2660=ADVANCED_FACE('',(#2659),#2651,.T.);
#2661=CARTESIAN_POINT('',(-1.25E-1,0.E0,-1.15E0));
#2662=DIRECTION('',(-1.E0,0.E0,0.E0));
#2663=DIRECTION('',(0.E0,0.E0,1.E0));
#2664=AXIS2_PLACEMENT_3D('',#2661,#2662,#2663);
#2665=PLANE('',#2664);
#2666=ORIENTED_EDGE('',*,*,#2628,.F.);
#2668=ORIENTED_EDGE('',*,*,#2667,.T.);
#2669=ORIENTED_EDGE('',*,*,#2653,.T.);
#2670=ORIENTED_EDGE('',*,*,#2609,.F.);
#2671=EDGE_LOOP('',(#2666,#2668,#2669,#2670));
#2672=FACE_OUTER_BOUND('',#2671,.F.);
#2673=ADVANCED_FACE('',(#2672),#2665,.T.);
#2674=CARTESIAN_POINT('',(1.25E-1,0.E0,-1.15E0));
#2675=DIRECTION('',(0.E0,0.E0,-1.E0));
#2676=DIRECTION('',(-1.E0,0.E0,0.E0));
#2677=AXIS2_PLACEMENT_3D('',#2674,#2675,#2676);
#2678=PLANE('',#2677);
#2679=ORIENTED_EDGE('',*,*,#2626,.F.);
#2680=ORIENTED_EDGE('',*,*,#2642,.T.);
#2681=ORIENTED_EDGE('',*,*,#2655,.T.);
#2682=ORIENTED_EDGE('',*,*,#2667,.F.);
#2683=EDGE_LOOP('',(#2679,#2680,#2681,#2682));
#2684=FACE_OUTER_BOUND('',#2683,.F.);
#2685=ADVANCED_FACE('',(#2684),#2678,.T.);
#2686=FILL_AREA_STYLE_COLOUR('',#20);
#2687=FILL_AREA_STYLE('',(#2686));
#2688=SURFACE_STYLE_FILL_AREA(#2687);
#2689=SURFACE_SIDE_STYLE('',(#2688));
#2690=SURFACE_STYLE_USAGE(.POSITIVE.,#2689);
#2691=PRESENTATION_STYLE_ASSIGNMENT((#2690));
#2692=OVER_RIDING_STYLED_ITEM('',(#2691),#2685,#2499);
#2693=CLOSED_SHELL('',(#2617,#2632,#2646,#2660,#2673,#2685));
#2694=MANIFOLD_SOLID_BREP('',#2693);
#2695=FILL_AREA_STYLE_COLOUR('',#22);
#2696=FILL_AREA_STYLE('',(#2695));
#2697=SURFACE_STYLE_FILL_AREA(#2696);
#2698=SURFACE_SIDE_STYLE('',(#2697));
#2699=SURFACE_STYLE_USAGE(.POSITIVE.,#2698);
#2700=PRESENTATION_STYLE_ASSIGNMENT((#2699));
#2499=STYLED_ITEM('',(#2700),#2694);
#2702=DIRECTION('',(0.E0,1.E0,0.E0));
#2703=VECTOR('',#2702,2.E-1);
#2704=CARTESIAN_POINT('',(-6.25E-1,0.E0,-8.5E-1));
#2705=LINE('',#2704,#2703);
#2706=CURVE_STYLE('',#34,POSITIVE_LENGTH_MEASURE(2.E-2),#22);
#2707=PRESENTATION_STYLE_ASSIGNMENT((#2706));
#2708=STYLED_ITEM('',(#2707),#2705);
#2709=CARTESIAN_POINT('',(-5.E-1,0.E0,-8.5E-1));
#2710=DIRECTION('',(0.E0,1.E0,0.E0));
#2711=DIRECTION('',(-1.E0,0.E0,0.E0));
#2712=AXIS2_PLACEMENT_3D('',#2709,#2710,#2711);
#2714=CURVE_STYLE('',#34,POSITIVE_LENGTH_MEASURE(2.E-2),#22);
#2715=PRESENTATION_STYLE_ASSIGNMENT((#2714));
#2716=STYLED_ITEM('',(#2715),#2713);
#2717=DIRECTION('',(0.E0,0.E0,-1.E0));
#2718=VECTOR('',#2717,3.E-1);
#2719=CARTESIAN_POINT('',(-3.75E-1,0.E0,-8.5E-1));
#2720=LINE('',#2719,#2718);
#2721=CURVE_STYLE('',#34,POSITIVE_LENGTH_MEASURE(2.E-2),#22);
#2722=PRESENTATION_STYLE_ASSIGNMENT((#2721));
#2723=STYLED_ITEM('',(#2722),#2720);
#2724=DIRECTION('',(-1.E0,0.E0,0.E0));
#2725=VECTOR('',#2724,2.5E-1);
#2726=CARTESIAN_POINT('',(-3.75E-1,0.E0,-1.15E0));
#2727=LINE('',#2726,#2725);
#2728=CURVE_STYLE('',#34,POSITIVE_LENGTH_MEASURE(2.E-2),#22);
#2729=PRESENTATION_STYLE_ASSIGNMENT((#2728));
#2730=STYLED_ITEM('',(#2729),#2727);
#2731=DIRECTION('',(0.E0,0.E0,1.E0));
#2732=VECTOR('',#2731,3.E-1);
#2733=CARTESIAN_POINT('',(-6.25E-1,0.E0,-1.15E0));
#2734=LINE('',#2733,#2732);
#2735=CURVE_STYLE('',#34,POSITIVE_LENGTH_MEASURE(2.E-2),#22);
#2736=PRESENTATION_STYLE_ASSIGNMENT((#2735));
#2737=STYLED_ITEM('',(#2736),#2734);
#2738=DIRECTION('',(0.E0,1.E0,0.E0));
#2739=VECTOR('',#2738,2.E-1);
#2740=CARTESIAN_POINT('',(-3.75E-1,0.E0,-8.5E-1));
#2741=LINE('',#2740,#2739);
#2742=CURVE_STYLE('',#34,POSITIVE_LENGTH_MEASURE(2.E-2),#22);
#2743=PRESENTATION_STYLE_ASSIGNMENT((#2742));
#2744=STYLED_ITEM('',(#2743),#2741);
#2745=CARTESIAN_POINT('',(-5.E-1,2.E-1,-8.5E-1));
#2746=DIRECTION('',(0.E0,1.E0,0.E0));
#2747=DIRECTION('',(-1.E0,0.E0,0.E0));
#2748=AXIS2_PLACEMENT_3D('',#2745,#2746,#2747);
#2750=CURVE_STYLE('',#34,POSITIVE_LENGTH_MEASURE(2.E-2),#22);
#2751=PRESENTATION_STYLE_ASSIGNMENT((#2750));
#2752=STYLED_ITEM('',(#2751),#2749);
#2753=DIRECTION('',(0.E0,0.E0,1.E0));
#2754=VECTOR('',#2753,3.E-1);
#2755=CARTESIAN_POINT('',(-6.25E-1,2.E-1,-1.15E0));
#2756=LINE('',#2755,#2754);
#2757=CURVE_STYLE('',#34,POSITIVE_LENGTH_MEASURE(2.E-2),#22);
#2758=PRESENTATION_STYLE_ASSIGNMENT((#2757));
#2759=STYLED_ITEM('',(#2758),#2756);
#2760=DIRECTION('',(-1.E0,0.E0,0.E0));
#2761=VECTOR('',#2760,2.5E-1);
#2762=CARTESIAN_POINT('',(-3.75E-1,2.E-1,-1.15E0));
#2763=LINE('',#2762,#2761);
#2764=CURVE_STYLE('',#34,POSITIVE_LENGTH_MEASURE(2.E-2),#22);
#2765=PRESENTATION_STYLE_ASSIGNMENT((#2764));
#2766=STYLED_ITEM('',(#2765),#2763);
#2767=DIRECTION('',(0.E0,0.E0,-1.E0));
#2768=VECTOR('',#2767,3.E-1);
#2769=CARTESIAN_POINT('',(-3.75E-1,2.E-1,-8.5E-1));
#2770=LINE('',#2769,#2768);
#2771=CURVE_STYLE('',#34,POSITIVE_LENGTH_MEASURE(2.E-2),#22);
#2772=PRESENTATION_STYLE_ASSIGNMENT((#2771));
#2773=STYLED_ITEM('',(#2772),#2770);
#2774=DIRECTION('',(0.E0,1.E0,0.E0));
#2775=VECTOR('',#2774,2.E-1);
#2776=CARTESIAN_POINT('',(-6.25E-1,0.E0,-1.15E0));
#2777=LINE('',#2776,#2775);
#2778=CURVE_STYLE('',#34,POSITIVE_LENGTH_MEASURE(2.E-2),#22);
#2779=PRESENTATION_STYLE_ASSIGNMENT((#2778));
#2780=STYLED_ITEM('',(#2779),#2777);
#2781=DIRECTION('',(0.E0,1.E0,0.E0));
#2782=VECTOR('',#2781,2.E-1);
#2783=CARTESIAN_POINT('',(-3.75E-1,0.E0,-1.15E0));
#2784=LINE('',#2783,#2782);
#2785=CURVE_STYLE('',#34,POSITIVE_LENGTH_MEASURE(2.E-2),#22);
#2786=PRESENTATION_STYLE_ASSIGNMENT((#2785));
#2787=STYLED_ITEM('',(#2786),#2784);
#2788=CARTESIAN_POINT('',(-6.25E-1,0.E0,-8.5E-1));
#2789=CARTESIAN_POINT('',(-3.75E-1,0.E0,-8.5E-1));
#2790=VERTEX_POINT('',#2788);
#2791=VERTEX_POINT('',#2789);
#2792=CARTESIAN_POINT('',(-3.75E-1,0.E0,-1.15E0));
#2793=VERTEX_POINT('',#2792);
#2794=CARTESIAN_POINT('',(-6.25E-1,0.E0,-1.15E0));
#2795=VERTEX_POINT('',#2794);
#2796=CARTESIAN_POINT('',(-6.25E-1,2.E-1,-8.5E-1));
#2797=CARTESIAN_POINT('',(-3.75E-1,2.E-1,-8.5E-1));
#2798=VERTEX_POINT('',#2796);
#2799=VERTEX_POINT('',#2797);
#2800=CARTESIAN_POINT('',(-3.75E-1,2.E-1,-1.15E0));
#2801=VERTEX_POINT('',#2800);
#2802=CARTESIAN_POINT('',(-6.25E-1,2.E-1,-1.15E0));
#2803=VERTEX_POINT('',#2802);
#2804=CARTESIAN_POINT('',(-5.E-1,0.E0,-8.5E-1));
#2805=DIRECTION('',(0.E0,1.E0,0.E0));
#2806=DIRECTION('',(1.E0,0.E0,0.E0));
#2807=AXIS2_PLACEMENT_3D('',#2804,#2805,#2806);
#2808=CYLINDRICAL_SURFACE('',#2807,1.25E-1);
#2810=ORIENTED_EDGE('',*,*,#2809,.F.);
#2812=ORIENTED_EDGE('',*,*,#2811,.T.);
#2814=ORIENTED_EDGE('',*,*,#2813,.T.);
#2816=ORIENTED_EDGE('',*,*,#2815,.F.);
#2817=EDGE_LOOP('',(#2810,#2812,#2814,#2816));
#2818=FACE_OUTER_BOUND('',#2817,.F.);
#2819=ADVANCED_FACE('',(#2818),#2808,.T.);
#2820=CARTESIAN_POINT('',(0.E0,0.E0,0.E0));
#2821=DIRECTION('',(0.E0,1.E0,0.E0));
#2822=DIRECTION('',(1.E0,0.E0,0.E0));
#2823=AXIS2_PLACEMENT_3D('',#2820,#2821,#2822);
#2824=PLANE('',#2823);
#2825=ORIENTED_EDGE('',*,*,#2809,.T.);
#2827=ORIENTED_EDGE('',*,*,#2826,.T.);
#2829=ORIENTED_EDGE('',*,*,#2828,.T.);
#2831=ORIENTED_EDGE('',*,*,#2830,.T.);
#2832=EDGE_LOOP('',(#2825,#2827,#2829,#2831));
#2833=FACE_OUTER_BOUND('',#2832,.F.);
#2834=ADVANCED_FACE('',(#2833),#2824,.F.);
#2835=CARTESIAN_POINT('',(-3.75E-1,0.E0,-8.5E-1));
#2836=DIRECTION('',(1.E0,0.E0,0.E0));
#2837=DIRECTION('',(0.E0,0.E0,-1.E0));
#2838=AXIS2_PLACEMENT_3D('',#2835,#2836,#2837);
#2839=PLANE('',#2838);
#2840=ORIENTED_EDGE('',*,*,#2826,.F.);
#2841=ORIENTED_EDGE('',*,*,#2815,.T.);
#2843=ORIENTED_EDGE('',*,*,#2842,.T.);
#2845=ORIENTED_EDGE('',*,*,#2844,.F.);
#2846=EDGE_LOOP('',(#2840,#2841,#2843,#2845));
#2847=FACE_OUTER_BOUND('',#2846,.F.);
#2848=ADVANCED_FACE('',(#2847),#2839,.T.);
#2849=CARTESIAN_POINT('',(0.E0,2.E-1,0.E0));
#2850=DIRECTION('',(0.E0,1.E0,0.E0));
#2851=DIRECTION('',(1.E0,0.E0,0.E0));
#2852=AXIS2_PLACEMENT_3D('',#2849,#2850,#2851);
#2853=PLANE('',#2852);
#2854=ORIENTED_EDGE('',*,*,#2813,.F.);
#2856=ORIENTED_EDGE('',*,*,#2855,.F.);
#2858=ORIENTED_EDGE('',*,*,#2857,.F.);
#2859=ORIENTED_EDGE('',*,*,#2842,.F.);
#2860=EDGE_LOOP('',(#2854,#2856,#2858,#2859));
#2861=FACE_OUTER_BOUND('',#2860,.F.);
#2862=ADVANCED_FACE('',(#2861),#2853,.T.);
#2863=CARTESIAN_POINT('',(-6.25E-1,0.E0,-1.15E0));
#2864=DIRECTION('',(-1.E0,0.E0,0.E0));
#2865=DIRECTION('',(0.E0,0.E0,1.E0));
#2866=AXIS2_PLACEMENT_3D('',#2863,#2864,#2865);
#2867=PLANE('',#2866);
#2868=ORIENTED_EDGE('',*,*,#2830,.F.);
#2870=ORIENTED_EDGE('',*,*,#2869,.T.);
#2871=ORIENTED_EDGE('',*,*,#2855,.T.);
#2872=ORIENTED_EDGE('',*,*,#2811,.F.);
#2873=EDGE_LOOP('',(#2868,#2870,#2871,#2872));
#2874=FACE_OUTER_BOUND('',#2873,.F.);
#2875=ADVANCED_FACE('',(#2874),#2867,.T.);
#2876=CARTESIAN_POINT('',(-3.75E-1,0.E0,-1.15E0));
#2877=DIRECTION('',(0.E0,0.E0,-1.E0));
#2878=DIRECTION('',(-1.E0,0.E0,0.E0));
#2879=AXIS2_PLACEMENT_3D('',#2876,#2877,#2878);
#2880=PLANE('',#2879);
#2881=ORIENTED_EDGE('',*,*,#2828,.F.);
#2882=ORIENTED_EDGE('',*,*,#2844,.T.);
#2883=ORIENTED_EDGE('',*,*,#2857,.T.);
#2884=ORIENTED_EDGE('',*,*,#2869,.F.);
#2885=EDGE_LOOP('',(#2881,#2882,#2883,#2884));
#2886=FACE_OUTER_BOUND('',#2885,.F.);
#2887=ADVANCED_FACE('',(#2886),#2880,.T.);
#2888=FILL_AREA_STYLE_COLOUR('',#20);
#2889=FILL_AREA_STYLE('',(#2888));
#2890=SURFACE_STYLE_FILL_AREA(#2889);
#2891=SURFACE_SIDE_STYLE('',(#2890));
#2892=SURFACE_STYLE_USAGE(.POSITIVE.,#2891);
#2893=PRESENTATION_STYLE_ASSIGNMENT((#2892));
#2894=OVER_RIDING_STYLED_ITEM('',(#2893),#2887,#2701);
#2895=CLOSED_SHELL('',(#2819,#2834,#2848,#2862,#2875,#2887));
#2896=MANIFOLD_SOLID_BREP('',#2895);
#2897=FILL_AREA_STYLE_COLOUR('',#22);
#2898=FILL_AREA_STYLE('',(#2897));
#2899=SURFACE_STYLE_FILL_AREA(#2898);
#2900=SURFACE_SIDE_STYLE('',(#2899));
#2901=SURFACE_STYLE_USAGE(.POSITIVE.,#2900);
#2902=PRESENTATION_STYLE_ASSIGNMENT((#2901));
#2701=STYLED_ITEM('',(#2902),#2896);
#2904=DIMENSIONAL_EXPONENTS(0.E0,0.E0,0.E0,0.E0,0.E0,0.E0,0.E0);
#2906=PLANE_ANGLE_MEASURE_WITH_UNIT(PLANE_ANGLE_MEASURE(1.745329251994E-2),
#2905);
#2907=(CONVERSION_BASED_UNIT('DEGREE',#2906)NAMED_UNIT(*)PLANE_ANGLE_UNIT());
#2909=UNCERTAINTY_MEASURE_WITH_UNIT(LENGTH_MEASURE(1.480134097962E-4),#2903,
'closure',
'Maximum model space distance between geometric entities at asserted connectivities');
#2910=(GEOMETRIC_REPRESENTATION_CONTEXT(3)GLOBAL_UNCERTAINTY_ASSIGNED_CONTEXT((
#2909))GLOBAL_UNIT_ASSIGNED_CONTEXT((#2903,#2907,#2908))REPRESENTATION_CONTEXT(
'ID1','3'));
#2911=CARTESIAN_POINT('',(0.E0,0.E0,0.E0));
#2912=DIRECTION('',(0.E0,0.E0,1.E0));
#2913=DIRECTION('',(1.E0,0.E0,0.E0));
#2916=APPLICATION_CONTEXT(
'CONFIGURATION CONTROLLED 3D DESIGNS OF MECHANICAL PARTS AND ASSEMBLIES');
#2917=APPLICATION_PROTOCOL_DEFINITION('international standard',
'config_control_design',1994,#2916);
#2918=DESIGN_CONTEXT('',#2916,'design');
#2919=MECHANICAL_CONTEXT('',#2916,'mechanical');
#2920=PRODUCT('FRAME','FRAME','NOT SPECIFIED',(#2919));
#2921=PRODUCT_DEFINITION_FORMATION_WITH_SPECIFIED_SOURCE('14','LAST_VERSION',
#2920,.MADE.);
#2930=CARTESIAN_POINT('',(0.E0,0.E0,0.E0));
#2931=DIRECTION('',(0.E0,-1.E0,0.E0));
#2932=DIRECTION('',(1.E0,0.E0,0.E0));
#2933=AXIS2_PLACEMENT_3D('',#2930,#2931,#2932);
#2934=ITEM_DEFINED_TRANSFORMATION('','',#2914,#2933);
#2935=(REPRESENTATION_RELATIONSHIP('','',#2915,#2927)REPRESENTATION_RELATIONSHIP_WITH_TRANSFORMATION(#2934)SHAPE_REPRESENTATION_RELATIONSHIP());
#2936=CONTEXT_DEPENDENT_SHAPE_REPRESENTATION(#2935,#2929);
#2939=DIRECTION('',(1.E0,0.E0,0.E0));
#2940=VECTOR('',#2939,3.5E-1);
#2941=CARTESIAN_POINT('',(-1.35E0,0.E0,-6.25E-1));
#2942=LINE('',#2941,#2940);
#2943=CURVE_STYLE('',#34,POSITIVE_LENGTH_MEASURE(2.E-2),#3);
#2944=PRESENTATION_STYLE_ASSIGNMENT((#2943));
#2945=STYLED_ITEM('',(#2944),#2942);
#2946=DIRECTION('',(0.E0,0.E0,1.E0));
#2947=VECTOR('',#2946,2.5E-1);
#2948=CARTESIAN_POINT('',(-1.35E0,0.E0,-6.25E-1));
#2949=LINE('',#2948,#2947);
#2950=CURVE_STYLE('',#34,POSITIVE_LENGTH_MEASURE(2.E-2),#3);
#2951=PRESENTATION_STYLE_ASSIGNMENT((#2950));
#2952=STYLED_ITEM('',(#2951),#2949);
#2953=DIRECTION('',(1.E0,0.E0,0.E0));
#2954=VECTOR('',#2953,3.5E-1);
#2955=CARTESIAN_POINT('',(-1.35E0,0.E0,-3.75E-1));
#2956=LINE('',#2955,#2954);
#2957=CURVE_STYLE('',#34,POSITIVE_LENGTH_MEASURE(2.E-2),#3);
#2958=PRESENTATION_STYLE_ASSIGNMENT((#2957));
#2959=STYLED_ITEM('',(#2958),#2956);
#2960=CARTESIAN_POINT('',(-1.E0,0.E0,-2.5E-1));
#2961=DIRECTION('',(0.E0,1.E0,0.E0));
#2962=DIRECTION('',(0.E0,0.E0,1.E0));
#2963=AXIS2_PLACEMENT_3D('',#2960,#2961,#2962);
#2965=CURVE_STYLE('',#34,POSITIVE_LENGTH_MEASURE(2.E-2),#3);
#2966=PRESENTATION_STYLE_ASSIGNMENT((#2965));
#2967=STYLED_ITEM('',(#2966),#2964);
#2968=DIRECTION('',(1.E0,0.E0,0.E0));
#2969=VECTOR('',#2968,3.5E-1);
#2970=CARTESIAN_POINT('',(-1.35E0,0.E0,-1.25E-1));
#2971=LINE('',#2970,#2969);
#2972=CURVE_STYLE('',#34,POSITIVE_LENGTH_MEASURE(2.E-2),#3);
#2973=PRESENTATION_STYLE_ASSIGNMENT((#2972));
#2974=STYLED_ITEM('',(#2973),#2971);
#2975=DIRECTION('',(0.E0,0.E0,1.E0));
#2976=VECTOR('',#2975,2.5E-1);
#2977=CARTESIAN_POINT('',(-1.35E0,0.E0,-1.25E-1));
#2978=LINE('',#2977,#2976);
#2979=CURVE_STYLE('',#34,POSITIVE_LENGTH_MEASURE(2.E-2),#3);
#2980=PRESENTATION_STYLE_ASSIGNMENT((#2979));
#2981=STYLED_ITEM('',(#2980),#2978);
#2982=DIRECTION('',(1.E0,0.E0,0.E0));
#2983=VECTOR('',#2982,6.5E-1);
#2984=CARTESIAN_POINT('',(-1.35E0,0.E0,1.25E-1));
#2985=LINE('',#2984,#2983);
#2986=CURVE_STYLE('',#34,POSITIVE_LENGTH_MEASURE(2.E-2),#3);
#2987=PRESENTATION_STYLE_ASSIGNMENT((#2986));
#2988=STYLED_ITEM('',(#2987),#2985);
#2989=CARTESIAN_POINT('',(-7.E-1,0.E0,2.5E-1));
#2990=DIRECTION('',(0.E0,1.E0,0.E0));
#2991=DIRECTION('',(-3.907985046681E-14,0.E0,1.E0));
#2992=AXIS2_PLACEMENT_3D('',#2989,#2990,#2991);
#2994=CURVE_STYLE('',#34,POSITIVE_LENGTH_MEASURE(2.E-2),#3);
#2995=PRESENTATION_STYLE_ASSIGNMENT((#2994));
#2996=STYLED_ITEM('',(#2995),#2993);
#2997=DIRECTION('',(1.E0,0.E0,0.E0));
#2998=VECTOR('',#2997,6.5E-1);
#2999=CARTESIAN_POINT('',(-1.35E0,0.E0,3.75E-1));
#3000=LINE('',#2999,#2998);
#3001=CURVE_STYLE('',#34,POSITIVE_LENGTH_MEASURE(2.E-2),#3);
#3002=PRESENTATION_STYLE_ASSIGNMENT((#3001));
#3003=STYLED_ITEM('',(#3002),#3000);
#3004=DIRECTION('',(0.E0,0.E0,1.E0));
#3005=VECTOR('',#3004,2.5E-1);
#3006=CARTESIAN_POINT('',(-1.35E0,0.E0,3.75E-1));
#3007=LINE('',#3006,#3005);
#3008=CURVE_STYLE('',#34,POSITIVE_LENGTH_MEASURE(2.E-2),#3);
#3009=PRESENTATION_STYLE_ASSIGNMENT((#3008));
#3010=STYLED_ITEM('',(#3009),#3007);
#3011=DIRECTION('',(1.E0,0.E0,0.E0));
#3012=VECTOR('',#3011,3.5E-1);
#3013=CARTESIAN_POINT('',(-1.35E0,0.E0,6.25E-1));
#3014=LINE('',#3013,#3012);
#3015=CURVE_STYLE('',#34,POSITIVE_LENGTH_MEASURE(2.E-2),#3);
#3016=PRESENTATION_STYLE_ASSIGNMENT((#3015));
#3017=STYLED_ITEM('',(#3016),#3014);
#3018=CARTESIAN_POINT('',(-1.E0,0.E0,7.5E-1));
#3019=DIRECTION('',(0.E0,1.E0,0.E0));
#3020=DIRECTION('',(-1.065814103640E-14,0.E0,1.E0));
#3021=AXIS2_PLACEMENT_3D('',#3018,#3019,#3020);
#3023=CURVE_STYLE('',#34,POSITIVE_LENGTH_MEASURE(2.E-2),#3);
#3024=PRESENTATION_STYLE_ASSIGNMENT((#3023));
#3025=STYLED_ITEM('',(#3024),#3022);
#3026=DIRECTION('',(1.E0,0.E0,0.E0));
#3027=VECTOR('',#3026,3.5E-1);
#3028=CARTESIAN_POINT('',(-1.35E0,0.E0,8.75E-1));
#3029=LINE('',#3028,#3027);
#3030=CURVE_STYLE('',#34,POSITIVE_LENGTH_MEASURE(2.E-2),#3);
#3031=PRESENTATION_STYLE_ASSIGNMENT((#3030));
#3032=STYLED_ITEM('',(#3031),#3029);
#3033=DIRECTION('',(0.E0,0.E0,1.E0));
#3034=VECTOR('',#3033,2.75E-1);
#3035=CARTESIAN_POINT('',(-1.35E0,0.E0,8.75E-1));
#3036=LINE('',#3035,#3034);
#3037=CURVE_STYLE('',#34,POSITIVE_LENGTH_MEASURE(2.E-2),#3);
#3038=PRESENTATION_STYLE_ASSIGNMENT((#3037));
#3039=STYLED_ITEM('',(#3038),#3036);
#3040=DIRECTION('',(1.E0,0.E0,0.E0));
#3041=VECTOR('',#3040,7.25E-1);
#3042=CARTESIAN_POINT('',(-1.35E0,0.E0,1.15E0));
#3043=LINE('',#3042,#3041);
#3044=CURVE_STYLE('',#34,POSITIVE_LENGTH_MEASURE(2.E-2),#3);
#3045=PRESENTATION_STYLE_ASSIGNMENT((#3044));
#3046=STYLED_ITEM('',(#3045),#3043);
#3047=DIRECTION('',(0.E0,0.E0,-1.E0));
#3048=VECTOR('',#3047,3.E-1);
#3049=CARTESIAN_POINT('',(-6.25E-1,0.E0,1.15E0));
#3050=LINE('',#3049,#3048);
#3051=CURVE_STYLE('',#34,POSITIVE_LENGTH_MEASURE(2.E-2),#3);
#3052=PRESENTATION_STYLE_ASSIGNMENT((#3051));
#3053=STYLED_ITEM('',(#3052),#3050);
#3054=CARTESIAN_POINT('',(-5.E-1,0.E0,8.5E-1));
#3055=DIRECTION('',(0.E0,1.E0,0.E0));
#3056=DIRECTION('',(1.E0,0.E0,-2.220446049250E-14));
#3057=AXIS2_PLACEMENT_3D('',#3054,#3055,#3056);
#3059=CURVE_STYLE('',#34,POSITIVE_LENGTH_MEASURE(2.E-2),#3);
#3060=PRESENTATION_STYLE_ASSIGNMENT((#3059));
#3061=STYLED_ITEM('',(#3060),#3058);
#3062=DIRECTION('',(0.E0,0.E0,-1.E0));
#3063=VECTOR('',#3062,3.E-1);
#3064=CARTESIAN_POINT('',(-3.75E-1,0.E0,1.15E0));
#3065=LINE('',#3064,#3063);
#3066=CURVE_STYLE('',#34,POSITIVE_LENGTH_MEASURE(2.E-2),#3);
#3067=PRESENTATION_STYLE_ASSIGNMENT((#3066));
#3068=STYLED_ITEM('',(#3067),#3065);
#3069=DIRECTION('',(1.E0,0.E0,0.E0));
#3070=VECTOR('',#3069,2.5E-1);
#3071=CARTESIAN_POINT('',(-3.75E-1,0.E0,1.15E0));
#3072=LINE('',#3071,#3070);
#3073=CURVE_STYLE('',#34,POSITIVE_LENGTH_MEASURE(2.E-2),#3);
#3074=PRESENTATION_STYLE_ASSIGNMENT((#3073));
#3075=STYLED_ITEM('',(#3074),#3072);
#3076=DIRECTION('',(0.E0,0.E0,-1.E0));
#3077=VECTOR('',#3076,9.E-1);
#3078=CARTESIAN_POINT('',(-1.25E-1,0.E0,1.15E0));
#3079=LINE('',#3078,#3077);
#3080=CURVE_STYLE('',#34,POSITIVE_LENGTH_MEASURE(2.E-2),#3);
#3081=PRESENTATION_STYLE_ASSIGNMENT((#3080));
#3082=STYLED_ITEM('',(#3081),#3079);
#3083=CARTESIAN_POINT('',(0.E0,0.E0,2.5E-1));
#3084=DIRECTION('',(0.E0,1.E0,0.E0));
#3085=DIRECTION('',(1.E0,0.E0,3.685940441756E-14));
#3086=AXIS2_PLACEMENT_3D('',#3083,#3084,#3085);
#3088=CURVE_STYLE('',#34,POSITIVE_LENGTH_MEASURE(2.E-2),#3);
#3089=PRESENTATION_STYLE_ASSIGNMENT((#3088));
#3090=STYLED_ITEM('',(#3089),#3087);
#3091=DIRECTION('',(0.E0,0.E0,-1.E0));
#3092=VECTOR('',#3091,9.E-1);
#3093=CARTESIAN_POINT('',(1.25E-1,0.E0,1.15E0));
#3094=LINE('',#3093,#3092);
#3095=CURVE_STYLE('',#34,POSITIVE_LENGTH_MEASURE(2.E-2),#3);
#3096=PRESENTATION_STYLE_ASSIGNMENT((#3095));
#3097=STYLED_ITEM('',(#3096),#3094);
#3098=DIRECTION('',(1.E0,0.E0,0.E0));
#3099=VECTOR('',#3098,2.5E-1);
#3100=CARTESIAN_POINT('',(1.25E-1,0.E0,1.15E0));
#3101=LINE('',#3100,#3099);
#3102=CURVE_STYLE('',#34,POSITIVE_LENGTH_MEASURE(2.E-2),#3);
#3103=PRESENTATION_STYLE_ASSIGNMENT((#3102));
#3104=STYLED_ITEM('',(#3103),#3101);
#3105=DIRECTION('',(0.E0,0.E0,-1.E0));
#3106=VECTOR('',#3105,3.E-1);
#3107=CARTESIAN_POINT('',(3.75E-1,0.E0,1.15E0));
#3108=LINE('',#3107,#3106);
#3109=CURVE_STYLE('',#34,POSITIVE_LENGTH_MEASURE(2.E-2),#3);
#3110=PRESENTATION_STYLE_ASSIGNMENT((#3109));
#3111=STYLED_ITEM('',(#3110),#3108);
#3112=CARTESIAN_POINT('',(5.E-1,0.E0,8.5E-1));
#3113=DIRECTION('',(0.E0,1.E0,0.E0));
#3114=DIRECTION('',(1.E0,0.E0,5.684341886081E-14));
#3115=AXIS2_PLACEMENT_3D('',#3112,#3113,#3114);
#3117=CURVE_STYLE('',#34,POSITIVE_LENGTH_MEASURE(2.E-2),#3);
#3118=PRESENTATION_STYLE_ASSIGNMENT((#3117));
#3119=STYLED_ITEM('',(#3118),#3116);
#3120=DIRECTION('',(0.E0,0.E0,-1.E0));
#3121=VECTOR('',#3120,3.E-1);
#3122=CARTESIAN_POINT('',(6.25E-1,0.E0,1.15E0));
#3123=LINE('',#3122,#3121);
#3124=CURVE_STYLE('',#34,POSITIVE_LENGTH_MEASURE(2.E-2),#3);
#3125=PRESENTATION_STYLE_ASSIGNMENT((#3124));
#3126=STYLED_ITEM('',(#3125),#3123);
#3127=DIRECTION('',(1.E0,0.E0,0.E0));
#3128=VECTOR('',#3127,7.25E-1);
#3129=CARTESIAN_POINT('',(6.25E-1,0.E0,1.15E0));
#3130=LINE('',#3129,#3128);
#3131=CURVE_STYLE('',#34,POSITIVE_LENGTH_MEASURE(2.E-2),#3);
#3132=PRESENTATION_STYLE_ASSIGNMENT((#3131));
#3133=STYLED_ITEM('',(#3132),#3130);
#3134=DIRECTION('',(0.E0,0.E0,-1.E0));
#3135=VECTOR('',#3134,2.75E-1);
#3136=CARTESIAN_POINT('',(1.35E0,0.E0,1.15E0));
#3137=LINE('',#3136,#3135);
#3138=CURVE_STYLE('',#34,POSITIVE_LENGTH_MEASURE(2.E-2),#3);
#3139=PRESENTATION_STYLE_ASSIGNMENT((#3138));
#3140=STYLED_ITEM('',(#3139),#3137);
#3141=DIRECTION('',(-1.E0,0.E0,0.E0));
#3142=VECTOR('',#3141,3.5E-1);
#3143=CARTESIAN_POINT('',(1.35E0,0.E0,8.75E-1));
#3144=LINE('',#3143,#3142);
#3145=CURVE_STYLE('',#34,POSITIVE_LENGTH_MEASURE(2.E-2),#3);
#3146=PRESENTATION_STYLE_ASSIGNMENT((#3145));
#3147=STYLED_ITEM('',(#3146),#3144);
#3148=CARTESIAN_POINT('',(1.E0,0.E0,7.5E-1));
#3149=DIRECTION('',(0.E0,1.E0,0.E0));
#3150=DIRECTION('',(0.E0,0.E0,-1.E0));
#3151=AXIS2_PLACEMENT_3D('',#3148,#3149,#3150);
#3153=CURVE_STYLE('',#34,POSITIVE_LENGTH_MEASURE(2.E-2),#3);
#3154=PRESENTATION_STYLE_ASSIGNMENT((#3153));
#3155=STYLED_ITEM('',(#3154),#3152);
#3156=DIRECTION('',(-1.E0,0.E0,0.E0));
#3157=VECTOR('',#3156,3.5E-1);
#3158=CARTESIAN_POINT('',(1.35E0,0.E0,6.25E-1));
#3159=LINE('',#3158,#3157);
#3160=CURVE_STYLE('',#34,POSITIVE_LENGTH_MEASURE(2.E-2),#3);
#3161=PRESENTATION_STYLE_ASSIGNMENT((#3160));
#3162=STYLED_ITEM('',(#3161),#3159);
#3163=DIRECTION('',(0.E0,0.E0,-1.E0));
#3164=VECTOR('',#3163,2.5E-1);
#3165=CARTESIAN_POINT('',(1.35E0,0.E0,6.25E-1));
#3166=LINE('',#3165,#3164);
#3167=CURVE_STYLE('',#34,POSITIVE_LENGTH_MEASURE(2.E-2),#3);
#3168=PRESENTATION_STYLE_ASSIGNMENT((#3167));
#3169=STYLED_ITEM('',(#3168),#3166);
#3170=DIRECTION('',(-1.E0,0.E0,0.E0));
#3171=VECTOR('',#3170,6.5E-1);
#3172=CARTESIAN_POINT('',(1.35E0,0.E0,3.75E-1));
#3173=LINE('',#3172,#3171);
#3174=CURVE_STYLE('',#34,POSITIVE_LENGTH_MEASURE(2.E-2),#3);
#3175=PRESENTATION_STYLE_ASSIGNMENT((#3174));
#3176=STYLED_ITEM('',(#3175),#3173);
#3177=CARTESIAN_POINT('',(7.E-1,0.E0,2.5E-1));
#3178=DIRECTION('',(0.E0,1.E0,0.E0));
#3179=DIRECTION('',(7.371880883511E-14,0.E0,-1.E0));
#3180=AXIS2_PLACEMENT_3D('',#3177,#3178,#3179);
#3182=CURVE_STYLE('',#34,POSITIVE_LENGTH_MEASURE(2.E-2),#3);
#3183=PRESENTATION_STYLE_ASSIGNMENT((#3182));
#3184=STYLED_ITEM('',(#3183),#3181);
#3185=DIRECTION('',(-1.E0,0.E0,0.E0));
#3186=VECTOR('',#3185,6.5E-1);
#3187=CARTESIAN_POINT('',(1.35E0,0.E0,1.25E-1));
#3188=LINE('',#3187,#3186);
#3189=CURVE_STYLE('',#34,POSITIVE_LENGTH_MEASURE(2.E-2),#3);
#3190=PRESENTATION_STYLE_ASSIGNMENT((#3189));
#3191=STYLED_ITEM('',(#3190),#3188);
#3192=DIRECTION('',(0.E0,0.E0,-1.E0));
#3193=VECTOR('',#3192,2.5E-1);
#3194=CARTESIAN_POINT('',(1.35E0,0.E0,1.25E-1));
#3195=LINE('',#3194,#3193);
#3196=CURVE_STYLE('',#34,POSITIVE_LENGTH_MEASURE(2.E-2),#3);
#3197=PRESENTATION_STYLE_ASSIGNMENT((#3196));
#3198=STYLED_ITEM('',(#3197),#3195);
#3199=DIRECTION('',(-1.E0,0.E0,0.E0));
#3200=VECTOR('',#3199,3.5E-1);
#3201=CARTESIAN_POINT('',(1.35E0,0.E0,-1.25E-1));
#3202=LINE('',#3201,#3200);
#3203=CURVE_STYLE('',#34,POSITIVE_LENGTH_MEASURE(2.E-2),#3);
#3204=PRESENTATION_STYLE_ASSIGNMENT((#3203));
#3205=STYLED_ITEM('',(#3204),#3202);
#3206=CARTESIAN_POINT('',(1.E0,0.E0,-2.5E-1));
#3207=DIRECTION('',(0.E0,1.E0,0.E0));
#3208=DIRECTION('',(1.136868377216E-13,0.E0,-1.E0));
#3209=AXIS2_PLACEMENT_3D('',#3206,#3207,#3208);
#3211=CURVE_STYLE('',#34,POSITIVE_LENGTH_MEASURE(2.E-2),#3);
#3212=PRESENTATION_STYLE_ASSIGNMENT((#3211));
#3213=STYLED_ITEM('',(#3212),#3210);
#3214=DIRECTION('',(-1.E0,0.E0,0.E0));
#3215=VECTOR('',#3214,3.5E-1);
#3216=CARTESIAN_POINT('',(1.35E0,0.E0,-3.75E-1));
#3217=LINE('',#3216,#3215);
#3218=CURVE_STYLE('',#34,POSITIVE_LENGTH_MEASURE(2.E-2),#3);
#3219=PRESENTATION_STYLE_ASSIGNMENT((#3218));
#3220=STYLED_ITEM('',(#3219),#3217);
#3221=DIRECTION('',(0.E0,0.E0,-1.E0));
#3222=VECTOR('',#3221,2.5E-1);
#3223=CARTESIAN_POINT('',(1.35E0,0.E0,-3.75E-1));
#3224=LINE('',#3223,#3222);
#3225=CURVE_STYLE('',#34,POSITIVE_LENGTH_MEASURE(2.E-2),#3);
#3226=PRESENTATION_STYLE_ASSIGNMENT((#3225));
#3227=STYLED_ITEM('',(#3226),#3224);
#3228=DIRECTION('',(-1.E0,0.E0,0.E0));
#3229=VECTOR('',#3228,3.5E-1);
#3230=CARTESIAN_POINT('',(1.35E0,0.E0,-6.25E-1));
#3231=LINE('',#3230,#3229);
#3232=CURVE_STYLE('',#34,POSITIVE_LENGTH_MEASURE(2.E-2),#3);
#3233=PRESENTATION_STYLE_ASSIGNMENT((#3232));
#3234=STYLED_ITEM('',(#3233),#3231);
#3235=CARTESIAN_POINT('',(1.E0,0.E0,-7.5E-1));
#3236=DIRECTION('',(0.E0,1.E0,0.E0));
#3237=DIRECTION('',(1.065814103640E-14,0.E0,-1.E0));
#3238=AXIS2_PLACEMENT_3D('',#3235,#3236,#3237);
#3240=CURVE_STYLE('',#34,POSITIVE_LENGTH_MEASURE(2.E-2),#3);
#3241=PRESENTATION_STYLE_ASSIGNMENT((#3240));
#3242=STYLED_ITEM('',(#3241),#3239);
#3243=DIRECTION('',(-1.E0,0.E0,0.E0));
#3244=VECTOR('',#3243,3.5E-1);
#3245=CARTESIAN_POINT('',(1.35E0,0.E0,-8.75E-1));
#3246=LINE('',#3245,#3244);
#3247=CURVE_STYLE('',#34,POSITIVE_LENGTH_MEASURE(2.E-2),#3);
#3248=PRESENTATION_STYLE_ASSIGNMENT((#3247));
#3249=STYLED_ITEM('',(#3248),#3246);
#3250=DIRECTION('',(0.E0,0.E0,-1.E0));
#3251=VECTOR('',#3250,2.75E-1);
#3252=CARTESIAN_POINT('',(1.35E0,0.E0,-8.75E-1));
#3253=LINE('',#3252,#3251);
#3254=CURVE_STYLE('',#34,POSITIVE_LENGTH_MEASURE(2.E-2),#3);
#3255=PRESENTATION_STYLE_ASSIGNMENT((#3254));
#3256=STYLED_ITEM('',(#3255),#3253);
#3257=DIRECTION('',(-1.E0,0.E0,0.E0));
#3258=VECTOR('',#3257,7.25E-1);
#3259=CARTESIAN_POINT('',(1.35E0,0.E0,-1.15E0));
#3260=LINE('',#3259,#3258);
#3261=CURVE_STYLE('',#34,POSITIVE_LENGTH_MEASURE(2.E-2),#3);
#3262=PRESENTATION_STYLE_ASSIGNMENT((#3261));
#3263=STYLED_ITEM('',(#3262),#3260);
#3264=DIRECTION('',(0.E0,0.E0,1.E0));
#3265=VECTOR('',#3264,3.E-1);
#3266=CARTESIAN_POINT('',(6.25E-1,0.E0,-1.15E0));
#3267=LINE('',#3266,#3265);
#3268=CURVE_STYLE('',#34,POSITIVE_LENGTH_MEASURE(2.E-2),#3);
#3269=PRESENTATION_STYLE_ASSIGNMENT((#3268));
#3270=STYLED_ITEM('',(#3269),#3267);
#3271=CARTESIAN_POINT('',(5.E-1,0.E0,-8.5E-1));
#3272=DIRECTION('',(0.E0,1.E0,0.E0));
#3273=DIRECTION('',(-1.E0,0.E0,0.E0));
#3274=AXIS2_PLACEMENT_3D('',#3271,#3272,#3273);
#3276=CURVE_STYLE('',#34,POSITIVE_LENGTH_MEASURE(2.E-2),#3);
#3277=PRESENTATION_STYLE_ASSIGNMENT((#3276));
#3278=STYLED_ITEM('',(#3277),#3275);
#3279=DIRECTION('',(0.E0,0.E0,1.E0));
#3280=VECTOR('',#3279,3.E-1);
#3281=CARTESIAN_POINT('',(3.75E-1,0.E0,-1.15E0));
#3282=LINE('',#3281,#3280);
#3283=CURVE_STYLE('',#34,POSITIVE_LENGTH_MEASURE(2.E-2),#3);
#3284=PRESENTATION_STYLE_ASSIGNMENT((#3283));
#3285=STYLED_ITEM('',(#3284),#3282);
#3286=DIRECTION('',(-1.E0,0.E0,0.E0));
#3287=VECTOR('',#3286,2.5E-1);
#3288=CARTESIAN_POINT('',(3.75E-1,0.E0,-1.15E0));
#3289=LINE('',#3288,#3287);
#3290=CURVE_STYLE('',#34,POSITIVE_LENGTH_MEASURE(2.E-2),#3);
#3291=PRESENTATION_STYLE_ASSIGNMENT((#3290));
#3292=STYLED_ITEM('',(#3291),#3289);
#3293=DIRECTION('',(0.E0,0.E0,1.E0));
#3294=VECTOR('',#3293,3.E-1);
#3295=CARTESIAN_POINT('',(1.25E-1,0.E0,-1.15E0));
#3296=LINE('',#3295,#3294);
#3297=CURVE_STYLE('',#34,POSITIVE_LENGTH_MEASURE(2.E-2),#3);
#3298=PRESENTATION_STYLE_ASSIGNMENT((#3297));
#3299=STYLED_ITEM('',(#3298),#3296);
#3300=CARTESIAN_POINT('',(0.E0,0.E0,-8.5E-1));
#3301=DIRECTION('',(0.E0,1.E0,0.E0));
#3302=DIRECTION('',(-1.E0,0.E0,0.E0));
#3303=AXIS2_PLACEMENT_3D('',#3300,#3301,#3302);
#3305=CURVE_STYLE('',#34,POSITIVE_LENGTH_MEASURE(2.E-2),#3);
#3306=PRESENTATION_STYLE_ASSIGNMENT((#3305));
#3307=STYLED_ITEM('',(#3306),#3304);
#3308=DIRECTION('',(0.E0,0.E0,1.E0));
#3309=VECTOR('',#3308,3.E-1);
#3310=CARTESIAN_POINT('',(-1.25E-1,0.E0,-1.15E0));
#3311=LINE('',#3310,#3309);
#3312=CURVE_STYLE('',#34,POSITIVE_LENGTH_MEASURE(2.E-2),#3);
#3313=PRESENTATION_STYLE_ASSIGNMENT((#3312));
#3314=STYLED_ITEM('',(#3313),#3311);
#3315=DIRECTION('',(-1.E0,0.E0,0.E0));
#3316=VECTOR('',#3315,2.5E-1);
#3317=CARTESIAN_POINT('',(-1.25E-1,0.E0,-1.15E0));
#3318=LINE('',#3317,#3316);
#3319=CURVE_STYLE('',#34,POSITIVE_LENGTH_MEASURE(2.E-2),#3);
#3320=PRESENTATION_STYLE_ASSIGNMENT((#3319));
#3321=STYLED_ITEM('',(#3320),#3318);
#3322=DIRECTION('',(0.E0,0.E0,1.E0));
#3323=VECTOR('',#3322,3.E-1);
#3324=CARTESIAN_POINT('',(-3.75E-1,0.E0,-1.15E0));
#3325=LINE('',#3324,#3323);
#3326=CURVE_STYLE('',#34,POSITIVE_LENGTH_MEASURE(2.E-2),#3);
#3327=PRESENTATION_STYLE_ASSIGNMENT((#3326));
#3328=STYLED_ITEM('',(#3327),#3325);
#3329=CARTESIAN_POINT('',(-5.E-1,0.E0,-8.5E-1));
#3330=DIRECTION('',(0.E0,1.E0,0.E0));
#3331=DIRECTION('',(-1.E0,0.E0,-7.904787935331E-14));
#3332=AXIS2_PLACEMENT_3D('',#3329,#3330,#3331);
#3334=CURVE_STYLE('',#34,POSITIVE_LENGTH_MEASURE(2.E-2),#3);
#3335=PRESENTATION_STYLE_ASSIGNMENT((#3334));
#3336=STYLED_ITEM('',(#3335),#3333);
#3337=DIRECTION('',(0.E0,0.E0,1.E0));
#3338=VECTOR('',#3337,3.E-1);
#3339=CARTESIAN_POINT('',(-6.25E-1,0.E0,-1.15E0));
#3340=LINE('',#3339,#3338);
#3341=CURVE_STYLE('',#34,POSITIVE_LENGTH_MEASURE(2.E-2),#3);
#3342=PRESENTATION_STYLE_ASSIGNMENT((#3341));
#3343=STYLED_ITEM('',(#3342),#3340);
#3344=DIRECTION('',(-1.E0,0.E0,0.E0));
#3345=VECTOR('',#3344,7.25E-1);
#3346=CARTESIAN_POINT('',(-6.25E-1,0.E0,-1.15E0));
#3347=LINE('',#3346,#3345);
#3348=CURVE_STYLE('',#34,POSITIVE_LENGTH_MEASURE(2.E-2),#3);
#3349=PRESENTATION_STYLE_ASSIGNMENT((#3348));
#3350=STYLED_ITEM('',(#3349),#3347);
#3351=DIRECTION('',(0.E0,0.E0,1.E0));
#3352=VECTOR('',#3351,2.75E-1);
#3353=CARTESIAN_POINT('',(-1.35E0,0.E0,-1.15E0));
#3354=LINE('',#3353,#3352);
#3355=CURVE_STYLE('',#34,POSITIVE_LENGTH_MEASURE(2.E-2),#3);
#3356=PRESENTATION_STYLE_ASSIGNMENT((#3355));
#3357=STYLED_ITEM('',(#3356),#3354);
#3358=DIRECTION('',(1.E0,0.E0,0.E0));
#3359=VECTOR('',#3358,4.75E-1);
#3360=CARTESIAN_POINT('',(-1.35E0,0.E0,-8.75E-1));
#3361=LINE('',#3360,#3359);
#3362=CURVE_STYLE('',#34,POSITIVE_LENGTH_MEASURE(2.E-2),#3);
#3363=PRESENTATION_STYLE_ASSIGNMENT((#3362));
#3364=STYLED_ITEM('',(#3363),#3361);
#3365=DIRECTION('',(0.E0,0.E0,-1.E0));
#3366=VECTOR('',#3365,1.25E-1);
#3367=CARTESIAN_POINT('',(-8.75E-1,0.E0,-7.5E-1));
#3368=LINE('',#3367,#3366);
#3369=CURVE_STYLE('',#34,POSITIVE_LENGTH_MEASURE(2.E-2),#3);
#3370=PRESENTATION_STYLE_ASSIGNMENT((#3369));
#3371=STYLED_ITEM('',(#3370),#3368);
#3372=DIRECTION('',(7.071067811865E-1,0.E0,-7.071067811865E-1));
#3373=VECTOR('',#3372,1.767766952966E-1);
#3374=CARTESIAN_POINT('',(-1.E0,0.E0,-6.25E-1));
#3375=LINE('',#3374,#3373);
#3376=CURVE_STYLE('',#34,POSITIVE_LENGTH_MEASURE(2.E-2),#3);
#3377=PRESENTATION_STYLE_ASSIGNMENT((#3376));
#3378=STYLED_ITEM('',(#3377),#3375);
#3379=DIRECTION('',(0.E0,1.E0,0.E0));
#3380=VECTOR('',#3379,1.75E-1);
#3381=CARTESIAN_POINT('',(-1.E0,0.E0,-6.25E-1));
#3382=LINE('',#3381,#3380);
#3383=CURVE_STYLE('',#34,POSITIVE_LENGTH_MEASURE(2.E-2),#3);
#3384=PRESENTATION_STYLE_ASSIGNMENT((#3383));
#3385=STYLED_ITEM('',(#3384),#3382);
#3386=DIRECTION('',(0.E0,1.E0,0.E0));
#3387=VECTOR('',#3386,1.75E-1);
#3388=CARTESIAN_POINT('',(-8.75E-1,0.E0,-7.5E-1));
#3389=LINE('',#3388,#3387);
#3390=CURVE_STYLE('',#34,POSITIVE_LENGTH_MEASURE(2.E-2),#3);
#3391=PRESENTATION_STYLE_ASSIGNMENT((#3390));
#3392=STYLED_ITEM('',(#3391),#3389);
#3393=DIRECTION('',(0.E0,1.E0,0.E0));
#3394=VECTOR('',#3393,1.75E-1);
#3395=CARTESIAN_POINT('',(-8.75E-1,0.E0,-8.75E-1));
#3396=LINE('',#3395,#3394);
#3397=CURVE_STYLE('',#34,POSITIVE_LENGTH_MEASURE(2.E-2),#3);
#3398=PRESENTATION_STYLE_ASSIGNMENT((#3397));
#3399=STYLED_ITEM('',(#3398),#3396);
#3400=DIRECTION('',(0.E0,0.E0,1.E0));
#3401=VECTOR('',#3400,2.5E-1);
#3402=CARTESIAN_POINT('',(-1.35E0,1.75E-1,-8.75E-1));
#3403=LINE('',#3402,#3401);
#3404=CURVE_STYLE('',#34,POSITIVE_LENGTH_MEASURE(2.E-2),#3);
#3405=PRESENTATION_STYLE_ASSIGNMENT((#3404));
#3406=STYLED_ITEM('',(#3405),#3403);
#3407=DIRECTION('',(0.E0,1.E0,0.E0));
#3408=VECTOR('',#3407,1.75E-1);
#3409=CARTESIAN_POINT('',(-1.35E0,0.E0,-8.75E-1));
#3410=LINE('',#3409,#3408);
#3411=CURVE_STYLE('',#34,POSITIVE_LENGTH_MEASURE(2.E-2),#3);
#3412=PRESENTATION_STYLE_ASSIGNMENT((#3411));
#3413=STYLED_ITEM('',(#3412),#3410);
#3414=DIRECTION('',(0.E0,1.E0,0.E0));
#3415=VECTOR('',#3414,9.75E-1);
#3416=CARTESIAN_POINT('',(-1.35E0,0.E0,-1.15E0));
#3417=LINE('',#3416,#3415);
#3418=CURVE_STYLE('',#34,POSITIVE_LENGTH_MEASURE(2.E-2),#3);
#3419=PRESENTATION_STYLE_ASSIGNMENT((#3418));
#3420=STYLED_ITEM('',(#3419),#3417);
#3421=DIRECTION('',(0.E0,1.E0,0.E0));
#3422=VECTOR('',#3421,1.75E-1);
#3423=CARTESIAN_POINT('',(-1.35E0,0.E0,8.75E-1));
#3424=LINE('',#3423,#3422);
#3425=CURVE_STYLE('',#34,POSITIVE_LENGTH_MEASURE(2.E-2),#3);
#3426=PRESENTATION_STYLE_ASSIGNMENT((#3425));
#3427=STYLED_ITEM('',(#3426),#3424);
#3428=DIRECTION('',(0.E0,0.E0,1.E0));
#3429=VECTOR('',#3428,2.5E-1);
#3430=CARTESIAN_POINT('',(-1.35E0,1.75E-1,6.25E-1));
#3431=LINE('',#3430,#3429);
#3432=CURVE_STYLE('',#34,POSITIVE_LENGTH_MEASURE(2.E-2),#3);
#3433=PRESENTATION_STYLE_ASSIGNMENT((#3432));
#3434=STYLED_ITEM('',(#3433),#3431);
#3435=DIRECTION('',(0.E0,1.E0,0.E0));
#3436=VECTOR('',#3435,1.75E-1);
#3437=CARTESIAN_POINT('',(-1.35E0,0.E0,6.25E-1));
#3438=LINE('',#3437,#3436);
#3439=CURVE_STYLE('',#34,POSITIVE_LENGTH_MEASURE(2.E-2),#3);
#3440=PRESENTATION_STYLE_ASSIGNMENT((#3439));
#3441=STYLED_ITEM('',(#3440),#3438);
#3442=DIRECTION('',(0.E0,1.E0,0.E0));
#3443=VECTOR('',#3442,1.75E-1);
#3444=CARTESIAN_POINT('',(-1.35E0,0.E0,3.75E-1));
#3445=LINE('',#3444,#3443);
#3446=CURVE_STYLE('',#34,POSITIVE_LENGTH_MEASURE(2.E-2),#3);
#3447=PRESENTATION_STYLE_ASSIGNMENT((#3446));
#3448=STYLED_ITEM('',(#3447),#3445);
#3449=DIRECTION('',(0.E0,0.E0,1.E0));
#3450=VECTOR('',#3449,2.5E-1);
#3451=CARTESIAN_POINT('',(-1.35E0,1.75E-1,1.25E-1));
#3452=LINE('',#3451,#3450);
#3453=CURVE_STYLE('',#34,POSITIVE_LENGTH_MEASURE(2.E-2),#3);
#3454=PRESENTATION_STYLE_ASSIGNMENT((#3453));
#3455=STYLED_ITEM('',(#3454),#3452);
#3456=DIRECTION('',(0.E0,1.E0,0.E0));
#3457=VECTOR('',#3456,1.75E-1);
#3458=CARTESIAN_POINT('',(-1.35E0,0.E0,1.25E-1));
#3459=LINE('',#3458,#3457);
#3460=CURVE_STYLE('',#34,POSITIVE_LENGTH_MEASURE(2.E-2),#3);
#3461=PRESENTATION_STYLE_ASSIGNMENT((#3460));
#3462=STYLED_ITEM('',(#3461),#3459);
#3463=DIRECTION('',(0.E0,1.E0,0.E0));
#3464=VECTOR('',#3463,1.75E-1);
#3465=CARTESIAN_POINT('',(-1.35E0,0.E0,-1.25E-1));
#3466=LINE('',#3465,#3464);
#3467=CURVE_STYLE('',#34,POSITIVE_LENGTH_MEASURE(2.E-2),#3);
#3468=PRESENTATION_STYLE_ASSIGNMENT((#3467));
#3469=STYLED_ITEM('',(#3468),#3466);
#3470=DIRECTION('',(0.E0,0.E0,1.E0));
#3471=VECTOR('',#3470,2.5E-1);
#3472=CARTESIAN_POINT('',(-1.35E0,1.75E-1,-3.75E-1));
#3473=LINE('',#3472,#3471);
#3474=CURVE_STYLE('',#34,POSITIVE_LENGTH_MEASURE(2.E-2),#3);
#3475=PRESENTATION_STYLE_ASSIGNMENT((#3474));
#3476=STYLED_ITEM('',(#3475),#3473);
#3477=DIRECTION('',(0.E0,1.E0,0.E0));
#3478=VECTOR('',#3477,1.75E-1);
#3479=CARTESIAN_POINT('',(-1.35E0,0.E0,-3.75E-1));
#3480=LINE('',#3479,#3478);
#3481=CURVE_STYLE('',#34,POSITIVE_LENGTH_MEASURE(2.E-2),#3);
#3482=PRESENTATION_STYLE_ASSIGNMENT((#3481));
#3483=STYLED_ITEM('',(#3482),#3480);
#3484=DIRECTION('',(0.E0,1.E0,0.E0));
#3485=VECTOR('',#3484,1.75E-1);
#3486=CARTESIAN_POINT('',(-1.35E0,0.E0,-6.25E-1));
#3487=LINE('',#3486,#3485);
#3488=CURVE_STYLE('',#34,POSITIVE_LENGTH_MEASURE(2.E-2),#3);
#3489=PRESENTATION_STYLE_ASSIGNMENT((#3488));
#3490=STYLED_ITEM('',(#3489),#3487);
#3491=DIRECTION('',(1.E0,0.E0,0.E0));
#3492=VECTOR('',#3491,3.5E-1);
#3493=CARTESIAN_POINT('',(-1.35E0,1.75E-1,-6.25E-1));
#3494=LINE('',#3493,#3492);
#3495=CURVE_STYLE('',#34,POSITIVE_LENGTH_MEASURE(2.E-2),#3);
#3496=PRESENTATION_STYLE_ASSIGNMENT((#3495));
#3497=STYLED_ITEM('',(#3496),#3494);
#3498=DIRECTION('',(7.071067811865E-1,0.E0,-7.071067811865E-1));
#3499=VECTOR('',#3498,1.767766952966E-1);
#3500=CARTESIAN_POINT('',(-1.E0,1.75E-1,-6.25E-1));
#3501=LINE('',#3500,#3499);
#3502=CURVE_STYLE('',#34,POSITIVE_LENGTH_MEASURE(2.E-2),#3);
#3503=PRESENTATION_STYLE_ASSIGNMENT((#3502));
#3504=STYLED_ITEM('',(#3503),#3501);
#3505=DIRECTION('',(0.E0,0.E0,-1.E0));
#3506=VECTOR('',#3505,1.25E-1);
#3507=CARTESIAN_POINT('',(-8.75E-1,1.75E-1,-7.5E-1));
#3508=LINE('',#3507,#3506);
#3509=CURVE_STYLE('',#34,POSITIVE_LENGTH_MEASURE(2.E-2),#3);
#3510=PRESENTATION_STYLE_ASSIGNMENT((#3509));
#3511=STYLED_ITEM('',(#3510),#3508);
#3512=DIRECTION('',(-1.E0,0.E0,0.E0));
#3513=VECTOR('',#3512,4.75E-1);
#3514=CARTESIAN_POINT('',(-8.75E-1,1.75E-1,-8.75E-1));
#3515=LINE('',#3514,#3513);
#3516=CURVE_STYLE('',#34,POSITIVE_LENGTH_MEASURE(2.E-2),#3);
#3517=PRESENTATION_STYLE_ASSIGNMENT((#3516));
#3518=STYLED_ITEM('',(#3517),#3515);
#3519=DIRECTION('',(1.E0,0.E0,0.E0));
#3520=VECTOR('',#3519,3.5E-1);
#3521=CARTESIAN_POINT('',(-1.35E0,1.75E-1,-1.25E-1));
#3522=LINE('',#3521,#3520);
#3523=CURVE_STYLE('',#34,POSITIVE_LENGTH_MEASURE(2.E-2),#3);
#3524=PRESENTATION_STYLE_ASSIGNMENT((#3523));
#3525=STYLED_ITEM('',(#3524),#3522);
#3526=CARTESIAN_POINT('',(-1.E0,1.75E-1,-2.5E-1));
#3527=DIRECTION('',(0.E0,1.E0,0.E0));
#3528=DIRECTION('',(0.E0,0.E0,1.E0));
#3529=AXIS2_PLACEMENT_3D('',#3526,#3527,#3528);
#3531=CURVE_STYLE('',#34,POSITIVE_LENGTH_MEASURE(2.E-2),#3);
#3532=PRESENTATION_STYLE_ASSIGNMENT((#3531));
#3533=STYLED_ITEM('',(#3532),#3530);
#3534=DIRECTION('',(-1.E0,0.E0,0.E0));
#3535=VECTOR('',#3534,3.5E-1);
#3536=CARTESIAN_POINT('',(-1.E0,1.75E-1,-3.75E-1));
#3537=LINE('',#3536,#3535);
#3538=CURVE_STYLE('',#34,POSITIVE_LENGTH_MEASURE(2.E-2),#3);
#3539=PRESENTATION_STYLE_ASSIGNMENT((#3538));
#3540=STYLED_ITEM('',(#3539),#3537);
#3541=DIRECTION('',(1.E0,0.E0,0.E0));
#3542=VECTOR('',#3541,6.5E-1);
#3543=CARTESIAN_POINT('',(-1.35E0,1.75E-1,3.75E-1));
#3544=LINE('',#3543,#3542);
#3545=CURVE_STYLE('',#34,POSITIVE_LENGTH_MEASURE(2.E-2),#3);
#3546=PRESENTATION_STYLE_ASSIGNMENT((#3545));
#3547=STYLED_ITEM('',(#3546),#3544);
#3548=CARTESIAN_POINT('',(-7.E-1,1.75E-1,2.5E-1));
#3549=DIRECTION('',(0.E0,1.E0,0.E0));
#3550=DIRECTION('',(0.E0,0.E0,1.E0));
#3551=AXIS2_PLACEMENT_3D('',#3548,#3549,#3550);
#3553=CURVE_STYLE('',#34,POSITIVE_LENGTH_MEASURE(2.E-2),#3);
#3554=PRESENTATION_STYLE_ASSIGNMENT((#3553));
#3555=STYLED_ITEM('',(#3554),#3552);
#3556=DIRECTION('',(-1.E0,0.E0,0.E0));
#3557=VECTOR('',#3556,6.5E-1);
#3558=CARTESIAN_POINT('',(-7.E-1,1.75E-1,1.25E-1));
#3559=LINE('',#3558,#3557);
#3560=CURVE_STYLE('',#34,POSITIVE_LENGTH_MEASURE(2.E-2),#3);
#3561=PRESENTATION_STYLE_ASSIGNMENT((#3560));
#3562=STYLED_ITEM('',(#3561),#3559);
#3563=DIRECTION('',(1.E0,0.E0,0.E0));
#3564=VECTOR('',#3563,3.5E-1);
#3565=CARTESIAN_POINT('',(-1.35E0,1.75E-1,8.75E-1));
#3566=LINE('',#3565,#3564);
#3567=CURVE_STYLE('',#34,POSITIVE_LENGTH_MEASURE(2.E-2),#3);
#3568=PRESENTATION_STYLE_ASSIGNMENT((#3567));
#3569=STYLED_ITEM('',(#3568),#3566);
#3570=CARTESIAN_POINT('',(-1.E0,1.75E-1,7.5E-1));
#3571=DIRECTION('',(0.E0,1.E0,0.E0));
#3572=DIRECTION('',(0.E0,0.E0,1.E0));
#3573=AXIS2_PLACEMENT_3D('',#3570,#3571,#3572);
#3575=CURVE_STYLE('',#34,POSITIVE_LENGTH_MEASURE(2.E-2),#3);
#3576=PRESENTATION_STYLE_ASSIGNMENT((#3575));
#3577=STYLED_ITEM('',(#3576),#3574);
#3578=DIRECTION('',(-1.E0,0.E0,0.E0));
#3579=VECTOR('',#3578,3.5E-1);
#3580=CARTESIAN_POINT('',(-1.E0,1.75E-1,6.25E-1));
#3581=LINE('',#3580,#3579);
#3582=CURVE_STYLE('',#34,POSITIVE_LENGTH_MEASURE(2.E-2),#3);
#3583=PRESENTATION_STYLE_ASSIGNMENT((#3582));
#3584=STYLED_ITEM('',(#3583),#3581);
#3585=DIRECTION('',(0.E0,0.E0,-1.E0));
#3586=VECTOR('',#3585,3.E-1);
#3587=CARTESIAN_POINT('',(-3.75E-1,1.75E-1,1.15E0));
#3588=LINE('',#3587,#3586);
#3589=CURVE_STYLE('',#34,POSITIVE_LENGTH_MEASURE(2.E-2),#3);
#3590=PRESENTATION_STYLE_ASSIGNMENT((#3589));
#3591=STYLED_ITEM('',(#3590),#3588);
#3592=CARTESIAN_POINT('',(-5.E-1,1.75E-1,8.5E-1));
#3593=DIRECTION('',(0.E0,1.E0,0.E0));
#3594=DIRECTION('',(1.E0,0.E0,0.E0));
#3595=AXIS2_PLACEMENT_3D('',#3592,#3593,#3594);
#3597=CURVE_STYLE('',#34,POSITIVE_LENGTH_MEASURE(2.E-2),#3);
#3598=PRESENTATION_STYLE_ASSIGNMENT((#3597));
#3599=STYLED_ITEM('',(#3598),#3596);
#3600=DIRECTION('',(0.E0,0.E0,1.E0));
#3601=VECTOR('',#3600,3.E-1);
#3602=CARTESIAN_POINT('',(-6.25E-1,1.75E-1,8.5E-1));
#3603=LINE('',#3602,#3601);
#3604=CURVE_STYLE('',#34,POSITIVE_LENGTH_MEASURE(2.E-2),#3);
#3605=PRESENTATION_STYLE_ASSIGNMENT((#3604));
#3606=STYLED_ITEM('',(#3605),#3603);
#3607=DIRECTION('',(0.E0,0.E0,-1.E0));
#3608=VECTOR('',#3607,9.E-1);
#3609=CARTESIAN_POINT('',(1.25E-1,1.75E-1,1.15E0));
#3610=LINE('',#3609,#3608);
#3611=CURVE_STYLE('',#34,POSITIVE_LENGTH_MEASURE(2.E-2),#3);
#3612=PRESENTATION_STYLE_ASSIGNMENT((#3611));
#3613=STYLED_ITEM('',(#3612),#3610);
#3614=CARTESIAN_POINT('',(0.E0,1.75E-1,2.5E-1));
#3615=DIRECTION('',(0.E0,1.E0,0.E0));
#3616=DIRECTION('',(1.E0,0.E0,0.E0));
#3617=AXIS2_PLACEMENT_3D('',#3614,#3615,#3616);
#3619=CURVE_STYLE('',#34,POSITIVE_LENGTH_MEASURE(2.E-2),#3);
#3620=PRESENTATION_STYLE_ASSIGNMENT((#3619));
#3621=STYLED_ITEM('',(#3620),#3618);
#3622=DIRECTION('',(0.E0,0.E0,1.E0));
#3623=VECTOR('',#3622,9.E-1);
#3624=CARTESIAN_POINT('',(-1.25E-1,1.75E-1,2.5E-1));
#3625=LINE('',#3624,#3623);
#3626=CURVE_STYLE('',#34,POSITIVE_LENGTH_MEASURE(2.E-2),#3);
#3627=PRESENTATION_STYLE_ASSIGNMENT((#3626));
#3628=STYLED_ITEM('',(#3627),#3625);
#3629=DIRECTION('',(0.E0,0.E0,-1.E0));
#3630=VECTOR('',#3629,3.E-1);
#3631=CARTESIAN_POINT('',(6.25E-1,1.75E-1,1.15E0));
#3632=LINE('',#3631,#3630);
#3633=CURVE_STYLE('',#34,POSITIVE_LENGTH_MEASURE(2.E-2),#3);
#3634=PRESENTATION_STYLE_ASSIGNMENT((#3633));
#3635=STYLED_ITEM('',(#3634),#3632);
#3636=CARTESIAN_POINT('',(5.E-1,1.75E-1,8.5E-1));
#3637=DIRECTION('',(0.E0,1.E0,0.E0));
#3638=DIRECTION('',(1.E0,0.E0,0.E0));
#3639=AXIS2_PLACEMENT_3D('',#3636,#3637,#3638);
#3641=CURVE_STYLE('',#34,POSITIVE_LENGTH_MEASURE(2.E-2),#3);
#3642=PRESENTATION_STYLE_ASSIGNMENT((#3641));
#3643=STYLED_ITEM('',(#3642),#3640);
#3644=DIRECTION('',(0.E0,0.E0,1.E0));
#3645=VECTOR('',#3644,3.E-1);
#3646=CARTESIAN_POINT('',(3.75E-1,1.75E-1,8.5E-1));
#3647=LINE('',#3646,#3645);
#3648=CURVE_STYLE('',#34,POSITIVE_LENGTH_MEASURE(2.E-2),#3);
#3649=PRESENTATION_STYLE_ASSIGNMENT((#3648));
#3650=STYLED_ITEM('',(#3649),#3647);
#3651=DIRECTION('',(-1.E0,0.E0,0.E0));
#3652=VECTOR('',#3651,3.5E-1);
#3653=CARTESIAN_POINT('',(1.35E0,1.75E-1,6.25E-1));
#3654=LINE('',#3653,#3652);
#3655=CURVE_STYLE('',#34,POSITIVE_LENGTH_MEASURE(2.E-2),#3);
#3656=PRESENTATION_STYLE_ASSIGNMENT((#3655));
#3657=STYLED_ITEM('',(#3656),#3654);
#3658=CARTESIAN_POINT('',(1.E0,1.75E-1,7.5E-1));
#3659=DIRECTION('',(0.E0,1.E0,0.E0));
#3660=DIRECTION('',(0.E0,0.E0,-1.E0));
#3661=AXIS2_PLACEMENT_3D('',#3658,#3659,#3660);
#3663=CURVE_STYLE('',#34,POSITIVE_LENGTH_MEASURE(2.E-2),#3);
#3664=PRESENTATION_STYLE_ASSIGNMENT((#3663));
#3665=STYLED_ITEM('',(#3664),#3662);
#3666=DIRECTION('',(1.E0,0.E0,0.E0));
#3667=VECTOR('',#3666,3.5E-1);
#3668=CARTESIAN_POINT('',(1.E0,1.75E-1,8.75E-1));
#3669=LINE('',#3668,#3667);
#3670=CURVE_STYLE('',#34,POSITIVE_LENGTH_MEASURE(2.E-2),#3);
#3671=PRESENTATION_STYLE_ASSIGNMENT((#3670));
#3672=STYLED_ITEM('',(#3671),#3669);
#3673=DIRECTION('',(-1.E0,0.E0,0.E0));
#3674=VECTOR('',#3673,6.5E-1);
#3675=CARTESIAN_POINT('',(1.35E0,1.75E-1,1.25E-1));
#3676=LINE('',#3675,#3674);
#3677=CURVE_STYLE('',#34,POSITIVE_LENGTH_MEASURE(2.E-2),#3);
#3678=PRESENTATION_STYLE_ASSIGNMENT((#3677));
#3679=STYLED_ITEM('',(#3678),#3676);
#3680=CARTESIAN_POINT('',(7.E-1,1.75E-1,2.5E-1));
#3681=DIRECTION('',(0.E0,1.E0,0.E0));
#3682=DIRECTION('',(0.E0,0.E0,-1.E0));
#3683=AXIS2_PLACEMENT_3D('',#3680,#3681,#3682);
#3685=CURVE_STYLE('',#34,POSITIVE_LENGTH_MEASURE(2.E-2),#3);
#3686=PRESENTATION_STYLE_ASSIGNMENT((#3685));
#3687=STYLED_ITEM('',(#3686),#3684);
#3688=DIRECTION('',(1.E0,0.E0,0.E0));
#3689=VECTOR('',#3688,6.5E-1);
#3690=CARTESIAN_POINT('',(7.E-1,1.75E-1,3.75E-1));
#3691=LINE('',#3690,#3689);
#3692=CURVE_STYLE('',#34,POSITIVE_LENGTH_MEASURE(2.E-2),#3);
#3693=PRESENTATION_STYLE_ASSIGNMENT((#3692));
#3694=STYLED_ITEM('',(#3693),#3691);
#3695=DIRECTION('',(-1.E0,0.E0,0.E0));
#3696=VECTOR('',#3695,3.5E-1);
#3697=CARTESIAN_POINT('',(1.35E0,1.75E-1,-3.75E-1));
#3698=LINE('',#3697,#3696);
#3699=CURVE_STYLE('',#34,POSITIVE_LENGTH_MEASURE(2.E-2),#3);
#3700=PRESENTATION_STYLE_ASSIGNMENT((#3699));
#3701=STYLED_ITEM('',(#3700),#3698);
#3702=CARTESIAN_POINT('',(1.E0,1.75E-1,-2.5E-1));
#3703=DIRECTION('',(0.E0,1.E0,0.E0));
#3704=DIRECTION('',(0.E0,0.E0,-1.E0));
#3705=AXIS2_PLACEMENT_3D('',#3702,#3703,#3704);
#3707=CURVE_STYLE('',#34,POSITIVE_LENGTH_MEASURE(2.E-2),#3);
#3708=PRESENTATION_STYLE_ASSIGNMENT((#3707));
#3709=STYLED_ITEM('',(#3708),#3706);
#3710=DIRECTION('',(1.E0,0.E0,0.E0));
#3711=VECTOR('',#3710,3.5E-1);
#3712=CARTESIAN_POINT('',(1.E0,1.75E-1,-1.25E-1));
#3713=LINE('',#3712,#3711);
#3714=CURVE_STYLE('',#34,POSITIVE_LENGTH_MEASURE(2.E-2),#3);
#3715=PRESENTATION_STYLE_ASSIGNMENT((#3714));
#3716=STYLED_ITEM('',(#3715),#3713);
#3717=DIRECTION('',(-1.E0,0.E0,0.E0));
#3718=VECTOR('',#3717,3.5E-1);
#3719=CARTESIAN_POINT('',(1.35E0,1.75E-1,-8.75E-1));
#3720=LINE('',#3719,#3718);
#3721=CURVE_STYLE('',#34,POSITIVE_LENGTH_MEASURE(2.E-2),#3);
#3722=PRESENTATION_STYLE_ASSIGNMENT((#3721));
#3723=STYLED_ITEM('',(#3722),#3720);
#3724=CARTESIAN_POINT('',(1.E0,1.75E-1,-7.5E-1));
#3725=DIRECTION('',(0.E0,1.E0,0.E0));
#3726=DIRECTION('',(0.E0,0.E0,-1.E0));
#3727=AXIS2_PLACEMENT_3D('',#3724,#3725,#3726);
#3729=CURVE_STYLE('',#34,POSITIVE_LENGTH_MEASURE(2.E-2),#3);
#3730=PRESENTATION_STYLE_ASSIGNMENT((#3729));
#3731=STYLED_ITEM('',(#3730),#3728);
#3732=DIRECTION('',(1.E0,0.E0,0.E0));
#3733=VECTOR('',#3732,3.5E-1);
#3734=CARTESIAN_POINT('',(1.E0,1.75E-1,-6.25E-1));
#3735=LINE('',#3734,#3733);
#3736=CURVE_STYLE('',#34,POSITIVE_LENGTH_MEASURE(2.E-2),#3);
#3737=PRESENTATION_STYLE_ASSIGNMENT((#3736));
#3738=STYLED_ITEM('',(#3737),#3735);
#3739=DIRECTION('',(0.E0,0.E0,1.E0));
#3740=VECTOR('',#3739,3.E-1);
#3741=CARTESIAN_POINT('',(3.75E-1,1.75E-1,-1.15E0));
#3742=LINE('',#3741,#3740);
#3743=CURVE_STYLE('',#34,POSITIVE_LENGTH_MEASURE(2.E-2),#3);
#3744=PRESENTATION_STYLE_ASSIGNMENT((#3743));
#3745=STYLED_ITEM('',(#3744),#3742);
#3746=CARTESIAN_POINT('',(5.E-1,1.75E-1,-8.5E-1));
#3747=DIRECTION('',(0.E0,1.E0,0.E0));
#3748=DIRECTION('',(-1.E0,0.E0,0.E0));
#3749=AXIS2_PLACEMENT_3D('',#3746,#3747,#3748);
#3751=CURVE_STYLE('',#34,POSITIVE_LENGTH_MEASURE(2.E-2),#3);
#3752=PRESENTATION_STYLE_ASSIGNMENT((#3751));
#3753=STYLED_ITEM('',(#3752),#3750);
#3754=DIRECTION('',(0.E0,0.E0,-1.E0));
#3755=VECTOR('',#3754,3.E-1);
#3756=CARTESIAN_POINT('',(6.25E-1,1.75E-1,-8.5E-1));
#3757=LINE('',#3756,#3755);
#3758=CURVE_STYLE('',#34,POSITIVE_LENGTH_MEASURE(2.E-2),#3);
#3759=PRESENTATION_STYLE_ASSIGNMENT((#3758));
#3760=STYLED_ITEM('',(#3759),#3757);
#3761=DIRECTION('',(0.E0,0.E0,1.E0));
#3762=VECTOR('',#3761,3.E-1);
#3763=CARTESIAN_POINT('',(-1.25E-1,1.75E-1,-1.15E0));
#3764=LINE('',#3763,#3762);
#3765=CURVE_STYLE('',#34,POSITIVE_LENGTH_MEASURE(2.E-2),#3);
#3766=PRESENTATION_STYLE_ASSIGNMENT((#3765));
#3767=STYLED_ITEM('',(#3766),#3764);
#3768=CARTESIAN_POINT('',(0.E0,1.75E-1,-8.5E-1));
#3769=DIRECTION('',(0.E0,1.E0,0.E0));
#3770=DIRECTION('',(-1.E0,0.E0,0.E0));
#3771=AXIS2_PLACEMENT_3D('',#3768,#3769,#3770);
#3773=CURVE_STYLE('',#34,POSITIVE_LENGTH_MEASURE(2.E-2),#3);
#3774=PRESENTATION_STYLE_ASSIGNMENT((#3773));
#3775=STYLED_ITEM('',(#3774),#3772);
#3776=DIRECTION('',(0.E0,0.E0,-1.E0));
#3777=VECTOR('',#3776,3.E-1);
#3778=CARTESIAN_POINT('',(1.25E-1,1.75E-1,-8.5E-1));
#3779=LINE('',#3778,#3777);
#3780=CURVE_STYLE('',#34,POSITIVE_LENGTH_MEASURE(2.E-2),#3);
#3781=PRESENTATION_STYLE_ASSIGNMENT((#3780));
#3782=STYLED_ITEM('',(#3781),#3779);
#3783=DIRECTION('',(0.E0,0.E0,1.E0));
#3784=VECTOR('',#3783,3.E-1);
#3785=CARTESIAN_POINT('',(-6.25E-1,1.75E-1,-1.15E0));
#3786=LINE('',#3785,#3784);
#3787=CURVE_STYLE('',#34,POSITIVE_LENGTH_MEASURE(2.E-2),#3);
#3788=PRESENTATION_STYLE_ASSIGNMENT((#3787));
#3789=STYLED_ITEM('',(#3788),#3786);
#3790=CARTESIAN_POINT('',(-5.E-1,1.75E-1,-8.5E-1));
#3791=DIRECTION('',(0.E0,1.E0,0.E0));
#3792=DIRECTION('',(-1.E0,0.E0,0.E0));
#3793=AXIS2_PLACEMENT_3D('',#3790,#3791,#3792);
#3795=CURVE_STYLE('',#34,POSITIVE_LENGTH_MEASURE(2.E-2),#3);
#3796=PRESENTATION_STYLE_ASSIGNMENT((#3795));
#3797=STYLED_ITEM('',(#3796),#3794);
#3798=DIRECTION('',(0.E0,0.E0,-1.E0));
#3799=VECTOR('',#3798,3.E-1);
#3800=CARTESIAN_POINT('',(-3.75E-1,1.75E-1,-8.5E-1));
#3801=LINE('',#3800,#3799);
#3802=CURVE_STYLE('',#34,POSITIVE_LENGTH_MEASURE(2.E-2),#3);
#3803=PRESENTATION_STYLE_ASSIGNMENT((#3802));
#3804=STYLED_ITEM('',(#3803),#3801);
#3805=DIRECTION('',(0.E0,1.E0,0.E0));
#3806=VECTOR('',#3805,1.75E-1);
#3807=CARTESIAN_POINT('',(-1.E0,0.E0,-1.25E-1));
#3808=LINE('',#3807,#3806);
#3809=CURVE_STYLE('',#34,POSITIVE_LENGTH_MEASURE(2.E-2),#3);
#3810=PRESENTATION_STYLE_ASSIGNMENT((#3809));
#3811=STYLED_ITEM('',(#3810),#3808);
#3812=DIRECTION('',(2.664535259100E-14,1.E0,0.E0));
#3813=VECTOR('',#3812,1.75E-1);
#3814=CARTESIAN_POINT('',(-1.E0,0.E0,-3.75E-1));
#3815=LINE('',#3814,#3813);
#3816=CURVE_STYLE('',#34,POSITIVE_LENGTH_MEASURE(2.E-2),#3);
#3817=PRESENTATION_STYLE_ASSIGNMENT((#3816));
#3818=STYLED_ITEM('',(#3817),#3815);
#3819=DIRECTION('',(0.E0,1.E0,0.E0));
#3820=VECTOR('',#3819,1.75E-1);
#3821=CARTESIAN_POINT('',(-7.E-1,0.E0,3.75E-1));
#3822=LINE('',#3821,#3820);
#3823=CURVE_STYLE('',#34,POSITIVE_LENGTH_MEASURE(2.E-2),#3);
#3824=PRESENTATION_STYLE_ASSIGNMENT((#3823));
#3825=STYLED_ITEM('',(#3824),#3822);
#3826=DIRECTION('',(1.903239470786E-14,1.E0,0.E0));
#3827=VECTOR('',#3826,1.75E-1);
#3828=CARTESIAN_POINT('',(-7.E-1,0.E0,1.25E-1));
#3829=LINE('',#3828,#3827);
#3830=CURVE_STYLE('',#34,POSITIVE_LENGTH_MEASURE(2.E-2),#3);
#3831=PRESENTATION_STYLE_ASSIGNMENT((#3830));
#3832=STYLED_ITEM('',(#3831),#3829);
#3833=DIRECTION('',(0.E0,1.E0,0.E0));
#3834=VECTOR('',#3833,1.75E-1);
#3835=CARTESIAN_POINT('',(-1.E0,0.E0,8.75E-1));
#3836=LINE('',#3835,#3834);
#3837=CURVE_STYLE('',#34,POSITIVE_LENGTH_MEASURE(2.E-2),#3);
#3838=PRESENTATION_STYLE_ASSIGNMENT((#3837));
#3839=STYLED_ITEM('',(#3838),#3836);
#3840=DIRECTION('',(0.E0,1.E0,0.E0));
#3841=VECTOR('',#3840,1.75E-1);
#3842=CARTESIAN_POINT('',(-1.E0,0.E0,6.25E-1));
#3843=LINE('',#3842,#3841);
#3844=CURVE_STYLE('',#34,POSITIVE_LENGTH_MEASURE(2.E-2),#3);
#3845=PRESENTATION_STYLE_ASSIGNMENT((#3844));
#3846=STYLED_ITEM('',(#3845),#3843);
#3847=DIRECTION('',(1.E0,0.E0,0.E0));
#3848=VECTOR('',#3847,2.5E-1);
#3849=CARTESIAN_POINT('',(-6.25E-1,1.75E-1,1.15E0));
#3850=LINE('',#3849,#3848);
#3851=CURVE_STYLE('',#34,POSITIVE_LENGTH_MEASURE(2.E-2),#3);
#3852=PRESENTATION_STYLE_ASSIGNMENT((#3851));
#3853=STYLED_ITEM('',(#3852),#3850);
#3854=DIRECTION('',(0.E0,1.E0,0.E0));
#3855=VECTOR('',#3854,1.75E-1);
#3856=CARTESIAN_POINT('',(-6.25E-1,0.E0,1.15E0));
#3857=LINE('',#3856,#3855);
#3858=CURVE_STYLE('',#34,POSITIVE_LENGTH_MEASURE(2.E-2),#3);
#3859=PRESENTATION_STYLE_ASSIGNMENT((#3858));
#3860=STYLED_ITEM('',(#3859),#3857);
#3861=DIRECTION('',(0.E0,1.E0,0.E0));
#3862=VECTOR('',#3861,9.75E-1);
#3863=CARTESIAN_POINT('',(-1.35E0,0.E0,1.15E0));
#3864=LINE('',#3863,#3862);
#3865=CURVE_STYLE('',#34,POSITIVE_LENGTH_MEASURE(2.E-2),#3);
#3866=PRESENTATION_STYLE_ASSIGNMENT((#3865));
#3867=STYLED_ITEM('',(#3866),#3864);
#3868=DIRECTION('',(0.E0,1.E0,0.E0));
#3869=VECTOR('',#3868,1.75E-1);
#3870=CARTESIAN_POINT('',(6.25E-1,0.E0,1.15E0));
#3871=LINE('',#3870,#3869);
#3872=CURVE_STYLE('',#34,POSITIVE_LENGTH_MEASURE(2.E-2),#3);
#3873=PRESENTATION_STYLE_ASSIGNMENT((#3872));
#3874=STYLED_ITEM('',(#3873),#3871);
#3875=DIRECTION('',(1.E0,0.E0,0.E0));
#3876=VECTOR('',#3875,2.5E-1);
#3877=CARTESIAN_POINT('',(3.75E-1,1.75E-1,1.15E0));
#3878=LINE('',#3877,#3876);
#3879=CURVE_STYLE('',#34,POSITIVE_LENGTH_MEASURE(2.E-2),#3);
#3880=PRESENTATION_STYLE_ASSIGNMENT((#3879));
#3881=STYLED_ITEM('',(#3880),#3878);
#3882=DIRECTION('',(0.E0,1.E0,0.E0));
#3883=VECTOR('',#3882,1.75E-1);
#3884=CARTESIAN_POINT('',(3.75E-1,0.E0,1.15E0));
#3885=LINE('',#3884,#3883);
#3886=CURVE_STYLE('',#34,POSITIVE_LENGTH_MEASURE(2.E-2),#3);
#3887=PRESENTATION_STYLE_ASSIGNMENT((#3886));
#3888=STYLED_ITEM('',(#3887),#3885);
#3889=DIRECTION('',(0.E0,1.E0,0.E0));
#3890=VECTOR('',#3889,1.75E-1);
#3891=CARTESIAN_POINT('',(1.25E-1,0.E0,1.15E0));
#3892=LINE('',#3891,#3890);
#3893=CURVE_STYLE('',#34,POSITIVE_LENGTH_MEASURE(2.E-2),#3);
#3894=PRESENTATION_STYLE_ASSIGNMENT((#3893));
#3895=STYLED_ITEM('',(#3894),#3892);
#3896=DIRECTION('',(1.E0,0.E0,0.E0));
#3897=VECTOR('',#3896,2.5E-1);
#3898=CARTESIAN_POINT('',(-1.25E-1,1.75E-1,1.15E0));
#3899=LINE('',#3898,#3897);
#3900=CURVE_STYLE('',#34,POSITIVE_LENGTH_MEASURE(2.E-2),#3);
#3901=PRESENTATION_STYLE_ASSIGNMENT((#3900));
#3902=STYLED_ITEM('',(#3901),#3899);
#3903=DIRECTION('',(0.E0,1.E0,0.E0));
#3904=VECTOR('',#3903,1.75E-1);
#3905=CARTESIAN_POINT('',(-1.25E-1,0.E0,1.15E0));
#3906=LINE('',#3905,#3904);
#3907=CURVE_STYLE('',#34,POSITIVE_LENGTH_MEASURE(2.E-2),#3);
#3908=PRESENTATION_STYLE_ASSIGNMENT((#3907));
#3909=STYLED_ITEM('',(#3908),#3906);
#3910=DIRECTION('',(0.E0,1.E0,0.E0));
#3911=VECTOR('',#3910,1.75E-1);
#3912=CARTESIAN_POINT('',(-3.75E-1,0.E0,1.15E0));
#3913=LINE('',#3912,#3911);
#3914=CURVE_STYLE('',#34,POSITIVE_LENGTH_MEASURE(2.E-2),#3);
#3915=PRESENTATION_STYLE_ASSIGNMENT((#3914));
#3916=STYLED_ITEM('',(#3915),#3913);
#3917=DIRECTION('',(0.E0,1.E0,-1.839798155093E-14));
#3918=VECTOR('',#3917,1.75E-1);
#3919=CARTESIAN_POINT('',(-6.25E-1,0.E0,8.5E-1));
#3920=LINE('',#3919,#3918);
#3921=CURVE_STYLE('',#34,POSITIVE_LENGTH_MEASURE(2.E-2),#3);
#3922=PRESENTATION_STYLE_ASSIGNMENT((#3921));
#3923=STYLED_ITEM('',(#3922),#3920);
#3924=DIRECTION('',(0.E0,1.E0,0.E0));
#3925=VECTOR('',#3924,1.75E-1);
#3926=CARTESIAN_POINT('',(-3.75E-1,0.E0,8.5E-1));
#3927=LINE('',#3926,#3925);
#3928=CURVE_STYLE('',#34,POSITIVE_LENGTH_MEASURE(2.E-2),#3);
#3929=PRESENTATION_STYLE_ASSIGNMENT((#3928));
#3930=STYLED_ITEM('',(#3929),#3927);
#3931=DIRECTION('',(0.E0,0.E0,1.E0));
#3932=VECTOR('',#3931,2.3E0);
#3933=CARTESIAN_POINT('',(-1.35E0,9.75E-1,-1.15E0));
#3934=LINE('',#3933,#3932);
#3935=CURVE_STYLE('',#34,POSITIVE_LENGTH_MEASURE(2.E-2),#3);
#3936=PRESENTATION_STYLE_ASSIGNMENT((#3935));
#3937=STYLED_ITEM('',(#3936),#3934);
#3938=DIRECTION('',(-1.E0,0.E0,0.E0));
#3939=VECTOR('',#3938,2.7E0);
#3940=CARTESIAN_POINT('',(1.35E0,9.75E-1,-1.15E0));
#3941=LINE('',#3940,#3939);
#3942=CURVE_STYLE('',#34,POSITIVE_LENGTH_MEASURE(2.E-2),#3);
#3943=PRESENTATION_STYLE_ASSIGNMENT((#3942));
#3944=STYLED_ITEM('',(#3943),#3941);
#3945=DIRECTION('',(0.E0,0.E0,-1.E0));
#3946=VECTOR('',#3945,2.3E0);
#3947=CARTESIAN_POINT('',(1.35E0,9.75E-1,1.15E0));
#3948=LINE('',#3947,#3946);
#3949=CURVE_STYLE('',#34,POSITIVE_LENGTH_MEASURE(2.E-2),#3);
#3950=PRESENTATION_STYLE_ASSIGNMENT((#3949));
#3951=STYLED_ITEM('',(#3950),#3948);
#3952=DIRECTION('',(1.E0,0.E0,0.E0));
#3953=VECTOR('',#3952,2.7E0);
#3954=CARTESIAN_POINT('',(-1.35E0,9.75E-1,1.15E0));
#3955=LINE('',#3954,#3953);
#3956=CURVE_STYLE('',#34,POSITIVE_LENGTH_MEASURE(2.E-2),#3);
#3957=PRESENTATION_STYLE_ASSIGNMENT((#3956));
#3958=STYLED_ITEM('',(#3957),#3955);
#3959=DIRECTION('',(-1.E0,0.E0,0.E0));
#3960=VECTOR('',#3959,2.5E-1);
#3961=CARTESIAN_POINT('',(6.25E-1,1.75E-1,-1.15E0));
#3962=LINE('',#3961,#3960);
#3963=CURVE_STYLE('',#34,POSITIVE_LENGTH_MEASURE(2.E-2),#3);
#3964=PRESENTATION_STYLE_ASSIGNMENT((#3963));
#3965=STYLED_ITEM('',(#3964),#3962);
#3966=DIRECTION('',(0.E0,1.E0,0.E0));
#3967=VECTOR('',#3966,1.75E-1);
#3968=CARTESIAN_POINT('',(6.25E-1,0.E0,-1.15E0));
#3969=LINE('',#3968,#3967);
#3970=CURVE_STYLE('',#34,POSITIVE_LENGTH_MEASURE(2.E-2),#3);
#3971=PRESENTATION_STYLE_ASSIGNMENT((#3970));
#3972=STYLED_ITEM('',(#3971),#3969);
#3973=DIRECTION('',(0.E0,1.E0,0.E0));
#3974=VECTOR('',#3973,9.75E-1);
#3975=CARTESIAN_POINT('',(1.35E0,0.E0,-1.15E0));
#3976=LINE('',#3975,#3974);
#3977=CURVE_STYLE('',#34,POSITIVE_LENGTH_MEASURE(2.E-2),#3);
#3978=PRESENTATION_STYLE_ASSIGNMENT((#3977));
#3979=STYLED_ITEM('',(#3978),#3976);
#3980=DIRECTION('',(0.E0,1.E0,0.E0));
#3981=VECTOR('',#3980,1.75E-1);
#3982=CARTESIAN_POINT('',(-6.25E-1,0.E0,-1.15E0));
#3983=LINE('',#3982,#3981);
#3984=CURVE_STYLE('',#34,POSITIVE_LENGTH_MEASURE(2.E-2),#3);
#3985=PRESENTATION_STYLE_ASSIGNMENT((#3984));
#3986=STYLED_ITEM('',(#3985),#3983);
#3987=DIRECTION('',(-1.E0,0.E0,0.E0));
#3988=VECTOR('',#3987,2.5E-1);
#3989=CARTESIAN_POINT('',(-3.75E-1,1.75E-1,-1.15E0));
#3990=LINE('',#3989,#3988);
#3991=CURVE_STYLE('',#34,POSITIVE_LENGTH_MEASURE(2.E-2),#3);
#3992=PRESENTATION_STYLE_ASSIGNMENT((#3991));
#3993=STYLED_ITEM('',(#3992),#3990);
#3994=DIRECTION('',(0.E0,1.E0,0.E0));
#3995=VECTOR('',#3994,1.75E-1);
#3996=CARTESIAN_POINT('',(-3.75E-1,0.E0,-1.15E0));
#3997=LINE('',#3996,#3995);
#3998=CURVE_STYLE('',#34,POSITIVE_LENGTH_MEASURE(2.E-2),#3);
#3999=PRESENTATION_STYLE_ASSIGNMENT((#3998));
#4000=STYLED_ITEM('',(#3999),#3997);
#4001=DIRECTION('',(0.E0,1.E0,0.E0));
#4002=VECTOR('',#4001,1.75E-1);
#4003=CARTESIAN_POINT('',(-1.25E-1,0.E0,-1.15E0));
#4004=LINE('',#4003,#4002);
#4005=CURVE_STYLE('',#34,POSITIVE_LENGTH_MEASURE(2.E-2),#3);
#4006=PRESENTATION_STYLE_ASSIGNMENT((#4005));
#4007=STYLED_ITEM('',(#4006),#4004);
#4008=DIRECTION('',(-1.E0,0.E0,0.E0));
#4009=VECTOR('',#4008,2.5E-1);
#4010=CARTESIAN_POINT('',(1.25E-1,1.75E-1,-1.15E0));
#4011=LINE('',#4010,#4009);
#4012=CURVE_STYLE('',#34,POSITIVE_LENGTH_MEASURE(2.E-2),#3);
#4013=PRESENTATION_STYLE_ASSIGNMENT((#4012));
#4014=STYLED_ITEM('',(#4013),#4011);
#4015=DIRECTION('',(0.E0,1.E0,0.E0));
#4016=VECTOR('',#4015,1.75E-1);
#4017=CARTESIAN_POINT('',(1.25E-1,0.E0,-1.15E0));
#4018=LINE('',#4017,#4016);
#4019=CURVE_STYLE('',#34,POSITIVE_LENGTH_MEASURE(2.E-2),#3);
#4020=PRESENTATION_STYLE_ASSIGNMENT((#4019));
#4021=STYLED_ITEM('',(#4020),#4018);
#4022=DIRECTION('',(0.E0,1.E0,0.E0));
#4023=VECTOR('',#4022,1.75E-1);
#4024=CARTESIAN_POINT('',(3.75E-1,0.E0,-1.15E0));
#4025=LINE('',#4024,#4023);
#4026=CURVE_STYLE('',#34,POSITIVE_LENGTH_MEASURE(2.E-2),#3);
#4027=PRESENTATION_STYLE_ASSIGNMENT((#4026));
#4028=STYLED_ITEM('',(#4027),#4025);
#4029=DIRECTION('',(0.E0,1.E0,1.395708945243E-14));
#4030=VECTOR('',#4029,1.75E-1);
#4031=CARTESIAN_POINT('',(6.25E-1,0.E0,-8.5E-1));
#4032=LINE('',#4031,#4030);
#4033=CURVE_STYLE('',#34,POSITIVE_LENGTH_MEASURE(2.E-2),#3);
#4034=PRESENTATION_STYLE_ASSIGNMENT((#4033));
#4035=STYLED_ITEM('',(#4034),#4032);
#4036=DIRECTION('',(0.E0,1.E0,0.E0));
#4037=VECTOR('',#4036,1.75E-1);
#4038=CARTESIAN_POINT('',(3.75E-1,0.E0,-8.5E-1));
#4039=LINE('',#4038,#4037);
#4040=CURVE_STYLE('',#34,POSITIVE_LENGTH_MEASURE(2.E-2),#3);
#4041=PRESENTATION_STYLE_ASSIGNMENT((#4040));
#4042=STYLED_ITEM('',(#4041),#4039);
#4043=DIRECTION('',(0.E0,0.E0,-1.E0));
#4044=VECTOR('',#4043,2.5E-1);
#4045=CARTESIAN_POINT('',(1.35E0,1.75E-1,8.75E-1));
#4046=LINE('',#4045,#4044);
#4047=CURVE_STYLE('',#34,POSITIVE_LENGTH_MEASURE(2.E-2),#3);
#4048=PRESENTATION_STYLE_ASSIGNMENT((#4047));
#4049=STYLED_ITEM('',(#4048),#4046);
#4050=DIRECTION('',(0.E0,1.E0,0.E0));
#4051=VECTOR('',#4050,1.75E-1);
#4052=CARTESIAN_POINT('',(1.35E0,0.E0,8.75E-1));
#4053=LINE('',#4052,#4051);
#4054=CURVE_STYLE('',#34,POSITIVE_LENGTH_MEASURE(2.E-2),#3);
#4055=PRESENTATION_STYLE_ASSIGNMENT((#4054));
#4056=STYLED_ITEM('',(#4055),#4053);
#4057=DIRECTION('',(0.E0,1.E0,0.E0));
#4058=VECTOR('',#4057,9.75E-1);
#4059=CARTESIAN_POINT('',(1.35E0,0.E0,1.15E0));
#4060=LINE('',#4059,#4058);
#4061=CURVE_STYLE('',#34,POSITIVE_LENGTH_MEASURE(2.E-2),#3);
#4062=PRESENTATION_STYLE_ASSIGNMENT((#4061));
#4063=STYLED_ITEM('',(#4062),#4060);
#4064=DIRECTION('',(0.E0,1.E0,0.E0));
#4065=VECTOR('',#4064,1.75E-1);
#4066=CARTESIAN_POINT('',(1.35E0,0.E0,-8.75E-1));
#4067=LINE('',#4066,#4065);
#4068=CURVE_STYLE('',#34,POSITIVE_LENGTH_MEASURE(2.E-2),#3);
#4069=PRESENTATION_STYLE_ASSIGNMENT((#4068));
#4070=STYLED_ITEM('',(#4069),#4067);
#4071=DIRECTION('',(0.E0,0.E0,-1.E0));
#4072=VECTOR('',#4071,2.5E-1);
#4073=CARTESIAN_POINT('',(1.35E0,1.75E-1,-6.25E-1));
#4074=LINE('',#4073,#4072);
#4075=CURVE_STYLE('',#34,POSITIVE_LENGTH_MEASURE(2.E-2),#3);
#4076=PRESENTATION_STYLE_ASSIGNMENT((#4075));
#4077=STYLED_ITEM('',(#4076),#4074);
#4078=DIRECTION('',(0.E0,1.E0,0.E0));
#4079=VECTOR('',#4078,1.75E-1);
#4080=CARTESIAN_POINT('',(1.35E0,0.E0,-6.25E-1));
#4081=LINE('',#4080,#4079);
#4082=CURVE_STYLE('',#34,POSITIVE_LENGTH_MEASURE(2.E-2),#3);
#4083=PRESENTATION_STYLE_ASSIGNMENT((#4082));
#4084=STYLED_ITEM('',(#4083),#4081);
#4085=DIRECTION('',(0.E0,1.E0,0.E0));
#4086=VECTOR('',#4085,1.75E-1);
#4087=CARTESIAN_POINT('',(1.35E0,0.E0,-3.75E-1));
#4088=LINE('',#4087,#4086);
#4089=CURVE_STYLE('',#34,POSITIVE_LENGTH_MEASURE(2.E-2),#3);
#4090=PRESENTATION_STYLE_ASSIGNMENT((#4089));
#4091=STYLED_ITEM('',(#4090),#4088);
#4092=DIRECTION('',(0.E0,0.E0,-1.E0));
#4093=VECTOR('',#4092,2.5E-1);
#4094=CARTESIAN_POINT('',(1.35E0,1.75E-1,-1.25E-1));
#4095=LINE('',#4094,#4093);
#4096=CURVE_STYLE('',#34,POSITIVE_LENGTH_MEASURE(2.E-2),#3);
#4097=PRESENTATION_STYLE_ASSIGNMENT((#4096));
#4098=STYLED_ITEM('',(#4097),#4095);
#4099=DIRECTION('',(0.E0,1.E0,0.E0));
#4100=VECTOR('',#4099,1.75E-1);
#4101=CARTESIAN_POINT('',(1.35E0,0.E0,-1.25E-1));
#4102=LINE('',#4101,#4100);
#4103=CURVE_STYLE('',#34,POSITIVE_LENGTH_MEASURE(2.E-2),#3);
#4104=PRESENTATION_STYLE_ASSIGNMENT((#4103));
#4105=STYLED_ITEM('',(#4104),#4102);
#4106=DIRECTION('',(0.E0,1.E0,0.E0));
#4107=VECTOR('',#4106,1.75E-1);
#4108=CARTESIAN_POINT('',(1.35E0,0.E0,1.25E-1));
#4109=LINE('',#4108,#4107);
#4110=CURVE_STYLE('',#34,POSITIVE_LENGTH_MEASURE(2.E-2),#3);
#4111=PRESENTATION_STYLE_ASSIGNMENT((#4110));
#4112=STYLED_ITEM('',(#4111),#4109);
#4113=DIRECTION('',(0.E0,0.E0,-1.E0));
#4114=VECTOR('',#4113,2.5E-1);
#4115=CARTESIAN_POINT('',(1.35E0,1.75E-1,3.75E-1));
#4116=LINE('',#4115,#4114);
#4117=CURVE_STYLE('',#34,POSITIVE_LENGTH_MEASURE(2.E-2),#3);
#4118=PRESENTATION_STYLE_ASSIGNMENT((#4117));
#4119=STYLED_ITEM('',(#4118),#4116);
#4120=DIRECTION('',(0.E0,1.E0,0.E0));
#4121=VECTOR('',#4120,1.75E-1);
#4122=CARTESIAN_POINT('',(1.35E0,0.E0,3.75E-1));
#4123=LINE('',#4122,#4121);
#4124=CURVE_STYLE('',#34,POSITIVE_LENGTH_MEASURE(2.E-2),#3);
#4125=PRESENTATION_STYLE_ASSIGNMENT((#4124));
#4126=STYLED_ITEM('',(#4125),#4123);
#4127=DIRECTION('',(0.E0,1.E0,0.E0));
#4128=VECTOR('',#4127,1.75E-1);
#4129=CARTESIAN_POINT('',(1.35E0,0.E0,6.25E-1));
#4130=LINE('',#4129,#4128);
#4131=CURVE_STYLE('',#34,POSITIVE_LENGTH_MEASURE(2.E-2),#3);
#4132=PRESENTATION_STYLE_ASSIGNMENT((#4131));
#4133=STYLED_ITEM('',(#4132),#4130);
#4134=DIRECTION('',(0.E0,1.E0,0.E0));
#4135=VECTOR('',#4134,1.75E-1);
#4136=CARTESIAN_POINT('',(1.E0,0.E0,8.75E-1));
#4137=LINE('',#4136,#4135);
#4138=CURVE_STYLE('',#34,POSITIVE_LENGTH_MEASURE(2.E-2),#3);
#4139=PRESENTATION_STYLE_ASSIGNMENT((#4138));
#4140=STYLED_ITEM('',(#4139),#4137);
#4141=DIRECTION('',(0.E0,1.E0,0.E0));
#4142=VECTOR('',#4141,1.75E-1);
#4143=CARTESIAN_POINT('',(1.E0,0.E0,6.25E-1));
#4144=LINE('',#4143,#4142);
#4145=CURVE_STYLE('',#34,POSITIVE_LENGTH_MEASURE(2.E-2),#3);
#4146=PRESENTATION_STYLE_ASSIGNMENT((#4145));
#4147=STYLED_ITEM('',(#4146),#4144);
#4148=DIRECTION('',(0.E0,1.E0,0.E0));
#4149=VECTOR('',#4148,1.75E-1);
#4150=CARTESIAN_POINT('',(1.E0,0.E0,-8.75E-1));
#4151=LINE('',#4150,#4149);
#4152=CURVE_STYLE('',#34,POSITIVE_LENGTH_MEASURE(2.E-2),#3);
#4153=PRESENTATION_STYLE_ASSIGNMENT((#4152));
#4154=STYLED_ITEM('',(#4153),#4151);
#4155=DIRECTION('',(0.E0,1.E0,0.E0));
#4156=VECTOR('',#4155,1.75E-1);
#4157=CARTESIAN_POINT('',(1.E0,0.E0,-6.25E-1));
#4158=LINE('',#4157,#4156);
#4159=CURVE_STYLE('',#34,POSITIVE_LENGTH_MEASURE(2.E-2),#3);
#4160=PRESENTATION_STYLE_ASSIGNMENT((#4159));
#4161=STYLED_ITEM('',(#4160),#4158);
#4162=DIRECTION('',(-2.664535259100E-14,1.E0,0.E0));
#4163=VECTOR('',#4162,1.75E-1);
#4164=CARTESIAN_POINT('',(1.E0,0.E0,-3.75E-1));
#4165=LINE('',#4164,#4163);
#4166=CURVE_STYLE('',#34,POSITIVE_LENGTH_MEASURE(2.E-2),#3);
#4167=PRESENTATION_STYLE_ASSIGNMENT((#4166));
#4168=STYLED_ITEM('',(#4167),#4165);
#4169=DIRECTION('',(0.E0,1.E0,0.E0));
#4170=VECTOR('',#4169,1.75E-1);
#4171=CARTESIAN_POINT('',(1.E0,0.E0,-1.25E-1));
#4172=LINE('',#4171,#4170);
#4173=CURVE_STYLE('',#34,POSITIVE_LENGTH_MEASURE(2.E-2),#3);
#4174=PRESENTATION_STYLE_ASSIGNMENT((#4173));
#4175=STYLED_ITEM('',(#4174),#4172);
#4176=DIRECTION('',(-1.776356839400E-14,1.E0,0.E0));
#4177=VECTOR('',#4176,1.75E-1);
#4178=CARTESIAN_POINT('',(7.E-1,0.E0,1.25E-1));
#4179=LINE('',#4178,#4177);
#4180=CURVE_STYLE('',#34,POSITIVE_LENGTH_MEASURE(2.E-2),#3);
#4181=PRESENTATION_STYLE_ASSIGNMENT((#4180));
#4182=STYLED_ITEM('',(#4181),#4179);
#4183=DIRECTION('',(0.E0,1.E0,0.E0));
#4184=VECTOR('',#4183,1.75E-1);
#4185=CARTESIAN_POINT('',(7.E-1,0.E0,3.75E-1));
#4186=LINE('',#4185,#4184);
#4187=CURVE_STYLE('',#34,POSITIVE_LENGTH_MEASURE(2.E-2),#3);
#4188=PRESENTATION_STYLE_ASSIGNMENT((#4187));
#4189=STYLED_ITEM('',(#4188),#4186);
#4190=DIRECTION('',(0.E0,1.E0,1.966680786479E-14));
#4191=VECTOR('',#4190,1.75E-1);
#4192=CARTESIAN_POINT('',(-6.25E-1,0.E0,-8.5E-1));
#4193=LINE('',#4192,#4191);
#4194=CURVE_STYLE('',#34,POSITIVE_LENGTH_MEASURE(2.E-2),#3);
#4195=PRESENTATION_STYLE_ASSIGNMENT((#4194));
#4196=STYLED_ITEM('',(#4195),#4193);
#4197=DIRECTION('',(0.E0,1.E0,0.E0));
#4198=VECTOR('',#4197,1.75E-1);
#4199=CARTESIAN_POINT('',(-3.75E-1,0.E0,-8.5E-1));
#4200=LINE('',#4199,#4198);
#4201=CURVE_STYLE('',#34,POSITIVE_LENGTH_MEASURE(2.E-2),#3);
#4202=PRESENTATION_STYLE_ASSIGNMENT((#4201));
#4203=STYLED_ITEM('',(#4202),#4200);
#4204=DIRECTION('',(0.E0,1.E0,0.E0));
#4205=VECTOR('',#4204,1.75E-1);
#4206=CARTESIAN_POINT('',(-1.25E-1,0.E0,-8.5E-1));
#4207=LINE('',#4206,#4205);
#4208=CURVE_STYLE('',#34,POSITIVE_LENGTH_MEASURE(2.E-2),#3);
#4209=PRESENTATION_STYLE_ASSIGNMENT((#4208));
#4210=STYLED_ITEM('',(#4209),#4207);
#4211=DIRECTION('',(0.E0,1.E0,0.E0));
#4212=VECTOR('',#4211,1.75E-1);
#4213=CARTESIAN_POINT('',(1.25E-1,0.E0,-8.5E-1));
#4214=LINE('',#4213,#4212);
#4215=CURVE_STYLE('',#34,POSITIVE_LENGTH_MEASURE(2.E-2),#3);
#4216=PRESENTATION_STYLE_ASSIGNMENT((#4215));
#4217=STYLED_ITEM('',(#4216),#4214);
#4218=DIRECTION('',(0.E0,1.E0,-1.459150260936E-14));
#4219=VECTOR('',#4218,1.75E-1);
#4220=CARTESIAN_POINT('',(6.25E-1,0.E0,8.5E-1));
#4221=LINE('',#4220,#4219);
#4222=CURVE_STYLE('',#34,POSITIVE_LENGTH_MEASURE(2.E-2),#3);
#4223=PRESENTATION_STYLE_ASSIGNMENT((#4222));
#4224=STYLED_ITEM('',(#4223),#4221);
#4225=DIRECTION('',(0.E0,1.E0,0.E0));
#4226=VECTOR('',#4225,1.75E-1);
#4227=CARTESIAN_POINT('',(3.75E-1,0.E0,8.5E-1));
#4228=LINE('',#4227,#4226);
#4229=CURVE_STYLE('',#34,POSITIVE_LENGTH_MEASURE(2.E-2),#3);
#4230=PRESENTATION_STYLE_ASSIGNMENT((#4229));
#4231=STYLED_ITEM('',(#4230),#4228);
#4232=DIRECTION('',(0.E0,1.E0,0.E0));
#4233=VECTOR('',#4232,1.75E-1);
#4234=CARTESIAN_POINT('',(1.25E-1,0.E0,2.5E-1));
#4235=LINE('',#4234,#4233);
#4236=CURVE_STYLE('',#34,POSITIVE_LENGTH_MEASURE(2.E-2),#3);
#4237=PRESENTATION_STYLE_ASSIGNMENT((#4236));
#4238=STYLED_ITEM('',(#4237),#4235);
#4239=DIRECTION('',(0.E0,1.E0,-1.015061051086E-14));
#4240=VECTOR('',#4239,1.75E-1);
#4241=CARTESIAN_POINT('',(-1.25E-1,0.E0,2.5E-1));
#4242=LINE('',#4241,#4240);
#4243=CURVE_STYLE('',#34,POSITIVE_LENGTH_MEASURE(2.E-2),#3);
#4244=PRESENTATION_STYLE_ASSIGNMENT((#4243));
#4245=STYLED_ITEM('',(#4244),#4242);
#4246=CARTESIAN_POINT('',(-1.35E0,9.75E-1,-1.15E0));
#4247=CARTESIAN_POINT('',(-1.35E0,9.75E-1,1.15E0));
#4248=VERTEX_POINT('',#4246);
#4249=VERTEX_POINT('',#4247);
#4250=CARTESIAN_POINT('',(1.35E0,9.75E-1,1.15E0));
#4251=VERTEX_POINT('',#4250);
#4252=CARTESIAN_POINT('',(1.35E0,9.75E-1,-1.15E0));
#4253=VERTEX_POINT('',#4252);
#4254=CARTESIAN_POINT('',(-1.35E0,0.E0,-1.15E0));
#4255=VERTEX_POINT('',#4254);
#4256=CARTESIAN_POINT('',(-1.35E0,0.E0,1.15E0));
#4257=VERTEX_POINT('',#4256);
#4258=CARTESIAN_POINT('',(1.35E0,0.E0,1.15E0));
#4259=VERTEX_POINT('',#4258);
#4260=CARTESIAN_POINT('',(1.35E0,0.E0,-1.15E0));
#4261=VERTEX_POINT('',#4260);
#4262=CARTESIAN_POINT('',(-1.E0,1.75E-1,-6.25E-1));
#4263=CARTESIAN_POINT('',(-8.75E-1,1.75E-1,-7.5E-1));
#4264=VERTEX_POINT('',#4262);
#4265=VERTEX_POINT('',#4263);
#4266=CARTESIAN_POINT('',(-8.75E-1,1.75E-1,-8.75E-1));
#4267=VERTEX_POINT('',#4266);
#4268=CARTESIAN_POINT('',(-1.E0,1.75E-1,-1.25E-1));
#4269=CARTESIAN_POINT('',(-1.E0,1.75E-1,-3.75E-1));
#4270=VERTEX_POINT('',#4268);
#4271=VERTEX_POINT('',#4269);
#4272=CARTESIAN_POINT('',(-7.E-1,1.75E-1,3.75E-1));
#4273=CARTESIAN_POINT('',(-7.E-1,1.75E-1,1.25E-1));
#4274=VERTEX_POINT('',#4272);
#4275=VERTEX_POINT('',#4273);
#4276=CARTESIAN_POINT('',(-1.E0,1.75E-1,8.75E-1));
#4277=CARTESIAN_POINT('',(-1.E0,1.75E-1,6.25E-1));
#4278=VERTEX_POINT('',#4276);
#4279=VERTEX_POINT('',#4277);
#4280=CARTESIAN_POINT('',(-3.75E-1,1.75E-1,8.5E-1));
#4281=CARTESIAN_POINT('',(-6.25E-1,1.75E-1,8.5E-1));
#4282=VERTEX_POINT('',#4280);
#4283=VERTEX_POINT('',#4281);
#4284=CARTESIAN_POINT('',(1.25E-1,1.75E-1,2.5E-1));
#4285=CARTESIAN_POINT('',(-1.25E-1,1.75E-1,2.5E-1));
#4286=VERTEX_POINT('',#4284);
#4287=VERTEX_POINT('',#4285);
#4288=CARTESIAN_POINT('',(6.25E-1,1.75E-1,8.5E-1));
#4289=CARTESIAN_POINT('',(3.75E-1,1.75E-1,8.5E-1));
#4290=VERTEX_POINT('',#4288);
#4291=VERTEX_POINT('',#4289);
#4292=CARTESIAN_POINT('',(1.E0,1.75E-1,6.25E-1));
#4293=CARTESIAN_POINT('',(1.E0,1.75E-1,8.75E-1));
#4294=VERTEX_POINT('',#4292);
#4295=VERTEX_POINT('',#4293);
#4296=CARTESIAN_POINT('',(7.E-1,1.75E-1,1.25E-1));
#4297=CARTESIAN_POINT('',(7.E-1,1.75E-1,3.75E-1));
#4298=VERTEX_POINT('',#4296);
#4299=VERTEX_POINT('',#4297);
#4300=CARTESIAN_POINT('',(1.E0,1.75E-1,-3.75E-1));
#4301=CARTESIAN_POINT('',(1.E0,1.75E-1,-1.25E-1));
#4302=VERTEX_POINT('',#4300);
#4303=VERTEX_POINT('',#4301);
#4304=CARTESIAN_POINT('',(1.E0,1.75E-1,-8.75E-1));
#4305=CARTESIAN_POINT('',(1.E0,1.75E-1,-6.25E-1));
#4306=VERTEX_POINT('',#4304);
#4307=VERTEX_POINT('',#4305);
#4308=CARTESIAN_POINT('',(3.75E-1,1.75E-1,-8.5E-1));
#4309=CARTESIAN_POINT('',(6.25E-1,1.75E-1,-8.5E-1));
#4310=VERTEX_POINT('',#4308);
#4311=VERTEX_POINT('',#4309);
#4312=CARTESIAN_POINT('',(-1.25E-1,1.75E-1,-8.5E-1));
#4313=CARTESIAN_POINT('',(1.25E-1,1.75E-1,-8.5E-1));
#4314=VERTEX_POINT('',#4312);
#4315=VERTEX_POINT('',#4313);
#4316=CARTESIAN_POINT('',(-6.25E-1,1.75E-1,-8.5E-1));
#4317=CARTESIAN_POINT('',(-3.75E-1,1.75E-1,-8.5E-1));
#4318=VERTEX_POINT('',#4316);
#4319=VERTEX_POINT('',#4317);
#4320=CARTESIAN_POINT('',(-1.35E0,0.E0,-6.25E-1));
#4321=CARTESIAN_POINT('',(-1.E0,0.E0,-6.25E-1));
#4322=VERTEX_POINT('',#4320);
#4323=VERTEX_POINT('',#4321);
#4324=CARTESIAN_POINT('',(-8.75E-1,0.E0,-7.5E-1));
#4325=VERTEX_POINT('',#4324);
#4326=CARTESIAN_POINT('',(-8.75E-1,0.E0,-8.75E-1));
#4327=VERTEX_POINT('',#4326);
#4328=CARTESIAN_POINT('',(-1.35E0,0.E0,-8.75E-1));
#4329=VERTEX_POINT('',#4328);
#4330=CARTESIAN_POINT('',(-1.E0,0.E0,-1.25E-1));
#4331=CARTESIAN_POINT('',(-1.E0,0.E0,-3.75E-1));
#4332=VERTEX_POINT('',#4330);
#4333=VERTEX_POINT('',#4331);
#4334=CARTESIAN_POINT('',(-1.35E0,0.E0,-3.75E-1));
#4335=VERTEX_POINT('',#4334);
#4336=CARTESIAN_POINT('',(-1.35E0,0.E0,-1.25E-1));
#4337=VERTEX_POINT('',#4336);
#4338=CARTESIAN_POINT('',(-7.E-1,0.E0,3.75E-1));
#4339=CARTESIAN_POINT('',(-7.E-1,0.E0,1.25E-1));
#4340=VERTEX_POINT('',#4338);
#4341=VERTEX_POINT('',#4339);
#4342=CARTESIAN_POINT('',(-1.35E0,0.E0,1.25E-1));
#4343=VERTEX_POINT('',#4342);
#4344=CARTESIAN_POINT('',(-1.35E0,0.E0,3.75E-1));
#4345=VERTEX_POINT('',#4344);
#4346=CARTESIAN_POINT('',(-1.E0,0.E0,8.75E-1));
#4347=CARTESIAN_POINT('',(-1.E0,0.E0,6.25E-1));
#4348=VERTEX_POINT('',#4346);
#4349=VERTEX_POINT('',#4347);
#4350=CARTESIAN_POINT('',(-1.35E0,0.E0,6.25E-1));
#4351=VERTEX_POINT('',#4350);
#4352=CARTESIAN_POINT('',(-1.35E0,0.E0,8.75E-1));
#4353=VERTEX_POINT('',#4352);
#4354=CARTESIAN_POINT('',(-3.75E-1,0.E0,1.15E0));
#4355=CARTESIAN_POINT('',(-3.75E-1,0.E0,8.5E-1));
#4356=VERTEX_POINT('',#4354);
#4357=VERTEX_POINT('',#4355);
#4358=CARTESIAN_POINT('',(-6.25E-1,0.E0,8.5E-1));
#4359=VERTEX_POINT('',#4358);
#4360=CARTESIAN_POINT('',(-6.25E-1,0.E0,1.15E0));
#4361=VERTEX_POINT('',#4360);
#4362=CARTESIAN_POINT('',(1.25E-1,0.E0,1.15E0));
#4363=CARTESIAN_POINT('',(1.25E-1,0.E0,2.5E-1));
#4364=VERTEX_POINT('',#4362);
#4365=VERTEX_POINT('',#4363);
#4366=CARTESIAN_POINT('',(-1.25E-1,0.E0,2.5E-1));
#4367=VERTEX_POINT('',#4366);
#4368=CARTESIAN_POINT('',(-1.25E-1,0.E0,1.15E0));
#4369=VERTEX_POINT('',#4368);
#4370=CARTESIAN_POINT('',(6.25E-1,0.E0,1.15E0));
#4371=CARTESIAN_POINT('',(6.25E-1,0.E0,8.5E-1));
#4372=VERTEX_POINT('',#4370);
#4373=VERTEX_POINT('',#4371);
#4374=CARTESIAN_POINT('',(3.75E-1,0.E0,8.5E-1));
#4375=VERTEX_POINT('',#4374);
#4376=CARTESIAN_POINT('',(3.75E-1,0.E0,1.15E0));
#4377=VERTEX_POINT('',#4376);
#4378=CARTESIAN_POINT('',(1.35E0,0.E0,6.25E-1));
#4379=CARTESIAN_POINT('',(1.E0,0.E0,6.25E-1));
#4380=VERTEX_POINT('',#4378);
#4381=VERTEX_POINT('',#4379);
#4382=CARTESIAN_POINT('',(1.E0,0.E0,8.75E-1));
#4383=VERTEX_POINT('',#4382);
#4384=CARTESIAN_POINT('',(1.35E0,0.E0,8.75E-1));
#4385=VERTEX_POINT('',#4384);
#4386=CARTESIAN_POINT('',(1.35E0,0.E0,1.25E-1));
#4387=CARTESIAN_POINT('',(7.E-1,0.E0,1.25E-1));
#4388=VERTEX_POINT('',#4386);
#4389=VERTEX_POINT('',#4387);
#4390=CARTESIAN_POINT('',(7.E-1,0.E0,3.75E-1));
#4391=VERTEX_POINT('',#4390);
#4392=CARTESIAN_POINT('',(1.35E0,0.E0,3.75E-1));
#4393=VERTEX_POINT('',#4392);
#4394=CARTESIAN_POINT('',(1.35E0,0.E0,-3.75E-1));
#4395=CARTESIAN_POINT('',(1.E0,0.E0,-3.75E-1));
#4396=VERTEX_POINT('',#4394);
#4397=VERTEX_POINT('',#4395);
#4398=CARTESIAN_POINT('',(1.E0,0.E0,-1.25E-1));
#4399=VERTEX_POINT('',#4398);
#4400=CARTESIAN_POINT('',(1.35E0,0.E0,-1.25E-1));
#4401=VERTEX_POINT('',#4400);
#4402=CARTESIAN_POINT('',(1.35E0,0.E0,-8.75E-1));
#4403=CARTESIAN_POINT('',(1.E0,0.E0,-8.75E-1));
#4404=VERTEX_POINT('',#4402);
#4405=VERTEX_POINT('',#4403);
#4406=CARTESIAN_POINT('',(1.E0,0.E0,-6.25E-1));
#4407=VERTEX_POINT('',#4406);
#4408=CARTESIAN_POINT('',(1.35E0,0.E0,-6.25E-1));
#4409=VERTEX_POINT('',#4408);
#4410=CARTESIAN_POINT('',(3.75E-1,0.E0,-8.5E-1));
#4411=CARTESIAN_POINT('',(6.25E-1,0.E0,-8.5E-1));
#4412=VERTEX_POINT('',#4410);
#4413=VERTEX_POINT('',#4411);
#4414=CARTESIAN_POINT('',(6.25E-1,0.E0,-1.15E0));
#4415=VERTEX_POINT('',#4414);
#4416=CARTESIAN_POINT('',(3.75E-1,0.E0,-1.15E0));
#4417=VERTEX_POINT('',#4416);
#4418=CARTESIAN_POINT('',(-1.25E-1,0.E0,-8.5E-1));
#4419=CARTESIAN_POINT('',(1.25E-1,0.E0,-8.5E-1));
#4420=VERTEX_POINT('',#4418);
#4421=VERTEX_POINT('',#4419);
#4422=CARTESIAN_POINT('',(1.25E-1,0.E0,-1.15E0));
#4423=VERTEX_POINT('',#4422);
#4424=CARTESIAN_POINT('',(-1.25E-1,0.E0,-1.15E0));
#4425=VERTEX_POINT('',#4424);
#4426=CARTESIAN_POINT('',(-6.25E-1,0.E0,-8.5E-1));
#4427=CARTESIAN_POINT('',(-3.75E-1,0.E0,-8.5E-1));
#4428=VERTEX_POINT('',#4426);
#4429=VERTEX_POINT('',#4427);
#4430=CARTESIAN_POINT('',(-3.75E-1,0.E0,-1.15E0));
#4431=VERTEX_POINT('',#4430);
#4432=CARTESIAN_POINT('',(-6.25E-1,0.E0,-1.15E0));
#4433=VERTEX_POINT('',#4432);
#4434=CARTESIAN_POINT('',(-1.35E0,1.75E-1,-8.75E-1));
#4435=CARTESIAN_POINT('',(-1.35E0,1.75E-1,-6.25E-1));
#4436=VERTEX_POINT('',#4434);
#4437=VERTEX_POINT('',#4435);
#4438=CARTESIAN_POINT('',(-1.35E0,1.75E-1,-3.75E-1));
#4439=CARTESIAN_POINT('',(-1.35E0,1.75E-1,-1.25E-1));
#4440=VERTEX_POINT('',#4438);
#4441=VERTEX_POINT('',#4439);
#4442=CARTESIAN_POINT('',(-1.35E0,1.75E-1,1.25E-1));
#4443=CARTESIAN_POINT('',(-1.35E0,1.75E-1,3.75E-1));
#4444=VERTEX_POINT('',#4442);
#4445=VERTEX_POINT('',#4443);
#4446=CARTESIAN_POINT('',(-1.35E0,1.75E-1,6.25E-1));
#4447=CARTESIAN_POINT('',(-1.35E0,1.75E-1,8.75E-1));
#4448=VERTEX_POINT('',#4446);
#4449=VERTEX_POINT('',#4447);
#4450=CARTESIAN_POINT('',(-6.25E-1,1.75E-1,1.15E0));
#4451=CARTESIAN_POINT('',(-3.75E-1,1.75E-1,1.15E0));
#4452=VERTEX_POINT('',#4450);
#4453=VERTEX_POINT('',#4451);
#4454=CARTESIAN_POINT('',(-1.25E-1,1.75E-1,1.15E0));
#4455=CARTESIAN_POINT('',(1.25E-1,1.75E-1,1.15E0));
#4456=VERTEX_POINT('',#4454);
#4457=VERTEX_POINT('',#4455);
#4458=CARTESIAN_POINT('',(3.75E-1,1.75E-1,1.15E0));
#4459=CARTESIAN_POINT('',(6.25E-1,1.75E-1,1.15E0));
#4460=VERTEX_POINT('',#4458);
#4461=VERTEX_POINT('',#4459);
#4462=CARTESIAN_POINT('',(1.35E0,1.75E-1,8.75E-1));
#4463=CARTESIAN_POINT('',(1.35E0,1.75E-1,6.25E-1));
#4464=VERTEX_POINT('',#4462);
#4465=VERTEX_POINT('',#4463);
#4466=CARTESIAN_POINT('',(1.35E0,1.75E-1,3.75E-1));
#4467=CARTESIAN_POINT('',(1.35E0,1.75E-1,1.25E-1));
#4468=VERTEX_POINT('',#4466);
#4469=VERTEX_POINT('',#4467);
#4470=CARTESIAN_POINT('',(1.35E0,1.75E-1,-1.25E-1));
#4471=CARTESIAN_POINT('',(1.35E0,1.75E-1,-3.75E-1));
#4472=VERTEX_POINT('',#4470);
#4473=VERTEX_POINT('',#4471);
#4474=CARTESIAN_POINT('',(1.35E0,1.75E-1,-6.25E-1));
#4475=CARTESIAN_POINT('',(1.35E0,1.75E-1,-8.75E-1));
#4476=VERTEX_POINT('',#4474);
#4477=VERTEX_POINT('',#4475);
#4478=CARTESIAN_POINT('',(6.25E-1,1.75E-1,-1.15E0));
#4479=CARTESIAN_POINT('',(3.75E-1,1.75E-1,-1.15E0));
#4480=VERTEX_POINT('',#4478);
#4481=VERTEX_POINT('',#4479);
#4482=CARTESIAN_POINT('',(1.25E-1,1.75E-1,-1.15E0));
#4483=CARTESIAN_POINT('',(-1.25E-1,1.75E-1,-1.15E0));
#4484=VERTEX_POINT('',#4482);
#4485=VERTEX_POINT('',#4483);
#4486=CARTESIAN_POINT('',(-3.75E-1,1.75E-1,-1.15E0));
#4487=CARTESIAN_POINT('',(-6.25E-1,1.75E-1,-1.15E0));
#4488=VERTEX_POINT('',#4486);
#4489=VERTEX_POINT('',#4487);
#4490=CARTESIAN_POINT('',(0.E0,0.E0,0.E0));
#4491=DIRECTION('',(0.E0,1.E0,0.E0));
#4492=DIRECTION('',(1.E0,0.E0,0.E0));
#4493=AXIS2_PLACEMENT_3D('',#4490,#4491,#4492);
#4494=PLANE('',#4493);
#4496=ORIENTED_EDGE('',*,*,#4495,.F.);
#4498=ORIENTED_EDGE('',*,*,#4497,.T.);
#4500=ORIENTED_EDGE('',*,*,#4499,.T.);
#4502=ORIENTED_EDGE('',*,*,#4501,.F.);
#4504=ORIENTED_EDGE('',*,*,#4503,.F.);
#4506=ORIENTED_EDGE('',*,*,#4505,.T.);
#4508=ORIENTED_EDGE('',*,*,#4507,.T.);
#4510=ORIENTED_EDGE('',*,*,#4509,.F.);
#4512=ORIENTED_EDGE('',*,*,#4511,.F.);
#4514=ORIENTED_EDGE('',*,*,#4513,.T.);
#4516=ORIENTED_EDGE('',*,*,#4515,.T.);
#4518=ORIENTED_EDGE('',*,*,#4517,.F.);
#4520=ORIENTED_EDGE('',*,*,#4519,.F.);
#4522=ORIENTED_EDGE('',*,*,#4521,.T.);
#4524=ORIENTED_EDGE('',*,*,#4523,.T.);
#4526=ORIENTED_EDGE('',*,*,#4525,.T.);
#4528=ORIENTED_EDGE('',*,*,#4527,.F.);
#4530=ORIENTED_EDGE('',*,*,#4529,.F.);
#4532=ORIENTED_EDGE('',*,*,#4531,.T.);
#4534=ORIENTED_EDGE('',*,*,#4533,.T.);
#4536=ORIENTED_EDGE('',*,*,#4535,.F.);
#4538=ORIENTED_EDGE('',*,*,#4537,.F.);
#4540=ORIENTED_EDGE('',*,*,#4539,.T.);
#4542=ORIENTED_EDGE('',*,*,#4541,.T.);
#4544=ORIENTED_EDGE('',*,*,#4543,.F.);
#4546=ORIENTED_EDGE('',*,*,#4545,.F.);
#4548=ORIENTED_EDGE('',*,*,#4547,.T.);
#4550=ORIENTED_EDGE('',*,*,#4549,.T.);
#4552=ORIENTED_EDGE('',*,*,#4551,.T.);
#4554=ORIENTED_EDGE('',*,*,#4553,.F.);
#4556=ORIENTED_EDGE('',*,*,#4555,.F.);
#4558=ORIENTED_EDGE('',*,*,#4557,.T.);
#4560=ORIENTED_EDGE('',*,*,#4559,.T.);
#4562=ORIENTED_EDGE('',*,*,#4561,.F.);
#4564=ORIENTED_EDGE('',*,*,#4563,.F.);
#4566=ORIENTED_EDGE('',*,*,#4565,.T.);
#4568=ORIENTED_EDGE('',*,*,#4567,.T.);
#4570=ORIENTED_EDGE('',*,*,#4569,.F.);
#4572=ORIENTED_EDGE('',*,*,#4571,.F.);
#4574=ORIENTED_EDGE('',*,*,#4573,.T.);
#4576=ORIENTED_EDGE('',*,*,#4575,.T.);
#4578=ORIENTED_EDGE('',*,*,#4577,.F.);
#4580=ORIENTED_EDGE('',*,*,#4579,.F.);
#4582=ORIENTED_EDGE('',*,*,#4581,.T.);
#4584=ORIENTED_EDGE('',*,*,#4583,.T.);
#4586=ORIENTED_EDGE('',*,*,#4585,.T.);
#4588=ORIENTED_EDGE('',*,*,#4587,.F.);
#4590=ORIENTED_EDGE('',*,*,#4589,.F.);
#4592=ORIENTED_EDGE('',*,*,#4591,.T.);
#4594=ORIENTED_EDGE('',*,*,#4593,.T.);
#4596=ORIENTED_EDGE('',*,*,#4595,.F.);
#4598=ORIENTED_EDGE('',*,*,#4597,.F.);
#4600=ORIENTED_EDGE('',*,*,#4599,.T.);
#4602=ORIENTED_EDGE('',*,*,#4601,.T.);
#4604=ORIENTED_EDGE('',*,*,#4603,.F.);
#4606=ORIENTED_EDGE('',*,*,#4605,.F.);
#4608=ORIENTED_EDGE('',*,*,#4607,.T.);
#4610=ORIENTED_EDGE('',*,*,#4609,.T.);
#4612=ORIENTED_EDGE('',*,*,#4611,.T.);
#4614=ORIENTED_EDGE('',*,*,#4613,.F.);
#4616=ORIENTED_EDGE('',*,*,#4615,.F.);
#4617=EDGE_LOOP('',(#4496,#4498,#4500,#4502,#4504,#4506,#4508,#4510,#4512,#4514,
#4516,#4518,#4520,#4522,#4524,#4526,#4528,#4530,#4532,#4534,#4536,#4538,#4540,
#4542,#4544,#4546,#4548,#4550,#4552,#4554,#4556,#4558,#4560,#4562,#4564,#4566,
#4568,#4570,#4572,#4574,#4576,#4578,#4580,#4582,#4584,#4586,#4588,#4590,#4592,
#4594,#4596,#4598,#4600,#4602,#4604,#4606,#4608,#4610,#4612,#4614,#4616));
#4618=FACE_OUTER_BOUND('',#4617,.F.);
#4619=ADVANCED_FACE('',(#4618),#4494,.F.);
#4620=CARTESIAN_POINT('',(-1.35E0,-2.5E-2,-6.25E-1));
#4621=DIRECTION('',(0.E0,0.E0,1.E0));
#4622=DIRECTION('',(1.E0,0.E0,0.E0));
#4623=AXIS2_PLACEMENT_3D('',#4620,#4621,#4622);
#4624=PLANE('',#4623);
#4625=ORIENTED_EDGE('',*,*,#4495,.T.);
#4627=ORIENTED_EDGE('',*,*,#4626,.T.);
#4629=ORIENTED_EDGE('',*,*,#4628,.F.);
#4631=ORIENTED_EDGE('',*,*,#4630,.F.);
#4632=EDGE_LOOP('',(#4625,#4627,#4629,#4631));
#4633=FACE_OUTER_BOUND('',#4632,.F.);
#4634=ADVANCED_FACE('',(#4633),#4624,.F.);
#4635=CARTESIAN_POINT('',(-1.E0,-2.5E-2,-6.25E-1));
#4636=DIRECTION('',(7.071067811865E-1,0.E0,7.071067811865E-1));
#4637=DIRECTION('',(7.071067811865E-1,0.E0,-7.071067811865E-1));
#4638=AXIS2_PLACEMENT_3D('',#4635,#4636,#4637);
#4639=PLANE('',#4638);
#4640=ORIENTED_EDGE('',*,*,#4615,.T.);
#4642=ORIENTED_EDGE('',*,*,#4641,.T.);
#4644=ORIENTED_EDGE('',*,*,#4643,.F.);
#4645=ORIENTED_EDGE('',*,*,#4626,.F.);
#4646=EDGE_LOOP('',(#4640,#4642,#4644,#4645));
#4647=FACE_OUTER_BOUND('',#4646,.F.);
#4648=ADVANCED_FACE('',(#4647),#4639,.F.);
#4649=CARTESIAN_POINT('',(-8.75E-1,-2.5E-2,-7.5E-1));
#4650=DIRECTION('',(1.E0,0.E0,0.E0));
#4651=DIRECTION('',(0.E0,0.E0,-1.E0));
#4652=AXIS2_PLACEMENT_3D('',#4649,#4650,#4651);
#4653=PLANE('',#4652);
#4654=ORIENTED_EDGE('',*,*,#4613,.T.);
#4656=ORIENTED_EDGE('',*,*,#4655,.T.);
#4658=ORIENTED_EDGE('',*,*,#4657,.F.);
#4659=ORIENTED_EDGE('',*,*,#4641,.F.);
#4660=EDGE_LOOP('',(#4654,#4656,#4658,#4659));
#4661=FACE_OUTER_BOUND('',#4660,.F.);
#4662=ADVANCED_FACE('',(#4661),#4653,.F.);
#4663=CARTESIAN_POINT('',(-8.75E-1,-2.5E-2,-8.75E-1));
#4664=DIRECTION('',(0.E0,0.E0,-1.E0));
#4665=DIRECTION('',(-1.E0,0.E0,0.E0));
#4666=AXIS2_PLACEMENT_3D('',#4663,#4664,#4665);
#4667=PLANE('',#4666);
#4668=ORIENTED_EDGE('',*,*,#4611,.F.);
#4670=ORIENTED_EDGE('',*,*,#4669,.T.);
#4672=ORIENTED_EDGE('',*,*,#4671,.F.);
#4673=ORIENTED_EDGE('',*,*,#4655,.F.);
#4674=EDGE_LOOP('',(#4668,#4670,#4672,#4673));
#4675=FACE_OUTER_BOUND('',#4674,.F.);
#4676=ADVANCED_FACE('',(#4675),#4667,.F.);
#4677=CARTESIAN_POINT('',(-1.35E0,0.E0,-1.15E0));
#4678=DIRECTION('',(-1.E0,0.E0,0.E0));
#4679=DIRECTION('',(0.E0,0.E0,1.E0));
#4680=AXIS2_PLACEMENT_3D('',#4677,#4678,#4679);
#4681=PLANE('',#4680);
#4683=ORIENTED_EDGE('',*,*,#4682,.F.);
#4684=ORIENTED_EDGE('',*,*,#4669,.F.);
#4685=ORIENTED_EDGE('',*,*,#4609,.F.);
#4687=ORIENTED_EDGE('',*,*,#4686,.T.);
#4689=ORIENTED_EDGE('',*,*,#4688,.T.);
#4691=ORIENTED_EDGE('',*,*,#4690,.F.);
#4692=ORIENTED_EDGE('',*,*,#4521,.F.);
#4694=ORIENTED_EDGE('',*,*,#4693,.T.);
#4696=ORIENTED_EDGE('',*,*,#4695,.F.);
#4698=ORIENTED_EDGE('',*,*,#4697,.F.);
#4699=ORIENTED_EDGE('',*,*,#4513,.F.);
#4701=ORIENTED_EDGE('',*,*,#4700,.T.);
#4703=ORIENTED_EDGE('',*,*,#4702,.F.);
#4705=ORIENTED_EDGE('',*,*,#4704,.F.);
#4706=ORIENTED_EDGE('',*,*,#4505,.F.);
#4708=ORIENTED_EDGE('',*,*,#4707,.T.);
#4710=ORIENTED_EDGE('',*,*,#4709,.F.);
#4712=ORIENTED_EDGE('',*,*,#4711,.F.);
#4713=ORIENTED_EDGE('',*,*,#4497,.F.);
#4714=ORIENTED_EDGE('',*,*,#4630,.T.);
#4715=EDGE_LOOP('',(#4683,#4684,#4685,#4687,#4689,#4691,#4692,#4694,#4696,#4698,
#4699,#4701,#4703,#4705,#4706,#4708,#4710,#4712,#4713,#4714));
#4716=FACE_OUTER_BOUND('',#4715,.F.);
#4717=ADVANCED_FACE('',(#4716),#4681,.T.);
#4718=CARTESIAN_POINT('',(0.E0,1.75E-1,0.E0));
#4719=DIRECTION('',(0.E0,1.E0,0.E0));
#4720=DIRECTION('',(1.E0,0.E0,0.E0));
#4721=AXIS2_PLACEMENT_3D('',#4718,#4719,#4720);
#4722=PLANE('',#4721);
#4723=ORIENTED_EDGE('',*,*,#4682,.T.);
#4724=ORIENTED_EDGE('',*,*,#4628,.T.);
#4725=ORIENTED_EDGE('',*,*,#4643,.T.);
#4726=ORIENTED_EDGE('',*,*,#4657,.T.);
#4727=ORIENTED_EDGE('',*,*,#4671,.T.);
#4728=EDGE_LOOP('',(#4723,#4724,#4725,#4726,#4727));
#4729=FACE_OUTER_BOUND('',#4728,.F.);
#4730=ADVANCED_FACE('',(#4729),#4722,.F.);
#4731=CARTESIAN_POINT('',(0.E0,1.75E-1,0.E0));
#4732=DIRECTION('',(0.E0,1.E0,0.E0));
#4733=DIRECTION('',(1.E0,0.E0,0.E0));
#4734=AXIS2_PLACEMENT_3D('',#4731,#4732,#4733);
#4735=PLANE('',#4734);
#4736=ORIENTED_EDGE('',*,*,#4709,.T.);
#4738=ORIENTED_EDGE('',*,*,#4737,.T.);
#4740=ORIENTED_EDGE('',*,*,#4739,.T.);
#4742=ORIENTED_EDGE('',*,*,#4741,.T.);
#4743=EDGE_LOOP('',(#4736,#4738,#4740,#4742));
#4744=FACE_OUTER_BOUND('',#4743,.F.);
#4745=ADVANCED_FACE('',(#4744),#4735,.F.);
#4746=CARTESIAN_POINT('',(0.E0,1.75E-1,0.E0));
#4747=DIRECTION('',(0.E0,1.E0,0.E0));
#4748=DIRECTION('',(1.E0,0.E0,0.E0));
#4749=AXIS2_PLACEMENT_3D('',#4746,#4747,#4748);
#4750=PLANE('',#4749);
#4751=ORIENTED_EDGE('',*,*,#4702,.T.);
#4753=ORIENTED_EDGE('',*,*,#4752,.T.);
#4755=ORIENTED_EDGE('',*,*,#4754,.T.);
#4757=ORIENTED_EDGE('',*,*,#4756,.T.);
#4758=EDGE_LOOP('',(#4751,#4753,#4755,#4757));
#4759=FACE_OUTER_BOUND('',#4758,.F.);
#4760=ADVANCED_FACE('',(#4759),#4750,.F.);
#4761=CARTESIAN_POINT('',(0.E0,1.75E-1,0.E0));
#4762=DIRECTION('',(0.E0,1.E0,0.E0));
#4763=DIRECTION('',(1.E0,0.E0,0.E0));
#4764=AXIS2_PLACEMENT_3D('',#4761,#4762,#4763);
#4765=PLANE('',#4764);
#4766=ORIENTED_EDGE('',*,*,#4695,.T.);
#4768=ORIENTED_EDGE('',*,*,#4767,.T.);
#4770=ORIENTED_EDGE('',*,*,#4769,.T.);
#4772=ORIENTED_EDGE('',*,*,#4771,.T.);
#4773=EDGE_LOOP('',(#4766,#4768,#4770,#4772));
#4774=FACE_OUTER_BOUND('',#4773,.F.);
#4775=ADVANCED_FACE('',(#4774),#4765,.F.);
#4776=CARTESIAN_POINT('',(0.E0,1.75E-1,0.E0));
#4777=DIRECTION('',(0.E0,1.E0,0.E0));
#4778=DIRECTION('',(1.E0,0.E0,0.E0));
#4779=AXIS2_PLACEMENT_3D('',#4776,#4777,#4778);
#4780=PLANE('',#4779);
#4782=ORIENTED_EDGE('',*,*,#4781,.T.);
#4784=ORIENTED_EDGE('',*,*,#4783,.T.);
#4786=ORIENTED_EDGE('',*,*,#4785,.T.);
#4788=ORIENTED_EDGE('',*,*,#4787,.T.);
#4789=EDGE_LOOP('',(#4782,#4784,#4786,#4788));
#4790=FACE_OUTER_BOUND('',#4789,.F.);
#4791=ADVANCED_FACE('',(#4790),#4780,.F.);
#4792=CARTESIAN_POINT('',(0.E0,1.75E-1,0.E0));
#4793=DIRECTION('',(0.E0,1.E0,0.E0));
#4794=DIRECTION('',(1.E0,0.E0,0.E0));
#4795=AXIS2_PLACEMENT_3D('',#4792,#4793,#4794);
#4796=PLANE('',#4795);
#4798=ORIENTED_EDGE('',*,*,#4797,.T.);
#4800=ORIENTED_EDGE('',*,*,#4799,.T.);
#4802=ORIENTED_EDGE('',*,*,#4801,.T.);
#4804=ORIENTED_EDGE('',*,*,#4803,.T.);
#4805=EDGE_LOOP('',(#4798,#4800,#4802,#4804));
#4806=FACE_OUTER_BOUND('',#4805,.F.);
#4807=ADVANCED_FACE('',(#4806),#4796,.F.);
#4808=CARTESIAN_POINT('',(0.E0,1.75E-1,0.E0));
#4809=DIRECTION('',(0.E0,1.E0,0.E0));
#4810=DIRECTION('',(1.E0,0.E0,0.E0));
#4811=AXIS2_PLACEMENT_3D('',#4808,#4809,#4810);
#4812=PLANE('',#4811);
#4814=ORIENTED_EDGE('',*,*,#4813,.T.);
#4816=ORIENTED_EDGE('',*,*,#4815,.T.);
#4818=ORIENTED_EDGE('',*,*,#4817,.T.);
#4820=ORIENTED_EDGE('',*,*,#4819,.T.);
#4821=EDGE_LOOP('',(#4814,#4816,#4818,#4820));
#4822=FACE_OUTER_BOUND('',#4821,.F.);
#4823=ADVANCED_FACE('',(#4822),#4812,.F.);
#4824=CARTESIAN_POINT('',(0.E0,1.75E-1,0.E0));
#4825=DIRECTION('',(0.E0,1.E0,0.E0));
#4826=DIRECTION('',(1.E0,0.E0,0.E0));
#4827=AXIS2_PLACEMENT_3D('',#4824,#4825,#4826);
#4828=PLANE('',#4827);
#4830=ORIENTED_EDGE('',*,*,#4829,.T.);
#4832=ORIENTED_EDGE('',*,*,#4831,.T.);
#4834=ORIENTED_EDGE('',*,*,#4833,.T.);
#4836=ORIENTED_EDGE('',*,*,#4835,.T.);
#4837=EDGE_LOOP('',(#4830,#4832,#4834,#4836));
#4838=FACE_OUTER_BOUND('',#4837,.F.);
#4839=ADVANCED_FACE('',(#4838),#4828,.F.);
#4840=CARTESIAN_POINT('',(0.E0,1.75E-1,0.E0));
#4841=DIRECTION('',(0.E0,1.E0,0.E0));
#4842=DIRECTION('',(1.E0,0.E0,0.E0));
#4843=AXIS2_PLACEMENT_3D('',#4840,#4841,#4842);
#4844=PLANE('',#4843);
#4846=ORIENTED_EDGE('',*,*,#4845,.T.);
#4848=ORIENTED_EDGE('',*,*,#4847,.T.);
#4850=ORIENTED_EDGE('',*,*,#4849,.T.);
#4852=ORIENTED_EDGE('',*,*,#4851,.T.);
#4853=EDGE_LOOP('',(#4846,#4848,#4850,#4852));
#4854=FACE_OUTER_BOUND('',#4853,.F.);
#4855=ADVANCED_FACE('',(#4854),#4844,.F.);
#4856=CARTESIAN_POINT('',(0.E0,1.75E-1,0.E0));
#4857=DIRECTION('',(0.E0,1.E0,0.E0));
#4858=DIRECTION('',(1.E0,0.E0,0.E0));
#4859=AXIS2_PLACEMENT_3D('',#4856,#4857,#4858);
#4860=PLANE('',#4859);
#4862=ORIENTED_EDGE('',*,*,#4861,.T.);
#4864=ORIENTED_EDGE('',*,*,#4863,.T.);
#4866=ORIENTED_EDGE('',*,*,#4865,.T.);
#4868=ORIENTED_EDGE('',*,*,#4867,.T.);
#4869=EDGE_LOOP('',(#4862,#4864,#4866,#4868));
#4870=FACE_OUTER_BOUND('',#4869,.F.);
#4871=ADVANCED_FACE('',(#4870),#4860,.F.);
#4872=CARTESIAN_POINT('',(0.E0,1.75E-1,0.E0));
#4873=DIRECTION('',(0.E0,1.E0,0.E0));
#4874=DIRECTION('',(1.E0,0.E0,0.E0));
#4875=AXIS2_PLACEMENT_3D('',#4872,#4873,#4874);
#4876=PLANE('',#4875);
#4878=ORIENTED_EDGE('',*,*,#4877,.T.);
#4880=ORIENTED_EDGE('',*,*,#4879,.T.);
#4882=ORIENTED_EDGE('',*,*,#4881,.T.);
#4884=ORIENTED_EDGE('',*,*,#4883,.T.);
#4885=EDGE_LOOP('',(#4878,#4880,#4882,#4884));
#4886=FACE_OUTER_BOUND('',#4885,.F.);
#4887=ADVANCED_FACE('',(#4886),#4876,.F.);
#4888=CARTESIAN_POINT('',(0.E0,1.75E-1,0.E0));
#4889=DIRECTION('',(0.E0,1.E0,0.E0));
#4890=DIRECTION('',(1.E0,0.E0,0.E0));
#4891=AXIS2_PLACEMENT_3D('',#4888,#4889,#4890);
#4892=PLANE('',#4891);
#4894=ORIENTED_EDGE('',*,*,#4893,.T.);
#4896=ORIENTED_EDGE('',*,*,#4895,.T.);
#4898=ORIENTED_EDGE('',*,*,#4897,.T.);
#4900=ORIENTED_EDGE('',*,*,#4899,.T.);
#4901=EDGE_LOOP('',(#4894,#4896,#4898,#4900));
#4902=FACE_OUTER_BOUND('',#4901,.F.);
#4903=ADVANCED_FACE('',(#4902),#4892,.F.);
#4904=CARTESIAN_POINT('',(0.E0,1.75E-1,0.E0));
#4905=DIRECTION('',(0.E0,1.E0,0.E0));
#4906=DIRECTION('',(1.E0,0.E0,0.E0));
#4907=AXIS2_PLACEMENT_3D('',#4904,#4905,#4906);
#4908=PLANE('',#4907);
#4910=ORIENTED_EDGE('',*,*,#4909,.T.);
#4912=ORIENTED_EDGE('',*,*,#4911,.T.);
#4914=ORIENTED_EDGE('',*,*,#4913,.T.);
#4916=ORIENTED_EDGE('',*,*,#4915,.T.);
#4917=EDGE_LOOP('',(#4910,#4912,#4914,#4916));
#4918=FACE_OUTER_BOUND('',#4917,.F.);
#4919=ADVANCED_FACE('',(#4918),#4908,.F.);
#4920=CARTESIAN_POINT('',(0.E0,1.75E-1,0.E0));
#4921=DIRECTION('',(0.E0,1.E0,0.E0));
#4922=DIRECTION('',(1.E0,0.E0,0.E0));
#4923=AXIS2_PLACEMENT_3D('',#4920,#4921,#4922);
#4924=PLANE('',#4923);
#4926=ORIENTED_EDGE('',*,*,#4925,.T.);
#4928=ORIENTED_EDGE('',*,*,#4927,.T.);
#4930=ORIENTED_EDGE('',*,*,#4929,.T.);
#4932=ORIENTED_EDGE('',*,*,#4931,.T.);
#4933=EDGE_LOOP('',(#4926,#4928,#4930,#4932));
#4934=FACE_OUTER_BOUND('',#4933,.F.);
#4935=ADVANCED_FACE('',(#4934),#4924,.F.);
#4936=CARTESIAN_POINT('',(-1.35E0,-2.5E-2,-1.25E-1));
#4937=DIRECTION('',(0.E0,0.E0,1.E0));
#4938=DIRECTION('',(1.E0,0.E0,0.E0));
#4939=AXIS2_PLACEMENT_3D('',#4936,#4937,#4938);
#4940=PLANE('',#4939);
#4941=ORIENTED_EDGE('',*,*,#4503,.T.);
#4943=ORIENTED_EDGE('',*,*,#4942,.T.);
#4944=ORIENTED_EDGE('',*,*,#4737,.F.);
#4945=ORIENTED_EDGE('',*,*,#4707,.F.);
#4946=EDGE_LOOP('',(#4941,#4943,#4944,#4945));
#4947=FACE_OUTER_BOUND('',#4946,.F.);
#4948=ADVANCED_FACE('',(#4947),#4940,.F.);
#4949=CARTESIAN_POINT('',(-1.E0,-2.5E-2,-2.5E-1));
#4950=DIRECTION('',(0.E0,1.E0,0.E0));
#4951=DIRECTION('',(1.E0,0.E0,0.E0));
#4952=AXIS2_PLACEMENT_3D('',#4949,#4950,#4951);
#4953=CYLINDRICAL_SURFACE('',#4952,1.25E-1);
#4954=ORIENTED_EDGE('',*,*,#4501,.T.);
#4956=ORIENTED_EDGE('',*,*,#4955,.T.);
#4957=ORIENTED_EDGE('',*,*,#4739,.F.);
#4958=ORIENTED_EDGE('',*,*,#4942,.F.);
#4959=EDGE_LOOP('',(#4954,#4956,#4957,#4958));
#4960=FACE_OUTER_BOUND('',#4959,.F.);
#4961=ADVANCED_FACE('',(#4960),#4953,.F.);
#4962=CARTESIAN_POINT('',(-1.E0,-2.5E-2,-3.75E-1));
#4963=DIRECTION('',(0.E0,0.E0,-1.E0));
#4964=DIRECTION('',(-1.E0,0.E0,0.E0));
#4965=AXIS2_PLACEMENT_3D('',#4962,#4963,#4964);
#4966=PLANE('',#4965);
#4967=ORIENTED_EDGE('',*,*,#4499,.F.);
#4968=ORIENTED_EDGE('',*,*,#4711,.T.);
#4969=ORIENTED_EDGE('',*,*,#4741,.F.);
#4970=ORIENTED_EDGE('',*,*,#4955,.F.);
#4971=EDGE_LOOP('',(#4967,#4968,#4969,#4970));
#4972=FACE_OUTER_BOUND('',#4971,.F.);
#4973=ADVANCED_FACE('',(#4972),#4966,.F.);
#4974=CARTESIAN_POINT('',(-1.35E0,-2.5E-2,3.75E-1));
#4975=DIRECTION('',(0.E0,0.E0,1.E0));
#4976=DIRECTION('',(1.E0,0.E0,0.E0));
#4977=AXIS2_PLACEMENT_3D('',#4974,#4975,#4976);
#4978=PLANE('',#4977);
#4979=ORIENTED_EDGE('',*,*,#4511,.T.);
#4981=ORIENTED_EDGE('',*,*,#4980,.T.);
#4982=ORIENTED_EDGE('',*,*,#4752,.F.);
#4983=ORIENTED_EDGE('',*,*,#4700,.F.);
#4984=EDGE_LOOP('',(#4979,#4981,#4982,#4983));
#4985=FACE_OUTER_BOUND('',#4984,.F.);
#4986=ADVANCED_FACE('',(#4985),#4978,.F.);
#4987=CARTESIAN_POINT('',(-7.E-1,-2.5E-2,2.5E-1));
#4988=DIRECTION('',(0.E0,1.E0,0.E0));
#4989=DIRECTION('',(1.E0,0.E0,0.E0));
#4990=AXIS2_PLACEMENT_3D('',#4987,#4988,#4989);
#4991=CYLINDRICAL_SURFACE('',#4990,1.25E-1);
#4992=ORIENTED_EDGE('',*,*,#4509,.T.);
#4994=ORIENTED_EDGE('',*,*,#4993,.T.);
#4995=ORIENTED_EDGE('',*,*,#4754,.F.);
#4996=ORIENTED_EDGE('',*,*,#4980,.F.);
#4997=EDGE_LOOP('',(#4992,#4994,#4995,#4996));
#4998=FACE_OUTER_BOUND('',#4997,.F.);
#4999=ADVANCED_FACE('',(#4998),#4991,.F.);
#5000=CARTESIAN_POINT('',(-7.E-1,-2.5E-2,1.25E-1));
#5001=DIRECTION('',(0.E0,0.E0,-1.E0));
#5002=DIRECTION('',(-1.E0,0.E0,0.E0));
#5003=AXIS2_PLACEMENT_3D('',#5000,#5001,#5002);
#5004=PLANE('',#5003);
#5005=ORIENTED_EDGE('',*,*,#4507,.F.);
#5006=ORIENTED_EDGE('',*,*,#4704,.T.);
#5007=ORIENTED_EDGE('',*,*,#4756,.F.);
#5008=ORIENTED_EDGE('',*,*,#4993,.F.);
#5009=EDGE_LOOP('',(#5005,#5006,#5007,#5008));
#5010=FACE_OUTER_BOUND('',#5009,.F.);
#5011=ADVANCED_FACE('',(#5010),#5004,.F.);
#5012=CARTESIAN_POINT('',(-1.35E0,-2.5E-2,8.75E-1));
#5013=DIRECTION('',(0.E0,0.E0,1.E0));
#5014=DIRECTION('',(1.E0,0.E0,0.E0));
#5015=AXIS2_PLACEMENT_3D('',#5012,#5013,#5014);
#5016=PLANE('',#5015);
#5017=ORIENTED_EDGE('',*,*,#4519,.T.);
#5019=ORIENTED_EDGE('',*,*,#5018,.T.);
#5020=ORIENTED_EDGE('',*,*,#4767,.F.);
#5021=ORIENTED_EDGE('',*,*,#4693,.F.);
#5022=EDGE_LOOP('',(#5017,#5019,#5020,#5021));
#5023=FACE_OUTER_BOUND('',#5022,.F.);
#5024=ADVANCED_FACE('',(#5023),#5016,.F.);
#5025=CARTESIAN_POINT('',(-1.E0,-2.5E-2,7.5E-1));
#5026=DIRECTION('',(0.E0,1.E0,0.E0));
#5027=DIRECTION('',(1.E0,0.E0,0.E0));
#5028=AXIS2_PLACEMENT_3D('',#5025,#5026,#5027);
#5029=CYLINDRICAL_SURFACE('',#5028,1.25E-1);
#5030=ORIENTED_EDGE('',*,*,#4517,.T.);
#5032=ORIENTED_EDGE('',*,*,#5031,.T.);
#5033=ORIENTED_EDGE('',*,*,#4769,.F.);
#5034=ORIENTED_EDGE('',*,*,#5018,.F.);
#5035=EDGE_LOOP('',(#5030,#5032,#5033,#5034));
#5036=FACE_OUTER_BOUND('',#5035,.F.);
#5037=ADVANCED_FACE('',(#5036),#5029,.F.);
#5038=CARTESIAN_POINT('',(-1.E0,-2.5E-2,6.25E-1));
#5039=DIRECTION('',(0.E0,0.E0,-1.E0));
#5040=DIRECTION('',(-1.E0,0.E0,0.E0));
#5041=AXIS2_PLACEMENT_3D('',#5038,#5039,#5040);
#5042=PLANE('',#5041);
#5043=ORIENTED_EDGE('',*,*,#4515,.F.);
#5044=ORIENTED_EDGE('',*,*,#4697,.T.);
#5045=ORIENTED_EDGE('',*,*,#4771,.F.);
#5046=ORIENTED_EDGE('',*,*,#5031,.F.);
#5047=EDGE_LOOP('',(#5043,#5044,#5045,#5046));
#5048=FACE_OUTER_BOUND('',#5047,.F.);
#5049=ADVANCED_FACE('',(#5048),#5042,.F.);
#5050=CARTESIAN_POINT('',(-1.35E0,0.E0,1.15E0));
#5051=DIRECTION('',(0.E0,0.E0,1.E0));
#5052=DIRECTION('',(1.E0,0.E0,0.E0));
#5053=AXIS2_PLACEMENT_3D('',#5050,#5051,#5052);
#5054=PLANE('',#5053);
#5055=ORIENTED_EDGE('',*,*,#4781,.F.);
#5057=ORIENTED_EDGE('',*,*,#5056,.F.);
#5058=ORIENTED_EDGE('',*,*,#4523,.F.);
#5059=ORIENTED_EDGE('',*,*,#4690,.T.);
#5061=ORIENTED_EDGE('',*,*,#5060,.T.);
#5063=ORIENTED_EDGE('',*,*,#5062,.F.);
#5064=ORIENTED_EDGE('',*,*,#4547,.F.);
#5066=ORIENTED_EDGE('',*,*,#5065,.T.);
#5067=ORIENTED_EDGE('',*,*,#4813,.F.);
#5069=ORIENTED_EDGE('',*,*,#5068,.F.);
#5070=ORIENTED_EDGE('',*,*,#4539,.F.);
#5072=ORIENTED_EDGE('',*,*,#5071,.T.);
#5073=ORIENTED_EDGE('',*,*,#4797,.F.);
#5075=ORIENTED_EDGE('',*,*,#5074,.F.);
#5076=ORIENTED_EDGE('',*,*,#4531,.F.);
#5078=ORIENTED_EDGE('',*,*,#5077,.T.);
#5079=EDGE_LOOP('',(#5055,#5057,#5058,#5059,#5061,#5063,#5064,#5066,#5067,#5069,
#5070,#5072,#5073,#5075,#5076,#5078));
#5080=FACE_OUTER_BOUND('',#5079,.F.);
#5081=ADVANCED_FACE('',(#5080),#5054,.T.);
#5082=CARTESIAN_POINT('',(-6.25E-1,-2.5E-2,8.5E-1));
#5083=DIRECTION('',(-1.E0,0.E0,0.E0));
#5084=DIRECTION('',(0.E0,0.E0,1.E0));
#5085=AXIS2_PLACEMENT_3D('',#5082,#5083,#5084);
#5086=PLANE('',#5085);
#5087=ORIENTED_EDGE('',*,*,#4525,.F.);
#5088=ORIENTED_EDGE('',*,*,#5056,.T.);
#5089=ORIENTED_EDGE('',*,*,#4787,.F.);
#5091=ORIENTED_EDGE('',*,*,#5090,.F.);
#5092=EDGE_LOOP('',(#5087,#5088,#5089,#5091));
#5093=FACE_OUTER_BOUND('',#5092,.F.);
#5094=ADVANCED_FACE('',(#5093),#5086,.F.);
#5095=CARTESIAN_POINT('',(-5.E-1,-2.5E-2,8.5E-1));
#5096=DIRECTION('',(0.E0,1.E0,0.E0));
#5097=DIRECTION('',(1.E0,0.E0,0.E0));
#5098=AXIS2_PLACEMENT_3D('',#5095,#5096,#5097);
#5099=CYLINDRICAL_SURFACE('',#5098,1.25E-1);
#5100=ORIENTED_EDGE('',*,*,#4527,.T.);
#5101=ORIENTED_EDGE('',*,*,#5090,.T.);
#5102=ORIENTED_EDGE('',*,*,#4785,.F.);
#5104=ORIENTED_EDGE('',*,*,#5103,.F.);
#5105=EDGE_LOOP('',(#5100,#5101,#5102,#5104));
#5106=FACE_OUTER_BOUND('',#5105,.F.);
#5107=ADVANCED_FACE('',(#5106),#5099,.F.);
#5108=CARTESIAN_POINT('',(-3.75E-1,-2.5E-2,1.15E0));
#5109=DIRECTION('',(1.E0,0.E0,0.E0));
#5110=DIRECTION('',(0.E0,0.E0,-1.E0));
#5111=AXIS2_PLACEMENT_3D('',#5108,#5109,#5110);
#5112=PLANE('',#5111);
#5113=ORIENTED_EDGE('',*,*,#4529,.T.);
#5114=ORIENTED_EDGE('',*,*,#5103,.T.);
#5115=ORIENTED_EDGE('',*,*,#4783,.F.);
#5116=ORIENTED_EDGE('',*,*,#5077,.F.);
#5117=EDGE_LOOP('',(#5113,#5114,#5115,#5116));
#5118=FACE_OUTER_BOUND('',#5117,.F.);
#5119=ADVANCED_FACE('',(#5118),#5112,.F.);
#5120=CARTESIAN_POINT('',(0.E0,9.75E-1,0.E0));
#5121=DIRECTION('',(0.E0,1.E0,0.E0));
#5122=DIRECTION('',(1.E0,0.E0,0.E0));
#5123=AXIS2_PLACEMENT_3D('',#5120,#5121,#5122);
#5124=PLANE('',#5123);
#5125=ORIENTED_EDGE('',*,*,#4688,.F.);
#5127=ORIENTED_EDGE('',*,*,#5126,.F.);
#5129=ORIENTED_EDGE('',*,*,#5128,.F.);
#5130=ORIENTED_EDGE('',*,*,#5060,.F.);
#5131=EDGE_LOOP('',(#5125,#5127,#5129,#5130));
#5132=FACE_OUTER_BOUND('',#5131,.F.);
#5133=ADVANCED_FACE('',(#5132),#5124,.T.);
#5134=CARTESIAN_POINT('',(1.35E0,0.E0,-1.15E0));
#5135=DIRECTION('',(0.E0,0.E0,-1.E0));
#5136=DIRECTION('',(-1.E0,0.E0,0.E0));
#5137=AXIS2_PLACEMENT_3D('',#5134,#5135,#5136);
#5138=PLANE('',#5137);
#5139=ORIENTED_EDGE('',*,*,#4893,.F.);
#5141=ORIENTED_EDGE('',*,*,#5140,.F.);
#5142=ORIENTED_EDGE('',*,*,#4583,.F.);
#5144=ORIENTED_EDGE('',*,*,#5143,.T.);
#5145=ORIENTED_EDGE('',*,*,#5126,.T.);
#5146=ORIENTED_EDGE('',*,*,#4686,.F.);
#5147=ORIENTED_EDGE('',*,*,#4607,.F.);
#5149=ORIENTED_EDGE('',*,*,#5148,.T.);
#5150=ORIENTED_EDGE('',*,*,#4925,.F.);
#5152=ORIENTED_EDGE('',*,*,#5151,.F.);
#5153=ORIENTED_EDGE('',*,*,#4599,.F.);
#5155=ORIENTED_EDGE('',*,*,#5154,.T.);
#5156=ORIENTED_EDGE('',*,*,#4909,.F.);
#5158=ORIENTED_EDGE('',*,*,#5157,.F.);
#5159=ORIENTED_EDGE('',*,*,#4591,.F.);
#5161=ORIENTED_EDGE('',*,*,#5160,.T.);
#5162=EDGE_LOOP('',(#5139,#5141,#5142,#5144,#5145,#5146,#5147,#5149,#5150,#5152,
#5153,#5155,#5156,#5158,#5159,#5161));
#5163=FACE_OUTER_BOUND('',#5162,.F.);
#5164=ADVANCED_FACE('',(#5163),#5138,.T.);
#5165=CARTESIAN_POINT('',(6.25E-1,-2.5E-2,-8.5E-1));
#5166=DIRECTION('',(1.E0,0.E0,0.E0));
#5167=DIRECTION('',(0.E0,0.E0,-1.E0));
#5168=AXIS2_PLACEMENT_3D('',#5165,#5166,#5167);
#5169=PLANE('',#5168);
#5170=ORIENTED_EDGE('',*,*,#4585,.F.);
#5171=ORIENTED_EDGE('',*,*,#5140,.T.);
#5172=ORIENTED_EDGE('',*,*,#4899,.F.);
#5174=ORIENTED_EDGE('',*,*,#5173,.F.);
#5175=EDGE_LOOP('',(#5170,#5171,#5172,#5174));
#5176=FACE_OUTER_BOUND('',#5175,.F.);
#5177=ADVANCED_FACE('',(#5176),#5169,.F.);
#5178=CARTESIAN_POINT('',(5.E-1,-2.5E-2,-8.5E-1));
#5179=DIRECTION('',(0.E0,1.E0,0.E0));
#5180=DIRECTION('',(1.E0,0.E0,0.E0));
#5181=AXIS2_PLACEMENT_3D('',#5178,#5179,#5180);
#5182=CYLINDRICAL_SURFACE('',#5181,1.25E-1);
#5183=ORIENTED_EDGE('',*,*,#4587,.T.);
#5184=ORIENTED_EDGE('',*,*,#5173,.T.);
#5185=ORIENTED_EDGE('',*,*,#4897,.F.);
#5187=ORIENTED_EDGE('',*,*,#5186,.F.);
#5188=EDGE_LOOP('',(#5183,#5184,#5185,#5187));
#5189=FACE_OUTER_BOUND('',#5188,.F.);
#5190=ADVANCED_FACE('',(#5189),#5182,.F.);
#5191=CARTESIAN_POINT('',(3.75E-1,-2.5E-2,-1.15E0));
#5192=DIRECTION('',(-1.E0,0.E0,0.E0));
#5193=DIRECTION('',(0.E0,0.E0,1.E0));
#5194=AXIS2_PLACEMENT_3D('',#5191,#5192,#5193);
#5195=PLANE('',#5194);
#5196=ORIENTED_EDGE('',*,*,#4589,.T.);
#5197=ORIENTED_EDGE('',*,*,#5186,.T.);
#5198=ORIENTED_EDGE('',*,*,#4895,.F.);
#5199=ORIENTED_EDGE('',*,*,#5160,.F.);
#5200=EDGE_LOOP('',(#5196,#5197,#5198,#5199));
#5201=FACE_OUTER_BOUND('',#5200,.F.);
#5202=ADVANCED_FACE('',(#5201),#5195,.F.);
#5203=CARTESIAN_POINT('',(1.35E0,0.E0,1.15E0));
#5204=DIRECTION('',(1.E0,0.E0,0.E0));
#5205=DIRECTION('',(0.E0,0.E0,-1.E0));
#5206=AXIS2_PLACEMENT_3D('',#5203,#5204,#5205);
#5207=PLANE('',#5206);
#5208=ORIENTED_EDGE('',*,*,#4829,.F.);
#5210=ORIENTED_EDGE('',*,*,#5209,.F.);
#5211=ORIENTED_EDGE('',*,*,#4549,.F.);
#5212=ORIENTED_EDGE('',*,*,#5062,.T.);
#5213=ORIENTED_EDGE('',*,*,#5128,.T.);
#5214=ORIENTED_EDGE('',*,*,#5143,.F.);
#5215=ORIENTED_EDGE('',*,*,#4581,.F.);
#5217=ORIENTED_EDGE('',*,*,#5216,.T.);
#5218=ORIENTED_EDGE('',*,*,#4877,.F.);
#5220=ORIENTED_EDGE('',*,*,#5219,.F.);
#5221=ORIENTED_EDGE('',*,*,#4573,.F.);
#5223=ORIENTED_EDGE('',*,*,#5222,.T.);
#5224=ORIENTED_EDGE('',*,*,#4861,.F.);
#5226=ORIENTED_EDGE('',*,*,#5225,.F.);
#5227=ORIENTED_EDGE('',*,*,#4565,.F.);
#5229=ORIENTED_EDGE('',*,*,#5228,.T.);
#5230=ORIENTED_EDGE('',*,*,#4845,.F.);
#5232=ORIENTED_EDGE('',*,*,#5231,.F.);
#5233=ORIENTED_EDGE('',*,*,#4557,.F.);
#5235=ORIENTED_EDGE('',*,*,#5234,.T.);
#5236=EDGE_LOOP('',(#5208,#5210,#5211,#5212,#5213,#5214,#5215,#5217,#5218,#5220,
#5221,#5223,#5224,#5226,#5227,#5229,#5230,#5232,#5233,#5235));
#5237=FACE_OUTER_BOUND('',#5236,.F.);
#5238=ADVANCED_FACE('',(#5237),#5207,.T.);
#5239=CARTESIAN_POINT('',(1.E0,-2.5E-2,8.75E-1));
#5240=DIRECTION('',(0.E0,0.E0,1.E0));
#5241=DIRECTION('',(1.E0,0.E0,0.E0));
#5242=AXIS2_PLACEMENT_3D('',#5239,#5240,#5241);
#5243=PLANE('',#5242);
#5244=ORIENTED_EDGE('',*,*,#4551,.F.);
#5245=ORIENTED_EDGE('',*,*,#5209,.T.);
#5246=ORIENTED_EDGE('',*,*,#4835,.F.);
#5248=ORIENTED_EDGE('',*,*,#5247,.F.);
#5249=EDGE_LOOP('',(#5244,#5245,#5246,#5248));
#5250=FACE_OUTER_BOUND('',#5249,.F.);
#5251=ADVANCED_FACE('',(#5250),#5243,.F.);
#5252=CARTESIAN_POINT('',(1.E0,-2.5E-2,7.5E-1));
#5253=DIRECTION('',(0.E0,1.E0,0.E0));
#5254=DIRECTION('',(1.E0,0.E0,0.E0));
#5255=AXIS2_PLACEMENT_3D('',#5252,#5253,#5254);
#5256=CYLINDRICAL_SURFACE('',#5255,1.25E-1);
#5257=ORIENTED_EDGE('',*,*,#4553,.T.);
#5258=ORIENTED_EDGE('',*,*,#5247,.T.);
#5259=ORIENTED_EDGE('',*,*,#4833,.F.);
#5261=ORIENTED_EDGE('',*,*,#5260,.F.);
#5262=EDGE_LOOP('',(#5257,#5258,#5259,#5261));
#5263=FACE_OUTER_BOUND('',#5262,.F.);
#5264=ADVANCED_FACE('',(#5263),#5256,.F.);
#5265=CARTESIAN_POINT('',(1.35E0,-2.5E-2,6.25E-1));
#5266=DIRECTION('',(0.E0,0.E0,-1.E0));
#5267=DIRECTION('',(-1.E0,0.E0,0.E0));
#5268=AXIS2_PLACEMENT_3D('',#5265,#5266,#5267);
#5269=PLANE('',#5268);
#5270=ORIENTED_EDGE('',*,*,#4555,.T.);
#5271=ORIENTED_EDGE('',*,*,#5260,.T.);
#5272=ORIENTED_EDGE('',*,*,#4831,.F.);
#5273=ORIENTED_EDGE('',*,*,#5234,.F.);
#5274=EDGE_LOOP('',(#5270,#5271,#5272,#5273));
#5275=FACE_OUTER_BOUND('',#5274,.F.);
#5276=ADVANCED_FACE('',(#5275),#5269,.F.);
#5277=CARTESIAN_POINT('',(1.35E0,-2.5E-2,-8.75E-1));
#5278=DIRECTION('',(0.E0,0.E0,-1.E0));
#5279=DIRECTION('',(-1.E0,0.E0,0.E0));
#5280=AXIS2_PLACEMENT_3D('',#5277,#5278,#5279);
#5281=PLANE('',#5280);
#5282=ORIENTED_EDGE('',*,*,#4579,.T.);
#5284=ORIENTED_EDGE('',*,*,#5283,.T.);
#5285=ORIENTED_EDGE('',*,*,#4879,.F.);
#5286=ORIENTED_EDGE('',*,*,#5216,.F.);
#5287=EDGE_LOOP('',(#5282,#5284,#5285,#5286));
#5288=FACE_OUTER_BOUND('',#5287,.F.);
#5289=ADVANCED_FACE('',(#5288),#5281,.F.);
#5290=CARTESIAN_POINT('',(1.E0,-2.5E-2,-7.5E-1));
#5291=DIRECTION('',(0.E0,1.E0,0.E0));
#5292=DIRECTION('',(1.E0,0.E0,0.E0));
#5293=AXIS2_PLACEMENT_3D('',#5290,#5291,#5292);
#5294=CYLINDRICAL_SURFACE('',#5293,1.25E-1);
#5295=ORIENTED_EDGE('',*,*,#4577,.T.);
#5297=ORIENTED_EDGE('',*,*,#5296,.T.);
#5298=ORIENTED_EDGE('',*,*,#4881,.F.);
#5299=ORIENTED_EDGE('',*,*,#5283,.F.);
#5300=EDGE_LOOP('',(#5295,#5297,#5298,#5299));
#5301=FACE_OUTER_BOUND('',#5300,.F.);
#5302=ADVANCED_FACE('',(#5301),#5294,.F.);
#5303=CARTESIAN_POINT('',(1.E0,-2.5E-2,-6.25E-1));
#5304=DIRECTION('',(0.E0,0.E0,1.E0));
#5305=DIRECTION('',(1.E0,0.E0,0.E0));
#5306=AXIS2_PLACEMENT_3D('',#5303,#5304,#5305);
#5307=PLANE('',#5306);
#5308=ORIENTED_EDGE('',*,*,#4575,.F.);
#5309=ORIENTED_EDGE('',*,*,#5219,.T.);
#5310=ORIENTED_EDGE('',*,*,#4883,.F.);
#5311=ORIENTED_EDGE('',*,*,#5296,.F.);
#5312=EDGE_LOOP('',(#5308,#5309,#5310,#5311));
#5313=FACE_OUTER_BOUND('',#5312,.F.);
#5314=ADVANCED_FACE('',(#5313),#5307,.F.);
#5315=CARTESIAN_POINT('',(1.35E0,-2.5E-2,-3.75E-1));
#5316=DIRECTION('',(0.E0,0.E0,-1.E0));
#5317=DIRECTION('',(-1.E0,0.E0,0.E0));
#5318=AXIS2_PLACEMENT_3D('',#5315,#5316,#5317);
#5319=PLANE('',#5318);
#5320=ORIENTED_EDGE('',*,*,#4571,.T.);
#5322=ORIENTED_EDGE('',*,*,#5321,.T.);
#5323=ORIENTED_EDGE('',*,*,#4863,.F.);
#5324=ORIENTED_EDGE('',*,*,#5222,.F.);
#5325=EDGE_LOOP('',(#5320,#5322,#5323,#5324));
#5326=FACE_OUTER_BOUND('',#5325,.F.);
#5327=ADVANCED_FACE('',(#5326),#5319,.F.);
#5328=CARTESIAN_POINT('',(1.E0,-2.5E-2,-2.5E-1));
#5329=DIRECTION('',(0.E0,1.E0,0.E0));
#5330=DIRECTION('',(1.E0,0.E0,0.E0));
#5331=AXIS2_PLACEMENT_3D('',#5328,#5329,#5330);
#5332=CYLINDRICAL_SURFACE('',#5331,1.25E-1);
#5333=ORIENTED_EDGE('',*,*,#4569,.T.);
#5335=ORIENTED_EDGE('',*,*,#5334,.T.);
#5336=ORIENTED_EDGE('',*,*,#4865,.F.);
#5337=ORIENTED_EDGE('',*,*,#5321,.F.);
#5338=EDGE_LOOP('',(#5333,#5335,#5336,#5337));
#5339=FACE_OUTER_BOUND('',#5338,.F.);
#5340=ADVANCED_FACE('',(#5339),#5332,.F.);
#5341=CARTESIAN_POINT('',(1.E0,-2.5E-2,-1.25E-1));
#5342=DIRECTION('',(0.E0,0.E0,1.E0));
#5343=DIRECTION('',(1.E0,0.E0,0.E0));
#5344=AXIS2_PLACEMENT_3D('',#5341,#5342,#5343);
#5345=PLANE('',#5344);
#5346=ORIENTED_EDGE('',*,*,#4567,.F.);
#5347=ORIENTED_EDGE('',*,*,#5225,.T.);
#5348=ORIENTED_EDGE('',*,*,#4867,.F.);
#5349=ORIENTED_EDGE('',*,*,#5334,.F.);
#5350=EDGE_LOOP('',(#5346,#5347,#5348,#5349));
#5351=FACE_OUTER_BOUND('',#5350,.F.);
#5352=ADVANCED_FACE('',(#5351),#5345,.F.);
#5353=CARTESIAN_POINT('',(1.35E0,-2.5E-2,1.25E-1));
#5354=DIRECTION('',(0.E0,0.E0,-1.E0));
#5355=DIRECTION('',(-1.E0,0.E0,0.E0));
#5356=AXIS2_PLACEMENT_3D('',#5353,#5354,#5355);
#5357=PLANE('',#5356);
#5358=ORIENTED_EDGE('',*,*,#4563,.T.);
#5360=ORIENTED_EDGE('',*,*,#5359,.T.);
#5361=ORIENTED_EDGE('',*,*,#4847,.F.);
#5362=ORIENTED_EDGE('',*,*,#5228,.F.);
#5363=EDGE_LOOP('',(#5358,#5360,#5361,#5362));
#5364=FACE_OUTER_BOUND('',#5363,.F.);
#5365=ADVANCED_FACE('',(#5364),#5357,.F.);
#5366=CARTESIAN_POINT('',(7.E-1,-2.5E-2,2.5E-1));
#5367=DIRECTION('',(0.E0,1.E0,0.E0));
#5368=DIRECTION('',(1.E0,0.E0,0.E0));
#5369=AXIS2_PLACEMENT_3D('',#5366,#5367,#5368);
#5370=CYLINDRICAL_SURFACE('',#5369,1.25E-1);
#5371=ORIENTED_EDGE('',*,*,#4561,.T.);
#5373=ORIENTED_EDGE('',*,*,#5372,.T.);
#5374=ORIENTED_EDGE('',*,*,#4849,.F.);
#5375=ORIENTED_EDGE('',*,*,#5359,.F.);
#5376=EDGE_LOOP('',(#5371,#5373,#5374,#5375));
#5377=FACE_OUTER_BOUND('',#5376,.F.);
#5378=ADVANCED_FACE('',(#5377),#5370,.F.);
#5379=CARTESIAN_POINT('',(7.E-1,-2.5E-2,3.75E-1));
#5380=DIRECTION('',(0.E0,0.E0,1.E0));
#5381=DIRECTION('',(1.E0,0.E0,0.E0));
#5382=AXIS2_PLACEMENT_3D('',#5379,#5380,#5381);
#5383=PLANE('',#5382);
#5384=ORIENTED_EDGE('',*,*,#4559,.F.);
#5385=ORIENTED_EDGE('',*,*,#5231,.T.);
#5386=ORIENTED_EDGE('',*,*,#4851,.F.);
#5387=ORIENTED_EDGE('',*,*,#5372,.F.);
#5388=EDGE_LOOP('',(#5384,#5385,#5386,#5387));
#5389=FACE_OUTER_BOUND('',#5388,.F.);
#5390=ADVANCED_FACE('',(#5389),#5383,.F.);
#5391=CARTESIAN_POINT('',(-6.25E-1,-2.5E-2,-1.15E0));
#5392=DIRECTION('',(-1.E0,0.E0,0.E0));
#5393=DIRECTION('',(0.E0,0.E0,1.E0));
#5394=AXIS2_PLACEMENT_3D('',#5391,#5392,#5393);
#5395=PLANE('',#5394);
#5396=ORIENTED_EDGE('',*,*,#4605,.T.);
#5398=ORIENTED_EDGE('',*,*,#5397,.T.);
#5399=ORIENTED_EDGE('',*,*,#4927,.F.);
#5400=ORIENTED_EDGE('',*,*,#5148,.F.);
#5401=EDGE_LOOP('',(#5396,#5398,#5399,#5400));
#5402=FACE_OUTER_BOUND('',#5401,.F.);
#5403=ADVANCED_FACE('',(#5402),#5395,.F.);
#5404=CARTESIAN_POINT('',(-5.E-1,-2.5E-2,-8.5E-1));
#5405=DIRECTION('',(0.E0,1.E0,0.E0));
#5406=DIRECTION('',(1.E0,0.E0,0.E0));
#5407=AXIS2_PLACEMENT_3D('',#5404,#5405,#5406);
#5408=CYLINDRICAL_SURFACE('',#5407,1.25E-1);
#5409=ORIENTED_EDGE('',*,*,#4603,.T.);
#5411=ORIENTED_EDGE('',*,*,#5410,.T.);
#5412=ORIENTED_EDGE('',*,*,#4929,.F.);
#5413=ORIENTED_EDGE('',*,*,#5397,.F.);
#5414=EDGE_LOOP('',(#5409,#5411,#5412,#5413));
#5415=FACE_OUTER_BOUND('',#5414,.F.);
#5416=ADVANCED_FACE('',(#5415),#5408,.F.);
#5417=CARTESIAN_POINT('',(-3.75E-1,-2.5E-2,-8.5E-1));
#5418=DIRECTION('',(1.E0,0.E0,0.E0));
#5419=DIRECTION('',(0.E0,0.E0,-1.E0));
#5420=AXIS2_PLACEMENT_3D('',#5417,#5418,#5419);
#5421=PLANE('',#5420);
#5422=ORIENTED_EDGE('',*,*,#4601,.F.);
#5423=ORIENTED_EDGE('',*,*,#5151,.T.);
#5424=ORIENTED_EDGE('',*,*,#4931,.F.);
#5425=ORIENTED_EDGE('',*,*,#5410,.F.);
#5426=EDGE_LOOP('',(#5422,#5423,#5424,#5425));
#5427=FACE_OUTER_BOUND('',#5426,.F.);
#5428=ADVANCED_FACE('',(#5427),#5421,.F.);
#5429=CARTESIAN_POINT('',(-1.25E-1,-2.5E-2,-1.15E0));
#5430=DIRECTION('',(-1.E0,0.E0,0.E0));
#5431=DIRECTION('',(0.E0,0.E0,1.E0));
#5432=AXIS2_PLACEMENT_3D('',#5429,#5430,#5431);
#5433=PLANE('',#5432);
#5434=ORIENTED_EDGE('',*,*,#4597,.T.);
#5436=ORIENTED_EDGE('',*,*,#5435,.T.);
#5437=ORIENTED_EDGE('',*,*,#4911,.F.);
#5438=ORIENTED_EDGE('',*,*,#5154,.F.);
#5439=EDGE_LOOP('',(#5434,#5436,#5437,#5438));
#5440=FACE_OUTER_BOUND('',#5439,.F.);
#5441=ADVANCED_FACE('',(#5440),#5433,.F.);
#5442=CARTESIAN_POINT('',(0.E0,-2.5E-2,-8.5E-1));
#5443=DIRECTION('',(0.E0,1.E0,0.E0));
#5444=DIRECTION('',(1.E0,0.E0,0.E0));
#5445=AXIS2_PLACEMENT_3D('',#5442,#5443,#5444);
#5446=CYLINDRICAL_SURFACE('',#5445,1.25E-1);
#5447=ORIENTED_EDGE('',*,*,#4595,.T.);
#5449=ORIENTED_EDGE('',*,*,#5448,.T.);
#5450=ORIENTED_EDGE('',*,*,#4913,.F.);
#5451=ORIENTED_EDGE('',*,*,#5435,.F.);
#5452=EDGE_LOOP('',(#5447,#5449,#5450,#5451));
#5453=FACE_OUTER_BOUND('',#5452,.F.);
#5454=ADVANCED_FACE('',(#5453),#5446,.F.);
#5455=CARTESIAN_POINT('',(1.25E-1,-2.5E-2,-8.5E-1));
#5456=DIRECTION('',(1.E0,0.E0,0.E0));
#5457=DIRECTION('',(0.E0,0.E0,-1.E0));
#5458=AXIS2_PLACEMENT_3D('',#5455,#5456,#5457);
#5459=PLANE('',#5458);
#5460=ORIENTED_EDGE('',*,*,#4593,.F.);
#5461=ORIENTED_EDGE('',*,*,#5157,.T.);
#5462=ORIENTED_EDGE('',*,*,#4915,.F.);
#5463=ORIENTED_EDGE('',*,*,#5448,.F.);
#5464=EDGE_LOOP('',(#5460,#5461,#5462,#5463));
#5465=FACE_OUTER_BOUND('',#5464,.F.);
#5466=ADVANCED_FACE('',(#5465),#5459,.F.);
#5467=CARTESIAN_POINT('',(6.25E-1,-2.5E-2,1.15E0));
#5468=DIRECTION('',(1.E0,0.E0,0.E0));
#5469=DIRECTION('',(0.E0,0.E0,-1.E0));
#5470=AXIS2_PLACEMENT_3D('',#5467,#5468,#5469);
#5471=PLANE('',#5470);
#5472=ORIENTED_EDGE('',*,*,#4545,.T.);
#5474=ORIENTED_EDGE('',*,*,#5473,.T.);
#5475=ORIENTED_EDGE('',*,*,#4815,.F.);
#5476=ORIENTED_EDGE('',*,*,#5065,.F.);
#5477=EDGE_LOOP('',(#5472,#5474,#5475,#5476));
#5478=FACE_OUTER_BOUND('',#5477,.F.);
#5479=ADVANCED_FACE('',(#5478),#5471,.F.);
#5480=CARTESIAN_POINT('',(5.E-1,-2.5E-2,8.5E-1));
#5481=DIRECTION('',(0.E0,1.E0,0.E0));
#5482=DIRECTION('',(1.E0,0.E0,0.E0));
#5483=AXIS2_PLACEMENT_3D('',#5480,#5481,#5482);
#5484=CYLINDRICAL_SURFACE('',#5483,1.25E-1);
#5485=ORIENTED_EDGE('',*,*,#4543,.T.);
#5487=ORIENTED_EDGE('',*,*,#5486,.T.);
#5488=ORIENTED_EDGE('',*,*,#4817,.F.);
#5489=ORIENTED_EDGE('',*,*,#5473,.F.);
#5490=EDGE_LOOP('',(#5485,#5487,#5488,#5489));
#5491=FACE_OUTER_BOUND('',#5490,.F.);
#5492=ADVANCED_FACE('',(#5491),#5484,.F.);
#5493=CARTESIAN_POINT('',(3.75E-1,-2.5E-2,8.5E-1));
#5494=DIRECTION('',(-1.E0,0.E0,0.E0));
#5495=DIRECTION('',(0.E0,0.E0,1.E0));
#5496=AXIS2_PLACEMENT_3D('',#5493,#5494,#5495);
#5497=PLANE('',#5496);
#5498=ORIENTED_EDGE('',*,*,#4541,.F.);
#5499=ORIENTED_EDGE('',*,*,#5068,.T.);
#5500=ORIENTED_EDGE('',*,*,#4819,.F.);
#5501=ORIENTED_EDGE('',*,*,#5486,.F.);
#5502=EDGE_LOOP('',(#5498,#5499,#5500,#5501));
#5503=FACE_OUTER_BOUND('',#5502,.F.);
#5504=ADVANCED_FACE('',(#5503),#5497,.F.);
#5505=CARTESIAN_POINT('',(1.25E-1,-2.5E-2,1.15E0));
#5506=DIRECTION('',(1.E0,0.E0,0.E0));
#5507=DIRECTION('',(0.E0,0.E0,-1.E0));
#5508=AXIS2_PLACEMENT_3D('',#5505,#5506,#5507);
#5509=PLANE('',#5508);
#5510=ORIENTED_EDGE('',*,*,#4537,.T.);
#5512=ORIENTED_EDGE('',*,*,#5511,.T.);
#5513=ORIENTED_EDGE('',*,*,#4799,.F.);
#5514=ORIENTED_EDGE('',*,*,#5071,.F.);
#5515=EDGE_LOOP('',(#5510,#5512,#5513,#5514));
#5516=FACE_OUTER_BOUND('',#5515,.F.);
#5517=ADVANCED_FACE('',(#5516),#5509,.F.);
#5518=CARTESIAN_POINT('',(0.E0,-2.5E-2,2.5E-1));
#5519=DIRECTION('',(0.E0,1.E0,0.E0));
#5520=DIRECTION('',(1.E0,0.E0,0.E0));
#5521=AXIS2_PLACEMENT_3D('',#5518,#5519,#5520);
#5522=CYLINDRICAL_SURFACE('',#5521,1.25E-1);
#5523=ORIENTED_EDGE('',*,*,#4535,.T.);
#5525=ORIENTED_EDGE('',*,*,#5524,.T.);
#5526=ORIENTED_EDGE('',*,*,#4801,.F.);
#5527=ORIENTED_EDGE('',*,*,#5511,.F.);
#5528=EDGE_LOOP('',(#5523,#5525,#5526,#5527));
#5529=FACE_OUTER_BOUND('',#5528,.F.);
#5530=ADVANCED_FACE('',(#5529),#5522,.F.);
#5531=CARTESIAN_POINT('',(-1.25E-1,-2.5E-2,2.5E-1));
#5532=DIRECTION('',(-1.E0,0.E0,0.E0));
#5533=DIRECTION('',(0.E0,0.E0,1.E0));
#5534=AXIS2_PLACEMENT_3D('',#5531,#5532,#5533);
#5535=PLANE('',#5534);
#5536=ORIENTED_EDGE('',*,*,#4533,.F.);
#5537=ORIENTED_EDGE('',*,*,#5074,.T.);
#5538=ORIENTED_EDGE('',*,*,#4803,.F.);
#5539=ORIENTED_EDGE('',*,*,#5524,.F.);
#5540=EDGE_LOOP('',(#5536,#5537,#5538,#5539));
#5541=FACE_OUTER_BOUND('',#5540,.F.);
#5542=ADVANCED_FACE('',(#5541),#5535,.F.);
#5543=CLOSED_SHELL('',(#4619,#4634,#4648,#4662,#4676,#4717,#4730,#4745,#4760,
#4775,#4791,#4807,#4823,#4839,#4855,#4871,#4887,#4903,#4919,#4935,#4948,#4961,
#4973,#4986,#4999,#5011,#5024,#5037,#5049,#5081,#5094,#5107,#5119,#5133,#5164,
#5177,#5190,#5202,#5238,#5251,#5264,#5276,#5289,#5302,#5314,#5327,#5340,#5352,
#5365,#5378,#5390,#5403,#5416,#5428,#5441,#5454,#5466,#5479,#5492,#5504,#5517,
#5530,#5542));
#5544=MANIFOLD_SOLID_BREP('',#5543);
#5545=FILL_AREA_STYLE_COLOUR('',#3);
#5546=FILL_AREA_STYLE('',(#5545));
#5547=SURFACE_STYLE_FILL_AREA(#5546);
#5548=SURFACE_SIDE_STYLE('',(#5547));
#5549=SURFACE_STYLE_USAGE(.BOTH.,#5548);
#5550=PRESENTATION_STYLE_ASSIGNMENT((#5549));
#2938=STYLED_ITEM('',(#5550),#5544);
#5552=DIMENSIONAL_EXPONENTS(0.E0,0.E0,0.E0,0.E0,0.E0,0.E0,0.E0);
#5554=PLANE_ANGLE_MEASURE_WITH_UNIT(PLANE_ANGLE_MEASURE(1.745329251994E-2),
#5553);
#5555=(CONVERSION_BASED_UNIT('DEGREE',#5554)NAMED_UNIT(*)PLANE_ANGLE_UNIT());
#5557=UNCERTAINTY_MEASURE_WITH_UNIT(LENGTH_MEASURE(1.625565194463E-4),#5551,
'closure',
'Maximum model space distance between geometric entities at asserted connectivities');
#5558=(GEOMETRIC_REPRESENTATION_CONTEXT(3)GLOBAL_UNCERTAINTY_ASSIGNED_CONTEXT((
#5557))GLOBAL_UNIT_ASSIGNED_CONTEXT((#5551,#5555,#5556))REPRESENTATION_CONTEXT(
'ID2','3'));
#5559=CARTESIAN_POINT('',(0.E0,0.E0,0.E0));
#5560=DIRECTION('',(0.E0,0.E0,1.E0));
#5561=DIRECTION('',(1.E0,0.E0,0.E0));
#5564=MECHANICAL_CONTEXT('',#2916,'mechanical');
#5565=PRODUCT('BODY','BODY','NOT SPECIFIED',(#5564));
#5566=PRODUCT_DEFINITION_FORMATION_WITH_SPECIFIED_SOURCE('18','LAST_VERSION',
#5565,.MADE.);
#5572=CARTESIAN_POINT('',(0.E0,0.E0,2.5E-2));
#5573=DIRECTION('',(0.E0,-1.E0,0.E0));
#5574=DIRECTION('',(1.E0,0.E0,0.E0));
#5575=AXIS2_PLACEMENT_3D('',#5572,#5573,#5574);
#5576=ITEM_DEFINED_TRANSFORMATION('','',#5562,#5575);
#5577=(REPRESENTATION_RELATIONSHIP('','',#5563,#2927)REPRESENTATION_RELATIONSHIP_WITH_TRANSFORMATION(#5576)SHAPE_REPRESENTATION_RELATIONSHIP());
#5578=CONTEXT_DEPENDENT_SHAPE_REPRESENTATION(#5577,#5571);
#5580=DIMENSIONAL_EXPONENTS(0.E0,0.E0,0.E0,0.E0,0.E0,0.E0,0.E0);
#5582=PLANE_ANGLE_MEASURE_WITH_UNIT(PLANE_ANGLE_MEASURE(1.745329251994E-2),
#5581);
#5583=(CONVERSION_BASED_UNIT('DEGREE',#5582)NAMED_UNIT(*)PLANE_ANGLE_UNIT());
#5585=UNCERTAINTY_MEASURE_WITH_UNIT(LENGTH_MEASURE(1.535399062638E-4),#5579,
'closure',
'Maximum model space distance between geometric entities at asserted connectivities');
#5586=(GEOMETRIC_REPRESENTATION_CONTEXT(3)GLOBAL_UNCERTAINTY_ASSIGNED_CONTEXT((
#5585))GLOBAL_UNIT_ASSIGNED_CONTEXT((#5579,#5583,#5584))REPRESENTATION_CONTEXT(
'ID3','3'));
#5587=CARTESIAN_POINT('',(0.E0,0.E0,0.E0));
#5588=DIRECTION('',(0.E0,0.E0,1.E0));
#5589=DIRECTION('',(1.E0,0.E0,0.E0));
#5591=MECHANICAL_DESIGN_GEOMETRIC_PRESENTATION_REPRESENTATION('',(#37,#44,#51,
#58,#65,#72,#79,#86,#93,#100,#107,#114,#121,#128,#135,#243,#29,#284,#292,#299,
#306,#313,#320,#328,#335,#342,#349,#356,#363,#470,#277,#486,#494,#501,#508,#515,
#522,#530,#537,#544,#551,#558,#565,#672,#479,#688,#696,#703,#710,#717,#724,#732,
#739,#746,#753,#760,#767,#874,#681,#890,#897,#904,#912,#919,#926,#933,#940,#948,
#955,#962,#969,#1008,#883,#1092,#1099,#1106,#1114,#1121,#1128,#1135,#1142,#1150,
#1157,#1164,#1171,#1210,#1085,#1294,#1301,#1308,#1316,#1323,#1330,#1337,#1344,
#1352,#1359,#1366,#1373,#1412,#1287,#1496,#1503,#1510,#1518,#1525,#1532,#1539,
#1546,#1554,#1561,#1568,#1575,#1614,#1489,#1698,#1705,#1712,#1720,#1727,#1734,
#1741,#1748,#1756,#1763,#1770,#1777,#1816,#1691,#1900,#1907,#1914,#1922,#1929,
#1936,#1943,#1950,#1958,#1965,#1972,#1979,#2018,#1893,#2102,#2109,#2116,#2124,
#2131,#2138,#2145,#2152,#2160,#2167,#2174,#2181,#2220,#2095,#2304,#2312,#2319,
#2326,#2333,#2340,#2348,#2355,#2362,#2369,#2376,#2383,#2490,#2297,#2506,#2514,
#2521,#2528,#2535,#2542,#2550,#2557,#2564,#2571,#2578,#2585,#2692,#2499,#2708,
#2716,#2723,#2730,#2737,#2744,#2752,#2759,#2766,#2773,#2780,#2787,#2894,#2701,
#2945,#2952,#2959,#2967,#2974,#2981,#2988,#2996,#3003,#3010,#3017,#3025,#3032,
#3039,#3046,#3053,#3061,#3068,#3075,#3082,#3090,#3097,#3104,#3111,#3119,#3126,
#3133,#3140,#3147,#3155,#3162,#3169,#3176,#3184,#3191,#3198,#3205,#3213,#3220,
#3227,#3234,#3242,#3249,#3256,#3263,#3270,#3278,#3285,#3292,#3299,#3307,#3314,
#3321,#3328,#3336,#3343,#3350,#3357,#3364,#3371,#3378,#3385,#3392,#3399,#3406,
#3413,#3420,#3427,#3434,#3441,#3448,#3455,#3462,#3469,#3476,#3483,#3490,#3497,
#3504,#3511,#3518,#3525,#3533,#3540,#3547,#3555,#3562,#3569,#3577,#3584,#3591,
#3599,#3606,#3613,#3621,#3628,#3635,#3643,#3650,#3657,#3665,#3672,#3679,#3687,
#3694,#3701,#3709,#3716,#3723,#3731,#3738,#3745,#3753,#3760,#3767,#3775,#3782,
#3789,#3797,#3804,#3811,#3818,#3825,#3832,#3839,#3846,#3853,#3860,#3867,#3874,
#3881,#3888,#3895,#3902,#3909,#3916,#3923,#3930,#3937,#3944,#3951,#3958,#3965,
#3972,#3979,#3986,#3993,#4000,#4007,#4014,#4021,#4028,#4035,#4042,#4049,#4056,
#4063,#4070,#4077,#4084,#4091,#4098,#4105,#4112,#4119,#4126,#4133,#4140,#4147,
#4154,#4161,#4168,#4175,#4182,#4189,#4196,#4203,#4210,#4217,#4224,#4231,#4238,
#4245,#2938),#5586);
#5592=DESIGN_CONTEXT('',#2916,'design');
#5593=MECHANICAL_CONTEXT('',#2916,'mechanical');
#5594=PRODUCT('RQR0014B_ASM','RQR0014B_ASM','NOT SPECIFIED',(#5593));
#5595=PRODUCT_DEFINITION_FORMATION_WITH_SPECIFIED_SOURCE('18','LAST_VERSION',
#5594,.MADE.);
#5597=PRODUCT_CATEGORY('part','');
#5598=PRODUCT_RELATED_PRODUCT_CATEGORY('assembly','',(#5594));
#5599=PRODUCT_CATEGORY_RELATIONSHIP('','',#5597,#5598);
#5600=PRODUCT_CATEGORY('part','');
#5601=PRODUCT_RELATED_PRODUCT_CATEGORY('detail','',(#2920,#5565));
#5602=PRODUCT_CATEGORY_RELATIONSHIP('','',#5600,#5601);
#5603=SECURITY_CLASSIFICATION_LEVEL('unclassified');
#5604=SECURITY_CLASSIFICATION('','',#5603);
#5605=CC_DESIGN_SECURITY_CLASSIFICATION(#5604,(#2921,#5566,#5595,#2928,#5570));
#5606=APPROVAL_STATUS('approved');
#5607=APPROVAL(#5606,'');
#5608=CC_DESIGN_APPROVAL(#5607,(#5604,#2921,#5566,#5595,#2922,#5567,#5596));
#5609=CALENDAR_DATE(122,16,11);
#5610=COORDINATED_UNIVERSAL_TIME_OFFSET(8,0,.BEHIND.);
#5611=LOCAL_TIME(8,52,1.2E1,#5610);
#5612=DATE_AND_TIME(#5609,#5611);
#5613=APPROVAL_DATE_TIME(#5612,#5607);
#5614=DATE_TIME_ROLE('creation_date');
#5615=CC_DESIGN_DATE_AND_TIME_ASSIGNMENT(#5612,#5614,(#2922,#5567,#5596));
#5616=DATE_TIME_ROLE('classification_date');
#5617=CC_DESIGN_DATE_AND_TIME_ASSIGNMENT(#5612,#5616,(#5604));
#5618=PERSON('UNSPECIFIED','UNSPECIFIED',$,$,$,$);
#5619=ORGANIZATION('UNSPECIFIED','UNSPECIFIED','UNSPECIFIED');
#5620=PERSON_AND_ORGANIZATION(#5618,#5619);
#5621=APPROVAL_ROLE('approver');
#5622=APPROVAL_PERSON_ORGANIZATION(#5620,#5607,#5621);
#5623=PERSON_AND_ORGANIZATION_ROLE('creator');
#5624=CC_DESIGN_PERSON_AND_ORGANIZATION_ASSIGNMENT(#5620,#5623,(#2921,#5566,
#5595,#2922,#5567,#5596));
#5625=PERSON_AND_ORGANIZATION_ROLE('design_supplier');
#5626=CC_DESIGN_PERSON_AND_ORGANIZATION_ASSIGNMENT(#5620,#5625,(#2921,#5566,
#5595));
#5627=PERSON_AND_ORGANIZATION_ROLE('classification_officer');
#5628=CC_DESIGN_PERSON_AND_ORGANIZATION_ASSIGNMENT(#5620,#5627,(#5604));
#5629=PERSON_AND_ORGANIZATION_ROLE('design_owner');
#5630=CC_DESIGN_PERSON_AND_ORGANIZATION_ASSIGNMENT(#5620,#5629,(#5594,#2920,
#5565));
#1=COLOUR_RGB('',0.E0,4.3E-1,1.E0);
#2=COLOUR_RGB('',0.E0,6.6E-1,0.E0);
#3=COLOUR_RGB('',9.8039E-2,9.8039E-2,9.8039E-2);
#4=COLOUR_RGB('',1.80392E-1,2.7451E-1,9.8039E-2);
#5=COLOUR_RGB('',3.E-1,1.29412E-1,2.5098E-1);
#6=COLOUR_RGB('',3.13725E-1,3.13725E-1,3.13725E-1);
#7=COLOUR_RGB('',3.2E-1,4.9E-1,1.76471E-1);
#8=COLOUR_RGB('',3.5E-1,3.5E-1,3.5E-1);
#9=COLOUR_RGB('',3.92157E-1,3.92157E-1,3.92157E-1);
#10=COLOUR_RGB('',5.7E-1,0.E0,1.E0);
#11=COLOUR_RGB('',5.9E-1,3.E-1,0.E0);
#12=COLOUR_RGB('',6.E-1,6.E-1,6.E-1);
#13=COLOUR_RGB('',6.2E-1,3.3E-1,2.3E-1);
#14=COLOUR_RGB('',6.35294E-1,6.86275E-1,7.4902E-1);
#15=COLOUR_RGB('',6.66667E-1,6.66667E-1,6.66667E-1);
#16=COLOUR_RGB('',6.9E-1,0.E0,0.E0);
#17=COLOUR_RGB('',7.E-1,7.E-1,7.E-1);
#18=COLOUR_RGB('',8.23529E-1,7.05882E-1,4.31373E-1);
#19=COLOUR_RGB('',8.39216E-1,8.90196E-1,7.68627E-1);
#20=COLOUR_RGB('',8.62745E-1,4.98039E-1,3.92157E-1);
#21=COLOUR_RGB('',8.7E-1,7.5E-1,4.9E-1);
#22=COLOUR_RGB('',8.82353E-1,8.82353E-1,8.82353E-1);
#23=COLOUR_RGB('',9.80392E-1,9.80392E-1,9.80392E-1);
#24=COLOUR_RGB('',9.9E-1,1.E0,0.E0);
#25=COLOUR_RGB('',1.E0,5.E-1,0.E0);
#26=COLOUR_RGB('',1.E0,6.19608E-1,5.17647E-1);
#27=DRAUGHTING_PRE_DEFINED_COLOUR('white');
#28=COLOUR_RGB('',0.E0,5.E-1,1.E0);
#161=EDGE_CURVE('',#138,#139,#41,.T.);
#163=EDGE_CURVE('',#138,#148,#33,.T.);
#165=EDGE_CURVE('',#148,#149,#83,.T.);
#167=EDGE_CURVE('',#139,#149,#76,.T.);
#178=EDGE_CURVE('',#139,#141,#48,.T.);
#180=EDGE_CURVE('',#141,#143,#55,.T.);
#182=EDGE_CURVE('',#143,#145,#62,.T.);
#184=EDGE_CURVE('',#145,#138,#69,.T.);
#196=EDGE_CURVE('',#149,#151,#111,.T.);
#198=EDGE_CURVE('',#141,#151,#132,.T.);
#209=EDGE_CURVE('',#155,#148,#90,.T.);
#211=EDGE_CURVE('',#153,#155,#97,.T.);
#213=EDGE_CURVE('',#151,#153,#104,.T.);
#225=EDGE_CURVE('',#145,#155,#118,.T.);
#250=EDGE_CURVE('',#143,#153,#125,.T.);
#289=CIRCLE('',#288,1.25E-1);
#325=CIRCLE('',#324,1.25E-1);
#385=EDGE_CURVE('',#366,#367,#289,.T.);
#387=EDGE_CURVE('',#366,#374,#281,.T.);
#389=EDGE_CURVE('',#374,#375,#325,.T.);
#391=EDGE_CURVE('',#367,#375,#317,.T.);
#402=EDGE_CURVE('',#367,#369,#296,.T.);
#404=EDGE_CURVE('',#369,#371,#303,.T.);
#406=EDGE_CURVE('',#371,#366,#310,.T.);
#418=EDGE_CURVE('',#375,#377,#346,.T.);
#420=EDGE_CURVE('',#369,#377,#360,.T.);
#431=EDGE_CURVE('',#379,#374,#332,.T.);
#433=EDGE_CURVE('',#377,#379,#339,.T.);
#445=EDGE_CURVE('',#371,#379,#353,.T.);
#491=CIRCLE('',#490,1.25E-1);
#527=CIRCLE('',#526,1.25E-1);
#587=EDGE_CURVE('',#568,#569,#491,.T.);
#589=EDGE_CURVE('',#568,#576,#483,.T.);
#591=EDGE_CURVE('',#576,#577,#527,.T.);
#593=EDGE_CURVE('',#569,#577,#519,.T.);
#604=EDGE_CURVE('',#569,#571,#498,.T.);
#606=EDGE_CURVE('',#571,#573,#505,.T.);
#608=EDGE_CURVE('',#573,#568,#512,.T.);
#620=EDGE_CURVE('',#577,#579,#548,.T.);
#622=EDGE_CURVE('',#571,#579,#562,.T.);
#633=EDGE_CURVE('',#581,#576,#534,.T.);
#635=EDGE_CURVE('',#579,#581,#541,.T.);
#647=EDGE_CURVE('',#573,#581,#555,.T.);
#693=CIRCLE('',#692,1.25E-1);
#729=CIRCLE('',#728,1.25E-1);
#789=EDGE_CURVE('',#770,#771,#693,.T.);
#791=EDGE_CURVE('',#770,#778,#685,.T.);
#793=EDGE_CURVE('',#778,#779,#729,.T.);
#795=EDGE_CURVE('',#771,#779,#721,.T.);
#806=EDGE_CURVE('',#771,#773,#700,.T.);
#808=EDGE_CURVE('',#773,#775,#707,.T.);
#810=EDGE_CURVE('',#775,#770,#714,.T.);
#822=EDGE_CURVE('',#779,#781,#750,.T.);
#824=EDGE_CURVE('',#773,#781,#764,.T.);
#835=EDGE_CURVE('',#783,#778,#736,.T.);
#837=EDGE_CURVE('',#781,#783,#743,.T.);
#849=EDGE_CURVE('',#775,#783,#757,.T.);
#909=CIRCLE('',#908,1.25E-1);
#945=CIRCLE('',#944,1.25E-1);
#991=EDGE_CURVE('',#972,#973,#894,.T.);
#993=EDGE_CURVE('',#972,#980,#887,.T.);
#995=EDGE_CURVE('',#980,#981,#930,.T.);
#997=EDGE_CURVE('',#973,#981,#923,.T.);
#1015=EDGE_CURVE('',#973,#975,#901,.T.);
#1017=EDGE_CURVE('',#975,#977,#909,.T.);
#1019=EDGE_CURVE('',#977,#972,#916,.T.);
#1031=EDGE_CURVE('',#981,#983,#952,.T.);
#1033=EDGE_CURVE('',#975,#983,#966,.T.);
#1044=EDGE_CURVE('',#985,#980,#937,.T.);
#1046=EDGE_CURVE('',#983,#985,#945,.T.);
#1058=EDGE_CURVE('',#977,#985,#959,.T.);
#1111=CIRCLE('',#1110,1.25E-1);
#1147=CIRCLE('',#1146,1.25E-1);
#1193=EDGE_CURVE('',#1174,#1175,#1096,.T.);
#1195=EDGE_CURVE('',#1174,#1182,#1089,.T.);
#1197=EDGE_CURVE('',#1182,#1183,#1132,.T.);
#1199=EDGE_CURVE('',#1175,#1183,#1125,.T.);
#1217=EDGE_CURVE('',#1175,#1177,#1103,.T.);
#1219=EDGE_CURVE('',#1177,#1179,#1111,.T.);
#1221=EDGE_CURVE('',#1179,#1174,#1118,.T.);
#1233=EDGE_CURVE('',#1183,#1185,#1154,.T.);
#1235=EDGE_CURVE('',#1177,#1185,#1168,.T.);
#1246=EDGE_CURVE('',#1187,#1182,#1139,.T.);
#1248=EDGE_CURVE('',#1185,#1187,#1147,.T.);
#1260=EDGE_CURVE('',#1179,#1187,#1161,.T.);
#1313=CIRCLE('',#1312,1.25E-1);
#1349=CIRCLE('',#1348,1.25E-1);
#1395=EDGE_CURVE('',#1376,#1377,#1298,.T.);
#1397=EDGE_CURVE('',#1376,#1384,#1291,.T.);
#1399=EDGE_CURVE('',#1384,#1385,#1334,.T.);
#1401=EDGE_CURVE('',#1377,#1385,#1327,.T.);
#1419=EDGE_CURVE('',#1377,#1379,#1305,.T.);
#1421=EDGE_CURVE('',#1379,#1381,#1313,.T.);
#1423=EDGE_CURVE('',#1381,#1376,#1320,.T.);
#1435=EDGE_CURVE('',#1385,#1387,#1356,.T.);
#1437=EDGE_CURVE('',#1379,#1387,#1370,.T.);
#1448=EDGE_CURVE('',#1389,#1384,#1341,.T.);
#1450=EDGE_CURVE('',#1387,#1389,#1349,.T.);
#1462=EDGE_CURVE('',#1381,#1389,#1363,.T.);
#1515=CIRCLE('',#1514,1.25E-1);
#1551=CIRCLE('',#1550,1.25E-1);
#1597=EDGE_CURVE('',#1578,#1579,#1500,.T.);
#1599=EDGE_CURVE('',#1578,#1586,#1493,.T.);
#1601=EDGE_CURVE('',#1586,#1587,#1536,.T.);
#1603=EDGE_CURVE('',#1579,#1587,#1529,.T.);
#1621=EDGE_CURVE('',#1579,#1581,#1507,.T.);
#1623=EDGE_CURVE('',#1581,#1583,#1515,.T.);
#1625=EDGE_CURVE('',#1583,#1578,#1522,.T.);
#1637=EDGE_CURVE('',#1587,#1589,#1558,.T.);
#1639=EDGE_CURVE('',#1581,#1589,#1572,.T.);
#1650=EDGE_CURVE('',#1591,#1586,#1543,.T.);
#1652=EDGE_CURVE('',#1589,#1591,#1551,.T.);
#1664=EDGE_CURVE('',#1583,#1591,#1565,.T.);
#1717=CIRCLE('',#1716,1.25E-1);
#1753=CIRCLE('',#1752,1.25E-1);
#1799=EDGE_CURVE('',#1780,#1781,#1702,.T.);
#1801=EDGE_CURVE('',#1780,#1788,#1695,.T.);
#1803=EDGE_CURVE('',#1788,#1789,#1738,.T.);
#1805=EDGE_CURVE('',#1781,#1789,#1731,.T.);
#1823=EDGE_CURVE('',#1781,#1783,#1709,.T.);
#1825=EDGE_CURVE('',#1783,#1785,#1717,.T.);
#1827=EDGE_CURVE('',#1785,#1780,#1724,.T.);
#1839=EDGE_CURVE('',#1789,#1791,#1760,.T.);
#1841=EDGE_CURVE('',#1783,#1791,#1774,.T.);
#1852=EDGE_CURVE('',#1793,#1788,#1745,.T.);
#1854=EDGE_CURVE('',#1791,#1793,#1753,.T.);
#1866=EDGE_CURVE('',#1785,#1793,#1767,.T.);
#1919=CIRCLE('',#1918,1.25E-1);
#1955=CIRCLE('',#1954,1.25E-1);
#2001=EDGE_CURVE('',#1982,#1983,#1904,.T.);
#2003=EDGE_CURVE('',#1982,#1990,#1897,.T.);
#2005=EDGE_CURVE('',#1990,#1991,#1940,.T.);
#2007=EDGE_CURVE('',#1983,#1991,#1933,.T.);
#2025=EDGE_CURVE('',#1983,#1985,#1911,.T.);
#2027=EDGE_CURVE('',#1985,#1987,#1919,.T.);
#2029=EDGE_CURVE('',#1987,#1982,#1926,.T.);
#2041=EDGE_CURVE('',#1991,#1993,#1962,.T.);
#2043=EDGE_CURVE('',#1985,#1993,#1976,.T.);
#2054=EDGE_CURVE('',#1995,#1990,#1947,.T.);
#2056=EDGE_CURVE('',#1993,#1995,#1955,.T.);
#2068=EDGE_CURVE('',#1987,#1995,#1969,.T.);
#2121=CIRCLE('',#2120,1.25E-1);
#2157=CIRCLE('',#2156,1.25E-1);
#2203=EDGE_CURVE('',#2184,#2185,#2106,.T.);
#2205=EDGE_CURVE('',#2184,#2192,#2099,.T.);
#2207=EDGE_CURVE('',#2192,#2193,#2142,.T.);
#2209=EDGE_CURVE('',#2185,#2193,#2135,.T.);
#2227=EDGE_CURVE('',#2185,#2187,#2113,.T.);
#2229=EDGE_CURVE('',#2187,#2189,#2121,.T.);
#2231=EDGE_CURVE('',#2189,#2184,#2128,.T.);
#2243=EDGE_CURVE('',#2193,#2195,#2164,.T.);
#2245=EDGE_CURVE('',#2187,#2195,#2178,.T.);
#2256=EDGE_CURVE('',#2197,#2192,#2149,.T.);
#2258=EDGE_CURVE('',#2195,#2197,#2157,.T.);
#2270=EDGE_CURVE('',#2189,#2197,#2171,.T.);
#2309=CIRCLE('',#2308,1.25E-1);
#2345=CIRCLE('',#2344,1.25E-1);
#2405=EDGE_CURVE('',#2386,#2387,#2309,.T.);
#2407=EDGE_CURVE('',#2386,#2394,#2301,.T.);
#2409=EDGE_CURVE('',#2394,#2395,#2345,.T.);
#2411=EDGE_CURVE('',#2387,#2395,#2337,.T.);
#2422=EDGE_CURVE('',#2387,#2389,#2316,.T.);
#2424=EDGE_CURVE('',#2389,#2391,#2323,.T.);
#2426=EDGE_CURVE('',#2391,#2386,#2330,.T.);
#2438=EDGE_CURVE('',#2395,#2397,#2366,.T.);
#2440=EDGE_CURVE('',#2389,#2397,#2380,.T.);
#2451=EDGE_CURVE('',#2399,#2394,#2352,.T.);
#2453=EDGE_CURVE('',#2397,#2399,#2359,.T.);
#2465=EDGE_CURVE('',#2391,#2399,#2373,.T.);
#2511=CIRCLE('',#2510,1.25E-1);
#2547=CIRCLE('',#2546,1.25E-1);
#2607=EDGE_CURVE('',#2588,#2589,#2511,.T.);
#2609=EDGE_CURVE('',#2588,#2596,#2503,.T.);
#2611=EDGE_CURVE('',#2596,#2597,#2547,.T.);
#2613=EDGE_CURVE('',#2589,#2597,#2539,.T.);
#2624=EDGE_CURVE('',#2589,#2591,#2518,.T.);
#2626=EDGE_CURVE('',#2591,#2593,#2525,.T.);
#2628=EDGE_CURVE('',#2593,#2588,#2532,.T.);
#2640=EDGE_CURVE('',#2597,#2599,#2568,.T.);
#2642=EDGE_CURVE('',#2591,#2599,#2582,.T.);
#2653=EDGE_CURVE('',#2601,#2596,#2554,.T.);
#2655=EDGE_CURVE('',#2599,#2601,#2561,.T.);
#2667=EDGE_CURVE('',#2593,#2601,#2575,.T.);
#2713=CIRCLE('',#2712,1.25E-1);
#2749=CIRCLE('',#2748,1.25E-1);
#2809=EDGE_CURVE('',#2790,#2791,#2713,.T.);
#2811=EDGE_CURVE('',#2790,#2798,#2705,.T.);
#2813=EDGE_CURVE('',#2798,#2799,#2749,.T.);
#2815=EDGE_CURVE('',#2791,#2799,#2741,.T.);
#2826=EDGE_CURVE('',#2791,#2793,#2720,.T.);
#2828=EDGE_CURVE('',#2793,#2795,#2727,.T.);
#2830=EDGE_CURVE('',#2795,#2790,#2734,.T.);
#2842=EDGE_CURVE('',#2799,#2801,#2770,.T.);
#2844=EDGE_CURVE('',#2793,#2801,#2784,.T.);
#2855=EDGE_CURVE('',#2803,#2798,#2756,.T.);
#2857=EDGE_CURVE('',#2801,#2803,#2763,.T.);
#2869=EDGE_CURVE('',#2795,#2803,#2777,.T.);
#2903=(LENGTH_UNIT()NAMED_UNIT(*)SI_UNIT(.MILLI.,.METRE.));
#2905=(NAMED_UNIT(*)PLANE_ANGLE_UNIT()SI_UNIT($,.RADIAN.));
#2908=(NAMED_UNIT(*)SI_UNIT($,.STERADIAN.)SOLID_ANGLE_UNIT());
#2914=AXIS2_PLACEMENT_3D('',#2911,#2912,#2913);
#2915=ADVANCED_BREP_SHAPE_REPRESENTATION('',(#2914,#270,#472,#674,#876,#1078,
#1280,#1482,#1684,#1886,#2088,#2290,#2492,#2694,#2896),#2910);
#2922=PRODUCT_DEFINITION('design','',#2921,#2918);
#2923=PRODUCT_DEFINITION_SHAPE('','SHAPE FOR FRAME.',#2922);
#2924=SHAPE_DEFINITION_REPRESENTATION(#2923,#2915);
#2925=SHAPE_DEFINITION_REPRESENTATION(#2926,#2927);
#2926=PRODUCT_DEFINITION_SHAPE('','SHAPE FOR RQR0014B_ASM.',#5596);
#2927=SHAPE_REPRESENTATION('',(#2933,#5575,#5590),#5586);
#2928=NEXT_ASSEMBLY_USAGE_OCCURRENCE('0','Next assembly relationship','FRAME',
#5596,#2922,$);
#2929=PRODUCT_DEFINITION_SHAPE('Placement #0',
'Placement of FRAME with respect to RQR0014B_ASM',#2928);
#2937=COLOUR_RGB('',0.E0,5.E-1,1.E0);
#2964=CIRCLE('',#2963,1.25E-1);
#2993=CIRCLE('',#2992,1.25E-1);
#3022=CIRCLE('',#3021,1.25E-1);
#3058=CIRCLE('',#3057,1.25E-1);
#3087=CIRCLE('',#3086,1.25E-1);
#3116=CIRCLE('',#3115,1.25E-1);
#3152=CIRCLE('',#3151,1.25E-1);
#3181=CIRCLE('',#3180,1.25E-1);
#3210=CIRCLE('',#3209,1.25E-1);
#3239=CIRCLE('',#3238,1.25E-1);
#3275=CIRCLE('',#3274,1.25E-1);
#3304=CIRCLE('',#3303,1.25E-1);
#3333=CIRCLE('',#3332,1.25E-1);
#3530=CIRCLE('',#3529,1.25E-1);
#3552=CIRCLE('',#3551,1.25E-1);
#3574=CIRCLE('',#3573,1.25E-1);
#3596=CIRCLE('',#3595,1.25E-1);
#3618=CIRCLE('',#3617,1.25E-1);
#3640=CIRCLE('',#3639,1.25E-1);
#3662=CIRCLE('',#3661,1.25E-1);
#3684=CIRCLE('',#3683,1.25E-1);
#3706=CIRCLE('',#3705,1.25E-1);
#3728=CIRCLE('',#3727,1.25E-1);
#3750=CIRCLE('',#3749,1.25E-1);
#3772=CIRCLE('',#3771,1.25E-1);
#3794=CIRCLE('',#3793,1.25E-1);
#4495=EDGE_CURVE('',#4322,#4323,#2942,.T.);
#4497=EDGE_CURVE('',#4322,#4335,#2949,.T.);
#4499=EDGE_CURVE('',#4335,#4333,#2956,.T.);
#4501=EDGE_CURVE('',#4332,#4333,#2964,.T.);
#4503=EDGE_CURVE('',#4337,#4332,#2971,.T.);
#4505=EDGE_CURVE('',#4337,#4343,#2978,.T.);
#4507=EDGE_CURVE('',#4343,#4341,#2985,.T.);
#4509=EDGE_CURVE('',#4340,#4341,#2993,.T.);
#4511=EDGE_CURVE('',#4345,#4340,#3000,.T.);
#4513=EDGE_CURVE('',#4345,#4351,#3007,.T.);
#4515=EDGE_CURVE('',#4351,#4349,#3014,.T.);
#4517=EDGE_CURVE('',#4348,#4349,#3022,.T.);
#4519=EDGE_CURVE('',#4353,#4348,#3029,.T.);
#4521=EDGE_CURVE('',#4353,#4257,#3036,.T.);
#4523=EDGE_CURVE('',#4257,#4361,#3043,.T.);
#4525=EDGE_CURVE('',#4361,#4359,#3050,.T.);
#4527=EDGE_CURVE('',#4357,#4359,#3058,.T.);
#4529=EDGE_CURVE('',#4356,#4357,#3065,.T.);
#4531=EDGE_CURVE('',#4356,#4369,#3072,.T.);
#4533=EDGE_CURVE('',#4369,#4367,#3079,.T.);
#4535=EDGE_CURVE('',#4365,#4367,#3087,.T.);
#4537=EDGE_CURVE('',#4364,#4365,#3094,.T.);
#4539=EDGE_CURVE('',#4364,#4377,#3101,.T.);
#4541=EDGE_CURVE('',#4377,#4375,#3108,.T.);
#4543=EDGE_CURVE('',#4373,#4375,#3116,.T.);
#4545=EDGE_CURVE('',#4372,#4373,#3123,.T.);
#4547=EDGE_CURVE('',#4372,#4259,#3130,.T.);
#4549=EDGE_CURVE('',#4259,#4385,#3137,.T.);
#4551=EDGE_CURVE('',#4385,#4383,#3144,.T.);
#4553=EDGE_CURVE('',#4381,#4383,#3152,.T.);
#4555=EDGE_CURVE('',#4380,#4381,#3159,.T.);
#4557=EDGE_CURVE('',#4380,#4393,#3166,.T.);
#4559=EDGE_CURVE('',#4393,#4391,#3173,.T.);
#4561=EDGE_CURVE('',#4389,#4391,#3181,.T.);
#4563=EDGE_CURVE('',#4388,#4389,#3188,.T.);
#4565=EDGE_CURVE('',#4388,#4401,#3195,.T.);
#4567=EDGE_CURVE('',#4401,#4399,#3202,.T.);
#4569=EDGE_CURVE('',#4397,#4399,#3210,.T.);
#4571=EDGE_CURVE('',#4396,#4397,#3217,.T.);
#4573=EDGE_CURVE('',#4396,#4409,#3224,.T.);
#4575=EDGE_CURVE('',#4409,#4407,#3231,.T.);
#4577=EDGE_CURVE('',#4405,#4407,#3239,.T.);
#4579=EDGE_CURVE('',#4404,#4405,#3246,.T.);
#4581=EDGE_CURVE('',#4404,#4261,#3253,.T.);
#4583=EDGE_CURVE('',#4261,#4415,#3260,.T.);
#4585=EDGE_CURVE('',#4415,#4413,#3267,.T.);
#4587=EDGE_CURVE('',#4412,#4413,#3275,.T.);
#4589=EDGE_CURVE('',#4417,#4412,#3282,.T.);
#4591=EDGE_CURVE('',#4417,#4423,#3289,.T.);
#4593=EDGE_CURVE('',#4423,#4421,#3296,.T.);
#4595=EDGE_CURVE('',#4420,#4421,#3304,.T.);
#4597=EDGE_CURVE('',#4425,#4420,#3311,.T.);
#4599=EDGE_CURVE('',#4425,#4431,#3318,.T.);
#4601=EDGE_CURVE('',#4431,#4429,#3325,.T.);
#4603=EDGE_CURVE('',#4428,#4429,#3333,.T.);
#4605=EDGE_CURVE('',#4433,#4428,#3340,.T.);
#4607=EDGE_CURVE('',#4433,#4255,#3347,.T.);
#4609=EDGE_CURVE('',#4255,#4329,#3354,.T.);
#4611=EDGE_CURVE('',#4329,#4327,#3361,.T.);
#4613=EDGE_CURVE('',#4325,#4327,#3368,.T.);
#4615=EDGE_CURVE('',#4323,#4325,#3375,.T.);
#4626=EDGE_CURVE('',#4323,#4264,#3382,.T.);
#4628=EDGE_CURVE('',#4437,#4264,#3494,.T.);
#4630=EDGE_CURVE('',#4322,#4437,#3487,.T.);
#4641=EDGE_CURVE('',#4325,#4265,#3389,.T.);
#4643=EDGE_CURVE('',#4264,#4265,#3501,.T.);
#4655=EDGE_CURVE('',#4327,#4267,#3396,.T.);
#4657=EDGE_CURVE('',#4265,#4267,#3508,.T.);
#4669=EDGE_CURVE('',#4329,#4436,#3410,.T.);
#4671=EDGE_CURVE('',#4267,#4436,#3515,.T.);
#4682=EDGE_CURVE('',#4436,#4437,#3403,.T.);
#4686=EDGE_CURVE('',#4255,#4248,#3417,.T.);
#4688=EDGE_CURVE('',#4248,#4249,#3934,.T.);
#4690=EDGE_CURVE('',#4257,#4249,#3864,.T.);
#4693=EDGE_CURVE('',#4353,#4449,#3424,.T.);
#4695=EDGE_CURVE('',#4448,#4449,#3431,.T.);
#4697=EDGE_CURVE('',#4351,#4448,#3438,.T.);
#4700=EDGE_CURVE('',#4345,#4445,#3445,.T.);
#4702=EDGE_CURVE('',#4444,#4445,#3452,.T.);
#4704=EDGE_CURVE('',#4343,#4444,#3459,.T.);
#4707=EDGE_CURVE('',#4337,#4441,#3466,.T.);
#4709=EDGE_CURVE('',#4440,#4441,#3473,.T.);
#4711=EDGE_CURVE('',#4335,#4440,#3480,.T.);
#4737=EDGE_CURVE('',#4441,#4270,#3522,.T.);
#4739=EDGE_CURVE('',#4270,#4271,#3530,.T.);
#4741=EDGE_CURVE('',#4271,#4440,#3537,.T.);
#4752=EDGE_CURVE('',#4445,#4274,#3544,.T.);
#4754=EDGE_CURVE('',#4274,#4275,#3552,.T.);
#4756=EDGE_CURVE('',#4275,#4444,#3559,.T.);
#4767=EDGE_CURVE('',#4449,#4278,#3566,.T.);
#4769=EDGE_CURVE('',#4278,#4279,#3574,.T.);
#4771=EDGE_CURVE('',#4279,#4448,#3581,.T.);
#4781=EDGE_CURVE('',#4452,#4453,#3850,.T.);
#4783=EDGE_CURVE('',#4453,#4282,#3588,.T.);
#4785=EDGE_CURVE('',#4282,#4283,#3596,.T.);
#4787=EDGE_CURVE('',#4283,#4452,#3603,.T.);
#4797=EDGE_CURVE('',#4456,#4457,#3899,.T.);
#4799=EDGE_CURVE('',#4457,#4286,#3610,.T.);
#4801=EDGE_CURVE('',#4286,#4287,#3618,.T.);
#4803=EDGE_CURVE('',#4287,#4456,#3625,.T.);
#4813=EDGE_CURVE('',#4460,#4461,#3878,.T.);
#4815=EDGE_CURVE('',#4461,#4290,#3632,.T.);
#4817=EDGE_CURVE('',#4290,#4291,#3640,.T.);
#4819=EDGE_CURVE('',#4291,#4460,#3647,.T.);
#4829=EDGE_CURVE('',#4464,#4465,#4046,.T.);
#4831=EDGE_CURVE('',#4465,#4294,#3654,.T.);
#4833=EDGE_CURVE('',#4294,#4295,#3662,.T.);
#4835=EDGE_CURVE('',#4295,#4464,#3669,.T.);
#4845=EDGE_CURVE('',#4468,#4469,#4116,.T.);
#4847=EDGE_CURVE('',#4469,#4298,#3676,.T.);
#4849=EDGE_CURVE('',#4298,#4299,#3684,.T.);
#4851=EDGE_CURVE('',#4299,#4468,#3691,.T.);
#4861=EDGE_CURVE('',#4472,#4473,#4095,.T.);
#4863=EDGE_CURVE('',#4473,#4302,#3698,.T.);
#4865=EDGE_CURVE('',#4302,#4303,#3706,.T.);
#4867=EDGE_CURVE('',#4303,#4472,#3713,.T.);
#4877=EDGE_CURVE('',#4476,#4477,#4074,.T.);
#4879=EDGE_CURVE('',#4477,#4306,#3720,.T.);
#4881=EDGE_CURVE('',#4306,#4307,#3728,.T.);
#4883=EDGE_CURVE('',#4307,#4476,#3735,.T.);
#4893=EDGE_CURVE('',#4480,#4481,#3962,.T.);
#4895=EDGE_CURVE('',#4481,#4310,#3742,.T.);
#4897=EDGE_CURVE('',#4310,#4311,#3750,.T.);
#4899=EDGE_CURVE('',#4311,#4480,#3757,.T.);
#4909=EDGE_CURVE('',#4484,#4485,#4011,.T.);
#4911=EDGE_CURVE('',#4485,#4314,#3764,.T.);
#4913=EDGE_CURVE('',#4314,#4315,#3772,.T.);
#4915=EDGE_CURVE('',#4315,#4484,#3779,.T.);
#4925=EDGE_CURVE('',#4488,#4489,#3990,.T.);
#4927=EDGE_CURVE('',#4489,#4318,#3786,.T.);
#4929=EDGE_CURVE('',#4318,#4319,#3794,.T.);
#4931=EDGE_CURVE('',#4319,#4488,#3801,.T.);
#4942=EDGE_CURVE('',#4332,#4270,#3808,.T.);
#4955=EDGE_CURVE('',#4333,#4271,#3815,.T.);
#4980=EDGE_CURVE('',#4340,#4274,#3822,.T.);
#4993=EDGE_CURVE('',#4341,#4275,#3829,.T.);
#5018=EDGE_CURVE('',#4348,#4278,#3836,.T.);
#5031=EDGE_CURVE('',#4349,#4279,#3843,.T.);
#5056=EDGE_CURVE('',#4361,#4452,#3857,.T.);
#5060=EDGE_CURVE('',#4249,#4251,#3955,.T.);
#5062=EDGE_CURVE('',#4259,#4251,#4060,.T.);
#5065=EDGE_CURVE('',#4372,#4461,#3871,.T.);
#5068=EDGE_CURVE('',#4377,#4460,#3885,.T.);
#5071=EDGE_CURVE('',#4364,#4457,#3892,.T.);
#5074=EDGE_CURVE('',#4369,#4456,#3906,.T.);
#5077=EDGE_CURVE('',#4356,#4453,#3913,.T.);
#5090=EDGE_CURVE('',#4359,#4283,#3920,.T.);
#5103=EDGE_CURVE('',#4357,#4282,#3927,.T.);
#5126=EDGE_CURVE('',#4253,#4248,#3941,.T.);
#5128=EDGE_CURVE('',#4251,#4253,#3948,.T.);
#5140=EDGE_CURVE('',#4415,#4480,#3969,.T.);
#5143=EDGE_CURVE('',#4261,#4253,#3976,.T.);
#5148=EDGE_CURVE('',#4433,#4489,#3983,.T.);
#5151=EDGE_CURVE('',#4431,#4488,#3997,.T.);
#5154=EDGE_CURVE('',#4425,#4485,#4004,.T.);
#5157=EDGE_CURVE('',#4423,#4484,#4018,.T.);
#5160=EDGE_CURVE('',#4417,#4481,#4025,.T.);
#5173=EDGE_CURVE('',#4413,#4311,#4032,.T.);
#5186=EDGE_CURVE('',#4412,#4310,#4039,.T.);
#5209=EDGE_CURVE('',#4385,#4464,#4053,.T.);
#5216=EDGE_CURVE('',#4404,#4477,#4067,.T.);
#5219=EDGE_CURVE('',#4409,#4476,#4081,.T.);
#5222=EDGE_CURVE('',#4396,#4473,#4088,.T.);
#5225=EDGE_CURVE('',#4401,#4472,#4102,.T.);
#5228=EDGE_CURVE('',#4388,#4469,#4109,.T.);
#5231=EDGE_CURVE('',#4393,#4468,#4123,.T.);
#5234=EDGE_CURVE('',#4380,#4465,#4130,.T.);
#5247=EDGE_CURVE('',#4383,#4295,#4137,.T.);
#5260=EDGE_CURVE('',#4381,#4294,#4144,.T.);
#5283=EDGE_CURVE('',#4405,#4306,#4151,.T.);
#5296=EDGE_CURVE('',#4407,#4307,#4158,.T.);
#5321=EDGE_CURVE('',#4397,#4302,#4165,.T.);
#5334=EDGE_CURVE('',#4399,#4303,#4172,.T.);
#5359=EDGE_CURVE('',#4389,#4298,#4179,.T.);
#5372=EDGE_CURVE('',#4391,#4299,#4186,.T.);
#5397=EDGE_CURVE('',#4428,#4318,#4193,.T.);
#5410=EDGE_CURVE('',#4429,#4319,#4200,.T.);
#5435=EDGE_CURVE('',#4420,#4314,#4207,.T.);
#5448=EDGE_CURVE('',#4421,#4315,#4214,.T.);
#5473=EDGE_CURVE('',#4373,#4290,#4221,.T.);
#5486=EDGE_CURVE('',#4375,#4291,#4228,.T.);
#5511=EDGE_CURVE('',#4365,#4286,#4235,.T.);
#5524=EDGE_CURVE('',#4367,#4287,#4242,.T.);
#5551=(LENGTH_UNIT()NAMED_UNIT(*)SI_UNIT(.MILLI.,.METRE.));
#5553=(NAMED_UNIT(*)PLANE_ANGLE_UNIT()SI_UNIT($,.RADIAN.));
#5556=(NAMED_UNIT(*)SI_UNIT($,.STERADIAN.)SOLID_ANGLE_UNIT());
#5562=AXIS2_PLACEMENT_3D('',#5559,#5560,#5561);
#5563=ADVANCED_BREP_SHAPE_REPRESENTATION('',(#5562,#5544),#5558);
#5567=PRODUCT_DEFINITION('design','',#5566,#2918);
#5568=PRODUCT_DEFINITION_SHAPE('','SHAPE FOR BODY.',#5567);
#5569=SHAPE_DEFINITION_REPRESENTATION(#5568,#5563);
#5570=NEXT_ASSEMBLY_USAGE_OCCURRENCE('1','Next assembly relationship','BODY',
#5596,#5567,$);
#5571=PRODUCT_DEFINITION_SHAPE('Placement #1',
'Placement of BODY with respect to RQR0014B_ASM',#5570);
#5579=(LENGTH_UNIT()NAMED_UNIT(*)SI_UNIT(.MILLI.,.METRE.));
#5581=(NAMED_UNIT(*)PLANE_ANGLE_UNIT()SI_UNIT($,.RADIAN.));
#5584=(NAMED_UNIT(*)SI_UNIT($,.STERADIAN.)SOLID_ANGLE_UNIT());
#5590=AXIS2_PLACEMENT_3D('',#5587,#5588,#5589);
#5596=PRODUCT_DEFINITION('design','',#5595,#5592);
ENDSEC;
END-ISO-10303-21;
